Area,Year,CO2 intensity,Clean,Demand,Demand per capita,Fossil,Gas,Gas and Other Fossil,Hydro,"Hydro, Bioenergy and Other Renewables",Net Imports,Renewables,Solar,Total Generation,Total emissions,Wind and Solar,CO2 intensity_log,CO2 intensity_log_diff,Clean_log,Clean_log_diff,Demand_log,Demand_log_diff,Demand per capita_log,Demand per capita_log_diff,Fossil_log,Fossil_log_diff,Gas_diff,Gas and Other Fossil_log,Gas and Other Fossil_log_diff,Hydro_log,Hydro_log_diff,"Hydro, Bioenergy and Other Renewables_log","Hydro, Bioenergy and Other Renewables_log_diff",Net Imports_diff,Renewables_log,Renewables_log_diff,Total Generation_log,Total Generation_log_diff,Total emissions_log,Total emissions_log_diff,Demand_lag1,Demand_lag2,Demand_lag3,Demand_rolling_mean,Demand_rolling_std,Demand_diff,Fossil_to_Renewables,Demand_growth
Algeria,2004,634.56,0.335,31.26,0.96,38.965,38.015,38.965,0.335,0.335,0.01,0.335,0.0,31.25,19.83,0.0,6.452931845331431,0.0007409451330193,-1.0936247471570706,-0.0650048303089958,3.4423393249933305,0.055240867710677,-0.0408219945202551,0.0425596144187958,3.662663807295525,0.0203519889979229,0.8149999999999977,3.662663807295525,0.0203519889979229,-1.0936247471570706,-0.0650048303089958,-1.0936247471570706,-0.0650048303089958,0.0,-1.0936247471570706,-0.0650048303089958,3.4420193761824107,0.055259042318025,2.9871959425317045,0.0560021901152847,29.58,27.63,26.57,29.49,1.8166727828643237,1.6800000000000033,116.31343280110046,0.05679513184584195
Algeria,2005,629.31,0.615,33.99,1.03,39.8325,38.8725,39.8325,0.615,0.615,0.08,0.615,0.0,33.91,21.34,0.0,6.444623981078808,-0.0083078642526235,-0.4861330111756192,0.6074917359814513,3.5260663637080247,0.0837270387146942,0.0295588022415444,0.0703807967617995,3.684683161982527,0.0220193546870022,0.8575000000000017,3.684683161982527,0.0220193546870022,-0.4861330111756192,0.6074917359814513,-0.4861330111756192,0.6074917359814513,0.07,-0.4861330111756192,0.6074917359814513,3.523709956137547,0.0816905799551364,3.060583245873607,0.0733873033419025,31.26,29.58,27.63,31.610000000000003,2.225735833381854,2.7300000000000004,64.7682926723954,0.0873320537428024
Algeria,2006,635.82,0.275,35.31,1.05,40.9825,40.0075,40.9825,0.275,0.275,0.08,0.275,0.0,35.23,22.4,0.0,6.454915504414799,0.0102915233359919,-1.2909841813155656,-0.8048511701399463,3.564166209940295,0.0380998462322703,0.048790164169432,0.0192313619278876,3.713145146318474,0.0284619843359474,1.134999999999998,3.713145146318474,0.0284619843359474,-1.2909841813155656,-0.8048511701399463,-1.2909841813155656,-0.8048511701399463,0.0,-1.2909841813155656,-0.8048511701399463,3.561897992353146,0.0381880362155988,3.109060958860994,0.048477712987387,33.99,31.26,29.58,33.52,2.0655023602019953,1.3200000000000003,149.02727267308097,0.03883495145631066
Algeria,2007,635.92,0.2675,37.2,1.09,41.945,40.9225,41.945,0.2675,0.2675,0.01,0.2675,0.0,37.19,23.65,0.0,6.4550727692648575,0.000157264850058,-1.3186357126460757,-0.0276515313305101,3.616308761279101,0.052142551338806,0.0861776962410524,0.0373875320716203,3.736359236298258,0.0232140899797839,0.9149999999999991,3.736359236298258,0.0232140899797839,-1.3186357126460757,-0.0276515313305101,-1.3186357126460757,-0.0276515313305101,-0.07,-1.3186357126460757,-0.0276515313305101,3.6160399079369783,0.0541419155838327,3.1633631149379418,0.0543021560769476,35.31,33.99,31.26,35.5,1.6134125324913025,1.8900000000000006,156.80373825913878,0.053525913338997366
Algeria,2008,635.35,0.305,40.18,1.15,43.1475,42.16,43.1475,0.305,0.305,-0.05,0.305,0.0,40.23,25.56,0.0,6.454176028150544,-0.0008967411143139,-1.1874435023747254,0.1311922102713503,3.693369359386789,0.0770605981076872,0.1397619423751586,0.0535842461341062,3.764624478423421,0.0282652421251632,1.2374999999999972,3.764624478423421,0.0282652421251632,-1.1874435023747254,0.1311922102713503,-1.1874435023747254,0.1311922102713503,-0.06,-1.1874435023747254,0.1311922102713503,3.694612985961697,0.0785730780247182,3.241028629509334,0.0776655145713922,37.2,35.31,33.99,37.56333333333333,2.4552460840684165,2.979999999999997,141.46721306837142,0.0801075268817204
Algeria,2009,634.55,0.33,38.47,1.08,42.72,41.895,42.72,0.33,0.33,-0.03,0.33,0.0,38.5,24.43,0.0,6.452916086256173,-0.0012599418943706,-1.1086626245216111,0.0787808778531142,3.649878716764204,-0.0434906426225847,0.0769610411361284,-0.0628009012390302,3.754667194651939,-0.0099572837714818,-0.2649999999999934,3.754667194651939,-0.0099572837714818,-1.1086626245216111,0.0787808778531142,-1.1086626245216111,0.0787808778531142,0.02,-1.1086626245216111,0.0787808778531142,3.6506582412937383,-0.0439547446679582,3.195811885269649,-0.0452167442396849,40.18,37.2,35.31,38.61666666666667,1.4954040702543503,-1.7100000000000009,129.4545454153168,-0.04255848680935792
Algeria,2010,637.0,0.2,45.66,1.26,46.2825,45.1675,46.2825,0.1925,0.1925,-0.07,0.2,0.0075,45.73,29.13,0.0075,6.456769655572163,0.0038535693159902,-1.6094379124341005,-0.5007752879124892,3.821222641101649,0.1713439243374455,0.2311117209633866,0.1541506798272582,3.8347639198811945,0.080096725229255,3.2724999999999937,3.8347639198811945,0.080096725229255,-1.647659125254298,-0.5389965007326869,-1.647659125254298,-0.5389965007326869,-0.04,-1.6094379124341005,-0.5007752879124892,3.822754537669964,0.1720962963762251,3.3717685709713434,0.1759566857016943,38.47,40.18,37.2,41.43666666666667,3.75611945141967,7.189999999999998,231.4124998842937,0.1868988822459059
Algeria,2011,633.35,0.4375,51.08,1.38,48.3325,47.1575,48.3325,0.43,0.43,-0.14,0.4375,0.0075,51.22,32.44,0.0075,6.451023191929641,-0.0057464636425219,-0.8266785731844679,0.7827593392496324,3.9333930311643375,0.1121703900626891,0.3220834991691132,0.0909717782057265,3.87810421222452,0.0433402923433257,1.990000000000002,3.87810421222452,0.0433402923433257,-0.843970070294529,0.8036890549597691,-0.843970070294529,0.8036890549597691,-0.07,-0.8266785731844679,0.7827593392496324,3.9361300807713793,0.1133755431014154,3.479392229247212,0.1076236582758687,45.66,38.47,40.18,45.06999999999999,6.325669924996069,5.420000000000002,110.47428568903446,0.11870346035917656
Algeria,2012,632.75,0.4925,57.35,1.52,51.0975,49.98,51.0975,0.485,0.485,-0.05,0.4925,0.0075,57.4,36.32,0.0075,6.450075399425233,-0.0009477925044079,-0.7082608183699934,0.1184177548144744,4.04917284357538,0.1157798124110414,0.418710334858185,0.0966268356890718,3.933735572333796,0.0556313601092757,2.822499999999998,3.933735572333796,0.0556313601092757,-0.7236063880446539,0.120363682249875,-0.7236063880446539,0.120363682249875,0.09,-0.7082608183699934,0.1184177548144744,4.050044303325521,0.1139142225541416,3.5923685537330927,0.1129763244858805,51.08,45.66,38.47,51.36333333333334,5.850148146272276,6.270000000000003,103.75126901446674,0.1227486296006266
Algeria,2013,636.0,0.2875,59.8,1.56,52.725,51.705,52.725,0.28,0.28,-0.09,0.2875,0.0075,59.89,38.09,0.0075,6.455198563340122,0.0051231639148889,-1.2465324187447318,-0.5382716003747383,4.091005660956586,0.0418328173812065,0.4446858212614457,0.0259754864032606,3.9650897263648384,0.0313541540310424,1.7250000000000014,3.9650897263648384,0.0313541540310424,-1.272965675812887,-0.5493592877682334,-1.272965675812887,-0.5493592877682334,-0.0399999999999999,-1.2465324187447318,-0.5382716003747383,4.092509546276371,0.0424652429508505,3.6399517804905126,0.0475832267574198,57.35,51.08,45.66,56.07666666666666,4.497291777651608,2.4499999999999957,183.39130428403783,0.042720139494333065
Algeria,2014,637.0,0.23,64.08,1.63,54.6625,53.8475,54.6625,0.22,0.22,-0.19,0.23,0.0075,64.27,40.94,0.01,6.456769655572163,0.0015710922320408,-1.4696759700589417,-0.2231435513142099,4.160132302760104,0.0691266418035176,0.4885800148186709,0.0438941935572251,4.001177916739039,0.0360881903742003,2.1424999999999983,4.001177916739039,0.0360881903742003,-1.5141277326297755,-0.2411620568168881,-1.5141277326297755,-0.2411620568168881,-0.1,-1.4696759700589417,-0.2231435513142099,4.163092959383195,0.0705834131068234,3.712107580233144,0.0721557997426307,59.8,57.35,51.08,60.410000000000004,3.4062149080760116,4.280000000000001,237.6630433749291,0.07157190635451505
Algeria,2015,637.42,0.21,68.81,1.72,56.947500000000005,55.92,56.947500000000005,0.1425,0.1425,-0.03,0.21,0.0525,68.84,43.88,0.0675,6.457428778961949,0.0006591233897861,-1.5606477482646683,-0.0909717782057266,4.231349083214389,0.0712167804542849,0.5423242908253617,0.0537442760066907,4.0421297907733615,0.0409518740343228,2.072500000000005,4.0421297907733615,0.0409518740343228,-1.948413279273432,-0.4342855466436561,-1.948413279273432,-0.4342855466436561,0.16,-1.5606477482646683,-0.0909717782057266,4.231784971343338,0.0686920119601435,3.781458635407029,0.069351055173886,64.08,59.8,57.35,64.23,4.506872529814794,4.730000000000004,271.1785712994388,0.07381398252184779
Algeria,2016,636.4,0.3325,70.79,1.73,58.125,57.015,58.125,0.1925,0.1925,-0.25,0.3325,0.12,71.04,45.21,0.14,6.455827296463632,-0.0016014824983177,-1.1011154188862282,0.4595323293784401,4.259717747786098,0.0283686645717091,0.5481214085096876,0.0057971176843258,4.062595863907521,0.020466073134159,1.0949999999999989,4.062595863907521,0.020466073134159,-1.647659125254298,0.3007541540191336,-1.647659125254298,0.3007541540191336,-0.22,-1.1011154188862282,0.4595323293784401,4.2632430986839145,0.031458127340576,3.811318301306514,0.0298596658994845,68.81,64.08,59.8,67.89333333333333,3.4476417060553843,1.980000000000004,174.8120300226129,0.02877488737102163
Algeria,2017,634.15,0.525,75.73,1.82,60.0625,59.415000000000006,60.0625,0.0925,0.0925,-0.34,0.525,0.425,76.07,48.24,0.4325,6.452285519513438,-0.0035417769501933,-0.6443570163905132,0.456758402495715,4.327174383125731,0.0674566353396333,0.598836501088704,0.0507150925790164,4.095385686730511,0.0327898228229903,2.4000000000000057,4.095385686730511,0.0327898228229903,-2.3805466344637574,-0.7328875092094593,-2.3805466344637574,-0.7328875092094593,-0.09,-0.6443570163905132,0.456758402495715,4.33165396900921,0.0684108703252954,3.87618855241893,0.0648702511124161,70.79,68.81,64.08,71.77666666666669,3.5639491204747022,4.939999999999998,114.40476188297052,0.06978386777793477
Algeria,2018,632.7,0.6325,76.66,1.8,60.495000000000005,59.8125,60.495000000000005,0.1275,0.1275,-0.09,0.6325,0.4975,76.75,48.56,0.505,6.449996376152838,-0.0022891433606,-0.4580750583804618,0.1862819580100514,4.339380059952409,0.0122056768266771,0.5877866649021191,-0.0110498361865849,4.102560716993441,0.00717503026293,0.3974999999999937,4.102560716993441,0.00717503026293,-2.059638914383656,0.3209077200801014,-2.059638914383656,0.3209077200801014,0.25,-0.4580750583804618,0.1862819580100514,4.340553386467307,0.0088994174580969,3.8828001467512423,0.0066115943323126,75.73,70.79,68.81,74.39333333333333,3.155033016203219,0.9299999999999926,95.64426875958195,0.012280470091112994
Algeria,2019,632.77,0.6425,81.47,1.88,63.1075,62.4675,63.1075,0.14,0.14,-0.14,0.6425,0.495,81.61,51.64,0.5025,6.450107006985765,0.0001106308329266,-0.4423884622127622,0.0156865961676995,4.400234854322551,0.060854794370142,0.6312717768418578,0.0434851119397386,4.1448396214380425,0.0422789044446014,2.655000000000001,4.1448396214380425,0.0422789044446014,-1.9661128563728327,0.0935260580108232,-1.9661128563728327,0.0935260580108232,-0.05,-0.4423884622127622,0.0156865961676995,4.401951803481151,0.0613984170138444,3.944296565978442,0.0614964192271991,76.66,75.73,70.79,77.95333333333333,3.0808169912106815,4.810000000000002,98.22178986798106,0.0627445864857814
Algeria,2020,632.61,0.6525,79.31,1.8,62.2525,61.6,62.2525,0.08,0.08,-0.06,0.6525,0.5650000000000001,79.37,50.21,0.5725,6.4498541185240335,-0.0002528884617314,-0.4269441397852886,0.0154443224274736,4.373364224095228,-0.0268706302273225,0.5877866649021191,-0.0434851119397386,4.13119869518097,-0.0136409262570724,-0.8674999999999997,4.13119869518097,-0.0136409262570724,-2.525728644308256,-0.5596157879354229,-2.525728644308256,-0.5596157879354229,0.08,-0.4269441397852886,0.0154443224274736,4.374120463102784,-0.0278313403783672,3.916214210046614,-0.0280823559318279,81.47,76.66,75.73,79.14666666666666,2.4091561454858943,-2.1599999999999966,95.4061302535776,-0.026512826807413736
Algeria,2021,633.53,0.575,84.45,1.89,65.28999999999999,64.64,65.28999999999999,0.0375,0.0375,-1.15,0.575,0.53,85.6,54.23,0.5375,6.451307354598894,0.0014532360748606,-0.5533852381847867,-0.126441098399498,4.436159643253809,0.0627954191585811,0.636576829071551,0.0487901641694319,4.178838885198542,0.0476401900175718,3.039999999999999,4.178838885198542,0.0476401900175718,-3.283414346005772,-0.7576857016975165,-3.283414346005772,-0.7576857016975165,-1.09,-0.5533852381847867,-0.126441098399498,4.449685283147696,0.0755648200449119,3.993234260852969,0.0770200508063552,79.31,81.47,76.66,81.74333333333334,2.5808784034379677,5.140000000000001,113.54782606720907,0.06480897743033665
Algeria,2022,633.65,0.6074999999999999,88.9,1.96,68.155,67.495,68.155,0.0425,0.0425,-2.57,0.6074999999999999,0.5575,91.47,57.96,0.565,6.451496751528073,0.000189396929179,-0.4984031037674336,0.054982134417353,4.487512142519859,0.0513524992660494,0.6729444732424258,0.0363676441708747,4.221784523022806,0.042945637824264,2.855000000000004,4.221784523022806,0.042945637824264,-3.158251203051766,0.1251631429540061,-3.158251203051766,0.1251631429540061,-1.42,-0.4984031037674336,0.054982134417353,4.516011049668273,0.0663257665205767,4.059753117452481,0.066518856599512,84.45,79.31,81.47,84.22000000000001,4.799135338787522,4.450000000000003,112.18930039305528,0.052693901716992286
Algeria,2023,633.65,0.6224999999999999,94.02,2.04,70.1125,69.46000000000001,70.1125,0.0425,0.0425,-2.28,0.6224999999999999,0.5675,96.3,61.02,0.58,6.451496751528073,0.0,-0.4740116506432744,0.0243914531241591,4.5435075255959845,0.0559953830761257,0.712949807856125,0.0400053346136992,4.250101094834455,0.0283165718116489,1.9650000000000036,4.250101094834455,0.0283165718116489,-3.158251203051766,0.0,-3.158251203051766,0.0,0.29,-0.4740116506432744,0.0243914531241591,4.56746831880408,0.051457269135807,4.111201679288524,0.0514485618360422,88.9,84.45,79.31,89.12333333333333,4.788907321439052,5.11999999999999,112.63052207026016,0.057592800899887386
Austria,2000,203.39,32.5175,58.27,7.27,14.2625,6.3325,8.545,31.1475,32.4575,-1.37,32.5175,0.0,59.64,12.13,0.06,5.315125318197404,-1.1363714333306696,3.4817784059557586,3.955790056599033,4.065087381154983,-0.4784201444410012,1.983756291545428,1.2708064836893027,2.657633715188194,-1.5924673796462607,-63.12750000000001,2.1453463165675544,-2.1047547782669005,3.4387339851908814,6.596985188242647,3.479931541252271,6.6381827443040375,0.9099999999999996,3.4817784059557586,3.955790056599033,4.088326489896538,-0.479141828907542,2.495681722955959,-1.6155199563325646,94.02,88.9,84.45,80.39666666666668,19.332501993620294,-35.74999999999999,0.4386099792405978,-0.3802382471814507
Austria,2001,229.09,31.3375,61.2,7.61,16.365,7.074999999999999,9.6775,29.8525,31.245,0.22,31.3375,0.01,60.98,13.97,0.0925,5.434114939445257,0.1189896212478531,3.444815463484412,-0.0369629424713466,4.11414718951828,0.0490598083632969,2.0294631718735947,0.0457068803281668,2.795144907953144,0.1375111927649497,0.7424999999999997,2.2698036034696663,0.1244572869021118,3.3962685884254027,-0.0424653967654786,3.4418593633810453,-0.0380721778712258,1.59,3.444815463484412,-0.0369629424713466,4.110545941560109,0.0222194516635712,2.6369121732688705,0.1412304503129116,58.27,94.02,88.9,71.16333333333334,19.848592729292744,2.9299999999999997,0.5222177901858086,0.050283164578685424
Austria,2002,226.13,31.18,61.33,7.59,16.345,7.529999999999999,9.9,29.76,31.05,0.7,31.18,0.01,60.63,13.71,0.13,5.421110055134903,-0.0130048843103542,3.43977686362963,-0.0050385998547812,4.116269119637892,0.0021219301196122,2.0268315914075385,-0.0026315804660561,2.7939220401761737,-0.0012228677769701,0.455,2.292534757140544,0.0227311536708776,3.393165209964891,-0.0031033784605116,3.435598808379488,-0.0062605550015573,0.48,3.43977686362963,-0.0050385998547812,4.10478982008364,-0.0057561214764696,2.6181254935742237,-0.0187866796946472,61.2,58.27,94.02,60.26666666666667,1.730385313545287,0.12999999999999545,0.5242142398956888,0.00212418300653594
Austria,2003,282.39,27.5125,63.58,7.83,20.29,9.2925,12.0325,25.7075,27.1675,5.61,27.5125,0.0125,57.97,16.37,0.345,5.643289094227239,0.2221790390923361,3.31464044685258,-0.1251364167770505,4.152298955482657,0.0360298358447641,2.057962510002712,0.0311309185951733,3.010128153837724,0.2162061136615496,1.762500000000001,2.4876113221951277,0.1950765650545833,3.2467827781212084,-0.1463824318436826,3.3020214059548696,-0.1335774024246183,4.91,3.31464044685258,-0.1251364167770505,4.059925635351641,-0.0448641847319981,2.7954503913830435,0.1773248978088202,61.33,61.2,58.27,62.03666666666667,1.3381454828729198,2.25,0.7374829622871878,0.0366867764552421
Austria,2004,259.34,29.535,64.93,7.94,19.2625,8.855,11.715,27.16,28.76,3.08,29.535,0.02,61.85,16.04,0.7749999999999999,5.5581399421207385,-0.0851491521065002,3.3855760007591984,0.0709355539066183,4.173309766520395,0.0210108110377387,2.0719132752590443,0.0139507652563324,2.958160200646234,-0.0519679531914891,-0.4375,2.460870071959759,-0.0267412502353683,3.3017453026904957,0.0549625245692868,3.358985532852846,0.0569641268979763,-2.53,3.3855760007591984,0.0709355539066183,4.124712098838497,0.0647864634868558,2.7750856024383683,-0.0203647889446751,63.58,61.33,61.2,63.28000000000001,1.818653347947289,1.3500000000000085,0.6521923142012792,0.021233092167348255
Austria,2005,254.0,30.020000000000003,66.99,8.14,19.765,10.2425,12.99,26.855,28.94,2.62,30.020000000000003,0.0175,64.37,16.35,1.08,5.537334267018537,-0.0208056751022018,3.401863826205316,0.0162878254461174,4.204543354520176,0.0312335879997807,2.096790180014449,0.0248769047554047,2.9839126967486487,0.0257524961024144,1.3874999999999993,2.5641798306825083,0.1033097587227493,3.290452023357423,-0.0112932793330724,3.365224721203338,0.0062391883504919,-0.4599999999999999,3.401863826205316,0.0162878254461174,4.164647686064525,0.0399355872260276,2.7942278973432626,0.0191422949048942,64.93,63.58,61.33,65.16666666666667,1.7172749731284214,2.059999999999988,0.6583944037286529,0.03172647466502365
Austria,2006,253.01,30.559999999999995,68.55,8.29,18.565,8.615,11.605,26.415,29.1525,6.34,30.559999999999995,0.02,62.21,15.74,1.4075,5.5334290136381,-0.0039052533804362,3.41969196429832,0.0178281380930038,4.227563406008323,0.0230200514881468,2.115049969147204,0.0182597891327542,2.921278087629044,-0.062634609119605,-1.6274999999999995,2.451436039726401,-0.1127437909561077,3.273932030616279,-0.0165199927411436,3.372540672412351,0.007315951209013,3.72,3.41969196429832,0.0178281380930038,4.130515758526928,-0.0341319275375964,2.756205242989257,-0.0380226543540054,66.99,64.93,63.58,66.82333333333334,1.8157459440497916,1.5600000000000023,0.6074934554953945,0.02328705776981632
Austria,2007,232.69,32.192499999999995,68.85,8.3,16.9175,7.99,10.68,27.2225,30.595,6.02,32.192499999999995,0.02,62.83,14.62,1.5975,5.449707095598856,-0.0837219180392443,3.4717335061658017,0.052041541867482,4.231930225174664,0.004366819166341,2.1162555148025524,0.001205545655349,2.828348589124244,-0.0929294985047999,-0.625,2.3683728335320486,-0.0830632061943519,3.304043837238079,0.0301118066217997,3.420836596914504,0.048295924502153,-0.3200000000000003,3.4717335061658017,0.052041541867482,4.140432666414855,0.009916907887927,2.6823904543216326,-0.0738147886676245,68.55,66.99,64.93,68.13000000000001,0.9985990186255914,0.29999999999999716,0.5255106002934674,0.004376367614879584
Austria,2008,220.41,32.7725,69.24,8.32,16.8225,8.9575,11.605,27.805,31.21,4.86,32.7725,0.0275,64.38,14.19,1.5625,5.395489448300296,-0.05421764729856,3.489589749089827,0.0178562429240254,4.237578730308009,0.0056485051333448,2.1186622548331173,0.0024067400305649,2.8227172760803363,-0.0056313130439074,0.9674999999999994,2.451436039726401,0.0830632061943519,3.3252158606395272,0.0211720234014483,3.440738556282688,0.0199019593681839,-1.1599999999999993,3.489589749089827,0.0178562429240254,4.164803025870662,0.0243703594558066,2.6525374911719517,-0.0298529631496813,68.85,68.55,66.99,68.88000000000001,0.34597687784015996,0.39000000000000057,0.5133114654038804,0.005664488017429248
Austria,2009,195.89,34.055,66.99,8.03,16.0725,9.99,12.4475,29.067500000000003,32.53,0.78,34.055,0.045,66.21,12.97,1.525,5.277553277195309,-0.1179361711049873,3.5279768646932816,0.0383871156034545,4.204543354520176,-0.0330353757878327,2.0831845279586703,-0.035477726874447,2.777109737033705,-0.0456075390466312,1.0325000000000006,2.5215197995342007,0.0700837598078001,3.3696207115606263,0.044404850921099,3.48216274048526,0.0414241842025719,-4.08,3.5279768646932816,0.0383871156034545,4.192831508936755,0.0280284830660928,2.5626389983283526,-0.0898984928435986,69.24,68.85,68.55,68.36,1.2023726543796678,-2.25,0.4719571281736252,-0.032495667244367366
Austria,2010,226.78,32.3525,70.26,8.4,18.9025,11.375,14.33,27.18,30.7375,2.44,32.3525,0.0775,67.82,15.38,1.615,5.423980384543694,0.1464271073483853,3.476691297713688,-0.0512855669795935,4.252202646837681,0.0476592923175047,2.128231705849268,0.0450471778905976,2.939294188450288,0.1621844514165831,1.3849999999999998,2.6623552418400807,0.1408354423058799,3.302481408722997,-0.0671393028376288,3.425483407542311,-0.0566793329429491,1.66,3.476691297713688,-0.0512855669795935,4.2168571366974925,0.0240256277607375,2.733067964077498,0.1704289657491453,66.99,69.24,68.85,68.83,1.6731108749870827,3.2700000000000102,0.5842670581853512,0.048813255709807546
Austria,2011,238.59,31.3075,70.4,8.39,18.495,10.3925,13.3525,25.82,29.6025,8.2,31.3075,0.1575,62.2,14.84,1.705,5.474746597637154,0.0507662130934596,3.4438576854560505,-0.0328336122576375,4.254193263163997,0.0019906163263163,2.127040520479115,-0.0011911853701529,2.917500425284417,-0.0217937631658706,-0.9825,2.591703633231788,-0.0706516086082924,3.2511493854184965,-0.0513320233045009,3.3878588172229747,-0.0376245903193361,5.76,3.4438576854560505,-0.0328336122576375,4.130354999745133,-0.086502136952359,2.6973262377392344,-0.0357417263382635,70.26,66.99,69.24,69.21666666666668,1.9296199971324413,0.14000000000000057,0.5907530144515188,0.00199259891830339
Austria,2012,185.87,36.215,71.45,8.47,14.9,8.15,10.8525,30.5175,34.0625,2.8,36.215,0.3,68.65,12.76,2.1525,5.225047504620262,-0.2496990930168916,3.589473397647289,0.1456157121912387,4.268997904375876,0.0148046412118789,2.136530508663963,0.009489988184848,2.7013612129514133,-0.2161392123330041,-2.2425,2.3843954681916117,-0.2073081650401769,3.418300289561817,0.167150904143321,3.528197072423463,0.1403382552004881,-5.4,3.589473397647289,0.1456157121912387,4.229021132213981,0.0986661324688471,2.546315277916644,-0.1510109598225906,70.4,70.26,66.99,70.70333333333335,0.6504101270225144,1.0499999999999972,0.411431727183732,0.014914772727272707
Austria,2013,173.35,37.005,71.82,8.47,12.83,6.0825000000000005,8.8375,30.375,34.0025,7.27,37.005,0.5675,64.55,11.19,3.0025,5.155312672131032,-0.0697348324892299,3.6110530386494295,0.0215796410021402,4.274162988797936,0.0051650844220603,2.136530508663963,0.0,2.551786178627545,-0.1495750343238682,-2.0675,2.179004031222691,-0.2053914369689202,3.4136199016607125,-0.004680387901105,3.526434051324771,-0.0017630210986916,4.47,3.6110530386494295,0.0215796410021402,4.167440117292651,-0.0615810149213293,2.4150205223238337,-0.1312947555928101,71.45,70.4,70.26,71.22333333333334,0.7366365001365754,0.36999999999999034,0.346709904066081,0.005178446466060027
Austria,2014,150.45,37.91,70.82,8.29,10.8325,5.1875,7.8975,30.535,34.1175,9.27,37.91,0.725,61.55,9.26,3.7925,5.013630803076055,-0.1416818690549774,3.635214929528244,0.0241618908788141,4.2601414466837575,-0.0140215421141789,2.115049969147204,-0.0214805395167596,2.3825508746319275,-0.1692353039956176,-0.8950000000000005,2.0665462536941037,-0.1124577775285877,3.418873566675098,0.0052536650143855,3.529810449130132,0.0033763978053604,2.0,3.635214929528244,0.0241618908788141,4.119849852630463,-0.0475902646621886,2.225704048658088,-0.1893164736657455,71.82,71.45,70.4,71.36333333333334,0.5056019514731692,-1.0,0.2857425481395786,-0.01392369813422445
Austria,2015,172.06,36.27,71.84,8.31,12.9275,6.9750000000000005,10.0925,27.96,31.605,10.06,36.27,0.86,61.78,10.63,4.665,5.147843253193202,0.1342124501171477,3.590990953294811,-0.0442239762334324,4.274441423993944,0.0142999773101868,2.1174596088673567,0.0024096397201534,2.55935682528824,0.1768059506563122,1.7875000000000003,2.3117925737449587,0.2452463200508554,3.3307749173656096,-0.0880986493094884,3.453315335924262,-0.0764951132058695,0.7900000000000009,3.590990953294811,-0.0442239762334324,4.123579687490436,0.003729834859973,2.363680192353857,0.1379761436957687,70.82,71.82,71.45,71.49333333333334,0.5832095106679005,1.0200000000000102,0.3564240419069301,0.01440271109855984
Austria,2016,154.62,37.815,72.03,8.24,12.1775,7.4475,10.235,29.165,32.8075,7.16,37.815,0.9875,64.87,10.03,5.0075,5.0409704938923285,-0.1068727593008738,3.632705849307993,0.0417148960131816,4.277082698901271,0.0026412749073267,2.10900034392138,-0.0084592649459764,2.4995899866985605,-0.0597668385896792,0.4724999999999992,2.325813219113253,0.0140206453682942,3.372969360205601,0.0421944428399911,3.4906571477883044,0.0373418118640422,-2.9000000000000004,3.632705849307993,0.0417148960131816,4.172385267224964,0.0488055797345285,2.305580601973844,-0.0580995903800127,71.84,70.82,71.82,71.56333333333335,0.6507175526551437,0.18999999999999773,0.3220282956490228,0.0026447661469932715
Austria,2017,162.92,37.21,73.64,8.37,13.6375,9.1325,11.9625,27.605,31.255000000000003,6.55,37.21,1.1225,67.09,10.93,5.955,5.0932592827802114,0.0522887888878829,3.6165775423585313,-0.0161283069494615,4.299188356364877,0.022105657463606,2.124653884501384,0.0156535405800037,2.612823351159189,0.1132333644606284,1.6850000000000005,2.4817767567790727,0.1559635376658197,3.317996915736008,-0.0549724444695929,3.442179363383776,-0.0484777844045285,-0.6100000000000003,3.6165775423585313,-0.0161283069494615,4.206035001574797,0.0336497343498329,2.391511302188447,0.085930700214603,72.03,71.84,70.82,72.50333333333334,0.98895567814416,1.6099999999999994,0.3665009406063786,0.022351797862002032
Austria,2018,157.88,37.485,73.62,8.33,12.775,8.545,11.03,27.8125,31.535,8.95,37.485,1.3125,64.67,10.21,5.95,5.061835250794647,-0.0314240319855647,3.6239408529550254,0.007363310596494,4.298916727950875,-0.0002716284140023,2.1198634561787517,-0.0047904283226327,2.547490136089768,-0.0653332150694208,-0.5875000000000004,2.400618833265411,-0.0811579235136616,3.325485559926459,0.0074886441904511,3.4510980401156144,0.0089186767318385,2.3999999999999995,3.6239408529550254,0.007363310596494,4.169297415458502,-0.0367375861162955,2.3233676321765744,-0.0681436700118727,73.64,72.03,71.84,73.09666666666668,0.9238145557056555,-0.01999999999999602,0.34080298786090224,-0.00027159152634437245
Austria,2019,152.78,38.7125,73.82,8.31,13.21,9.2175,11.8775,28.54,31.9175,3.13,38.7125,1.47,70.69,10.8,6.795,5.028998978113214,-0.0328362726814326,3.656162545299321,0.0322216923442955,4.301629697601852,0.0027129696509771,2.1174596088673567,-0.0024038473113945,2.580974118534234,0.0334839824444657,0.6725000000000012,2.4746458540789398,0.0740270208135283,3.3513066120486905,0.0258210521222315,3.463154448712369,0.0120564085967544,-5.819999999999999,3.656162545299321,0.0322216923442955,4.258304120182863,0.089006704724361,2.379546134130174,0.0561785019535996,73.62,73.64,72.03,73.69333333333334,0.11015141094736138,0.19999999999998863,0.34123345172659675,0.002716653083401077
Austria,2020,133.4,39.75,71.24,7.99,11.515,8.445,11.0375,29.615,32.985,2.2,39.75,1.7825,69.04,9.21,6.765,4.893352133481524,-0.1356468446316903,3.6826098411003407,0.0264472958010197,4.266054458421461,-0.0355752391803907,2.0781907597781832,-0.0392688490891734,2.4436505332726486,-0.1373235852615852,-0.7725000000000009,2.4012985659300785,-0.0733472881488608,3.3882809897289285,0.036974377680238,3.496052912674834,0.0328984639624652,-0.9299999999999996,3.6826098411003407,0.0264472958010197,4.234686046775173,-0.0236180734076896,2.2202898502672155,-0.1592562838629585,73.82,73.62,73.64,72.89333333333335,1.4353164575568707,-2.5799999999999983,0.2896855345904662,-0.034949878081820596
Austria,2021,135.16,39.0625,74.35,8.29,11.8275,9.06,11.8275,28.1925,31.525,7.54,39.0625,2.455,66.81,9.03,7.5375,4.90645926184609,0.0131071283645658,3.665162927496621,-0.0174469136037203,4.308783672906164,0.0427292144847024,2.115049969147204,0.03685920936902,2.470427328523166,0.0267767952505173,0.6149999999999984,2.470427328523166,0.0691287625930874,3.339055985124306,-0.0492250046046227,3.4507808818509838,-0.0452720308238507,5.34,3.665162927496621,-0.0174469136037203,4.2018527699373855,-0.0328332768377874,2.200552367428894,-0.0197374828383214,71.24,73.82,73.62,73.13666666666667,1.663800869495395,3.1099999999999994,0.3027839999992249,0.04365524985962943
Austria,2022,141.06,38.5525,73.21,8.08,12.115,9.375,12.115,26.0125,29.605,8.7,38.5525,3.395,64.51,9.1,8.9475,4.949185331780033,0.0427260699339431,3.652020948749674,-0.0131419787469457,4.293332023658551,-0.0154516492476126,2.089391872533004,-0.0256580966141992,2.494444354268489,0.0240170257453229,0.3150000000000013,2.494444354268489,0.0240170257453229,3.258577191719753,-0.080478793404553,3.3879432659837394,-0.0628376158672439,1.1599999999999993,3.652020948749674,-0.0131419787469457,4.16682025054415,-0.0350325193932352,2.2082744135228043,0.0077220460939102,74.35,71.24,73.82,72.93333333333334,1.5733509886015915,-1.1400000000000006,0.314246806302278,-0.015332885003362495
Austria,2023,111.61,43.36,70.71,7.74,9.3,6.595,9.3,28.512500000000003,31.8175,-0.07,43.36,5.5125,70.78,7.9,11.5425,4.715010651667623,-0.2341746801124093,3.769537357131391,0.1175164083817161,4.25858700561615,-0.0347450180424013,2.046401687601636,-0.042990184931368,2.2300144001592104,-0.2644299541092785,-2.78,2.2300144001592104,-0.2644299541092785,3.3503425876105064,0.0917653958907536,3.460016452884065,0.0720731869003254,-8.77,3.769537357131391,0.1175164083817161,4.259576474917317,0.0927562243731667,2.066862759472976,-0.1414116540498282,73.21,74.35,71.24,72.75666666666667,1.8618628664145935,-2.5,0.2144833948334537,-0.03414834039065706
Austria,2024,102.74,46.5925,71.77,7.87,8.6575,6.0725,8.6575,29.4675,32.9525,-6.78,46.5925,7.237500000000001,78.55,8.07,13.64,4.632201525039122,-0.0828091266285016,3.841439583972683,0.0719022268412921,4.273466561441981,0.0148795558258312,2.063058062429312,0.0166563748276757,2.15842599729444,-0.0715884028647702,-0.5225,2.15842599729444,-0.0715884028647702,3.3832879611185875,0.0329453735080811,3.495067130604484,0.0350506777204189,-6.71,3.841439583972683,0.0719022268412921,4.36373536470163,0.1041588897843128,2.0881534822818573,0.0212907228088812,70.71,73.21,74.35,71.89666666666666,1.254804101576584,1.0600000000000023,0.18581316735486222,0.01499080752368842
Egypt,2000,525.64,9.245,73.17,1.0,47.0625,34.317499999999995,47.0625,9.1625,9.18,-0.15,9.245,0.0,73.32,38.54,0.065,6.2646165677754375,1.6324150427363158,2.224082864839088,-1.617356719133595,4.292785500895938,0.0193189394539574,0.0,-2.063058062429312,3.851476505560112,1.6930505082656722,28.245,3.851476505560112,1.6930505082656722,2.2151190672127696,-1.168168893905818,2.217027204632399,-1.278039925972085,6.63,2.224082864839088,-1.617356719133595,4.294833422971505,-0.0689019417301253,3.651696662986221,1.5635431807043632,71.77,70.71,73.21,71.88333333333334,1.233909775199723,1.4000000000000057,5.090589507787014,0.019506757698202648
Egypt,2001,533.76,8.9825,80.5,1.08,50.48,37.6975,50.48,8.8475,8.865,-0.21,8.9825,0.0,80.71,43.08,0.1175,6.279946299730328,0.0153297319548899,2.195278240005537,-0.0288046248335511,4.388257184424518,0.0954716835285793,0.0769610411361284,0.0769610411361284,3.921577218232958,0.0701007126728456,3.3800000000000026,3.921577218232958,0.0701007126728456,2.1801349332374813,-0.0349841339752883,2.1821109395261717,-0.0349162651062275,-0.06,2.195278240005537,-0.0288046248335511,4.390862483336281,0.0960290603647759,3.763058852288188,0.1113621893019671,73.17,71.77,70.71,75.14666666666668,4.688670742687528,7.329999999999998,5.619816309428112,0.10017766844335108
Egypt,2002,542.97,8.48,85.45,1.12,53.4675,43.1975,53.4675,8.3325,8.35,-0.78,8.48,0.0,86.23,46.82,0.13,6.2970540697888895,0.017107770058562,2.137710449803812,-0.057567790201725,4.4479314095616,0.0596742251370825,0.1133286853070032,0.0363676441708748,3.979073992677756,0.057496774444798,5.5,3.979073992677756,0.057496774444798,2.1201635311997578,-0.0599714020377235,2.122261538862764,-0.0598494006634071,-0.5700000000000001,2.137710449803812,-0.057567790201725,4.457018144964233,0.0661556616279526,3.846310462062765,0.0832516097745772,80.5,73.17,71.77,79.70666666666666,6.178319620522626,4.950000000000003,6.305129716906779,0.06149068322981366
Egypt,2003,556.03,7.705,91.27,1.17,57.1875,46.9425,57.1875,7.52,7.5375,-0.92,7.705,0.0,92.19,51.26,0.1674999999999999,6.320822249629497,0.0237681798406077,2.041869468772079,-0.0958409810317326,4.513822146528786,0.0658907369671855,0.1570037488096647,0.0436750635026614,4.04633534303574,0.0672613503579842,3.744999999999997,4.04633534303574,0.0672613503579842,2.017566137961748,-0.1025973932380095,2.019890562053304,-0.1023709768094605,-0.14,2.041869468772079,-0.0958409810317326,4.523851664810503,0.0668335198462699,3.936910720935925,0.09060025887316,85.45,80.5,73.17,85.74000000000001,5.390853364728316,5.819999999999993,7.42212848789848,0.06811000585137506
Egypt,2004,559.9,7.5525,97.55,1.23,59.815,52.81,59.815,7.245,7.2625,-0.7,7.5525,0.0,98.25,55.01,0.29,6.327758196354847,0.00693594672535,2.02187863427869,-0.019990834493389,4.5803650670691205,0.0665429205403347,0.2070141693843261,0.0500104205746614,4.091256465622868,0.0449211225871275,5.867500000000007,4.091256465622868,0.0449211225871275,1.9803115757726455,-0.0372545621891025,1.9827241221780296,-0.037166439875274,0.22,2.02187863427869,-0.019990834493389,4.58751525074937,0.0636635859388672,4.007514986887367,0.070604265951442,91.27,85.45,80.5,91.42333333333335,6.051457124803666,6.280000000000001,7.919894074704801,0.06880683685767508
Egypt,2005,566.99,7.2475,104.16,1.28,62.9125,53.1225,62.9125,6.9425,6.96,-0.78,7.2475,0.0,104.94,59.5,0.2875,6.34034166688792,0.0125834705330731,1.9806565818136732,-0.0412220524650166,4.64592817846026,0.065563111391139,0.2468600779315258,0.0398459085471996,4.141744872102478,0.0504884064796105,0.3125,4.141744872102478,0.0504884064796105,1.937661940198817,-0.0426496355738281,1.9401794743463283,-0.0425446478317013,-0.08,1.9806565818136732,-0.0412220524650166,4.653388758258566,0.0658735075091954,4.085976312551584,0.0784613256642172,97.55,91.27,85.45,97.66000000000001,6.445703995686207,6.609999999999999,8.68057951005615,0.06776012301383916
Egypt,2006,570.21,7.1975,111.31,1.35,66.0825,56.3725,66.0825,6.829999999999999,6.847499999999999,-0.35,7.1975,0.0,111.66,63.67,0.35,6.346004714030856,0.005663047142935,1.973733743504194,-0.0069228383094794,4.712319101505135,0.0663909230448753,0.3001045924503381,0.0532445145188123,4.190903961426858,0.0491590893243794,3.25,4.190903961426858,0.0491590893243794,1.9213246735826983,-0.016337266616119,1.923883622155096,-0.0162958521912321,0.43,1.973733743504194,-0.0069228383094794,4.715458539882214,0.0620697816236486,4.153713494028934,0.0677371814773497,104.16,97.55,91.27,104.34000000000002,6.881765761779935,7.150000000000006,9.181312955759898,0.06864439324116756
Egypt,2007,567.58,7.702500000000001,119.3,1.42,68.735,58.9075,68.735,7.3025,7.32,-0.56,7.702500000000001,0.0,119.86,68.03,0.3825,6.341381708583334,-0.0046230054475211,2.041544951488686,0.0678112079844921,4.78164132910387,0.069322227598735,0.3506568716131693,0.0505522791628311,4.230258530923384,0.0393545694965258,2.5349999999999966,4.230258530923384,0.0393545694965258,1.988216755279759,0.0668920816970604,1.99061032797322,0.066726705818124,-0.21,2.041544951488686,0.0678112079844921,4.786324395030039,0.0708658551478249,4.219948784356969,0.0662352903280352,111.31,104.16,97.55,111.58999999999999,7.573882755892646,7.989999999999995,8.923726062850713,0.07178151109513964
Egypt,2008,567.39,8.0275,127.9,1.49,72.3075,61.4075,72.3075,7.495,7.5125,-0.9,8.0275,0.0,128.8,73.08,0.515,6.341046897968472,-0.0003348106148619,2.082873146981532,0.0413281954928459,4.851248708584797,0.0696073794809271,0.3987761199573678,0.0481192483441984,4.2809278582245085,0.0506693273011249,2.5,4.2809278582245085,0.0506693273011249,2.014236131554561,0.0260193762748019,2.016568299861326,0.0259579718881057,-0.3399999999999999,2.082873146981532,0.0413281954928459,4.858260813670253,0.071936418640214,4.291554731509806,0.0716059471528369,119.3,111.31,104.16,119.50333333333334,8.296868887317855,8.600000000000009,9.007474306957242,0.0720871751886003
Egypt,2009,576.45,7.3725,133.33,1.52,75.6075,63.1625,75.6075,6.79,6.8075,-0.94,7.3725,0.0,134.27,77.4,0.565,6.356888605678963,0.0158417077104902,1.9977568617072945,-0.0851162852742377,4.892827258127367,0.04157854954257,0.418710334858185,0.0199342149008172,4.325555484614069,0.0446276263895608,1.7550000000000026,4.325555484614069,0.0446276263895608,1.9154509415706047,-0.0987851899839562,1.9180249455657776,-0.0985433542955482,-0.0399999999999999,1.9977568617072945,-0.0851162852742377,4.899852698084617,0.0415918844143634,4.3489867805956814,0.0574320490858752,127.9,119.3,111.31,126.84333333333336,7.074435195359755,5.430000000000007,10.255340793350216,0.042455043002345594
Egypt,2010,582.7,7.03,142.99,1.6,81.14,69.4225,81.14,6.2575,6.275,-1.44,7.03,0.015,144.43,84.16,0.7549999999999999,6.367672474149028,0.0107838684700656,1.9501867058225733,-0.0475701558847208,4.962774697744756,0.0699474396173887,0.4700036292457356,0.0512932943875505,4.396176057778301,0.0706205731642315,6.259999999999998,4.396176057778301,0.0706205731642315,1.8337807443237923,-0.0816701972468123,1.836573485017848,-0.0814514605479299,-0.5,1.9501867058225733,-0.0475701558847208,4.972794961113076,0.0729422630284588,4.4327197489894,0.0837329683937184,133.33,127.9,119.3,134.74,7.643173424698229,9.659999999999997,11.541963015483045,0.07245181129528233
Egypt,2011,583.18,7.09,147.98,1.62,83.6775,73.5675,83.6775,6.1975,6.215,-1.58,7.09,0.11,149.56,87.22,0.8749999999999999,6.368495886553599,0.0008234124045705,1.958685340544036,0.0084986347214626,4.997077129497405,0.034302431752649,0.4824261492442928,0.0124225199985571,4.426970124153307,0.0307940663750061,4.144999999999996,4.426970124153307,0.0307940663750061,1.8241459849272088,-0.0096347593965837,1.8269657249626745,-0.0096077600551731,-0.1400000000000001,1.958685340544036,0.0084986347214626,5.007697650108913,0.034902688995837,4.46843366241462,0.0357139134252202,142.99,133.33,127.9,141.43333333333337,7.448022108811716,4.989999999999981,11.802186177548629,0.0348975452828868
Egypt,2012,587.88,6.95,162.44,1.74,89.575,77.4125,89.575,6.035,6.0525,-0.4,6.95,0.215,162.84,95.73,0.8975,6.376522845438484,0.0080269588848853,1.9387416595767009,-0.0199436809673352,5.090308702818097,0.0932315733206925,0.5538851132264376,0.0714589639821448,4.4950762631910175,0.0681061390377104,3.844999999999999,4.4950762631910175,0.0681061390377104,1.7975758545494949,-0.0265701303777137,1.8004714098300765,-0.026494315132598,1.1800000000000002,1.9387416595767009,-0.0199436809673352,5.092768123634778,0.0850704735258656,4.561531728958262,0.093098066543642,147.98,142.99,133.33,151.13666666666668,10.101932158421516,14.460000000000008,12.888489208447648,0.09771590755507509
Egypt,2013,589.17,6.91,164.68,1.73,90.72,75.405,90.72,6.0925,6.11,-0.4,6.91,0.02,165.08,97.26,0.8,6.378714766795241,0.0021919213567569,1.9329696377795784,-0.0057720217971222,5.104004196901704,0.0136954940836062,0.5481214085096876,-0.00576370471675,4.507777839979442,0.0127015767884248,-2.007499999999993,4.507777839979442,0.0127015767884248,1.807058506517224,0.0094826519677293,1.809926773183504,0.0094553633534275,0.0,1.9329696377795784,-0.0057720217971222,5.106430204884381,0.0136620812496026,4.57738780497564,0.0158560760173775,162.44,147.98,142.99,158.36666666666667,9.064575739291543,2.240000000000009,13.1287988420676,0.013789706968726945
Egypt,2014,591.86,6.795,170.56,1.75,93.585,75.74000000000001,93.585,6.1625,6.18,-0.68,6.795,0.065,171.24,101.35,0.615,6.383270120430181,0.0045553536349398,1.916187047603107,-0.0167825901764715,5.139087140977479,0.0350829440757758,0.5596157879354227,0.011494379425735,4.53887011423086,0.0310922742514172,0.3350000000000079,4.53887011423086,0.0310922742514172,1.8184825393688084,0.0114240328515842,1.8213182714695997,0.0113914982860954,-0.28,1.916187047603107,-0.0167825901764715,5.1430660812767455,0.0366358763923644,4.618579872898009,0.0411920679223696,164.68,162.44,147.98,165.89333333333335,4.193773161885895,5.8799999999999955,13.772626931364641,0.03570561088170998
Egypt,2015,592.26,7.05,181.14,1.82,98.6575,78.56,98.6575,6.0825,6.1,-0.69,7.05,0.025,181.83,107.69,0.95,6.383945727657852,0.000675607227671,1.9530276168241771,0.0368405692210702,5.199270212946803,0.0601830719693232,0.598836501088704,0.0392207131532813,4.5916542559345705,0.0527841417037109,2.819999999999993,4.5916542559345705,0.0527841417037109,1.8054157956755408,-0.0130667436932678,1.8082887711792652,-0.013029500290334,-0.0099999999999998,1.9530276168241771,0.0368405692210702,5.203072184631304,0.0600061033545582,4.679256729340789,0.0606768564427797,170.56,164.68,162.44,172.12666666666667,8.341087059451887,10.579999999999984,13.993971631007177,0.06203095684802995
Egypt,2016,592.97,7.065,187.92,1.85,101.2975,82.7475,101.2975,5.829999999999999,5.847499999999999,-0.27,7.065,0.105,188.19,111.59,1.2175,6.385143807498773,0.001198079840921,1.9551530161364907,0.0021253993123133,5.236016340350657,0.0367461274038545,0.6151856390902335,0.0163491380015294,4.618061731779322,0.0264074758447518,4.1875,4.618061731779322,0.0264074758447518,1.7630170003624008,-0.0423987953131397,1.766014219476197,-0.0422745517030684,0.4199999999999999,1.9551530161364907,0.0021253993123133,5.237452090776761,0.0343799061454577,4.71483144019761,0.0355747108568209,181.14,170.56,164.68,179.87333333333333,8.749041852303483,6.780000000000001,14.337933474673205,0.037429612454455086
Egypt,2017,594.69,6.9175,192.87,1.86,104.355,90.335,104.355,5.6275,5.645,-0.34,6.9175,0.2799999999999999,193.21,114.9,1.2725,6.38804026137023,0.0028964538714566,1.934054432678944,-0.0210985834575467,5.262016386821705,0.0260000464710481,0.62057648772511,0.0053908486348764,4.647798548043714,0.0297368162643918,7.587500000000006,4.647798548043714,0.0297368162643918,1.7276652937987502,-0.0353517065636506,1.7307701976016252,-0.0352440218745717,-0.07,1.934054432678944,-0.0210985834575467,5.263777680273292,0.0263255894965306,4.74406218485471,0.0292307446570996,187.92,181.14,170.56,187.30999999999997,5.888743499255779,4.950000000000017,15.085652330826372,0.026340996168582542
Egypt,2018,592.41,7.470000000000001,198.82,1.88,110.3175,101.815,110.3175,5.635,5.6525,-0.57,7.470000000000001,0.405,199.39,118.12,1.8175,6.384198962737328,-0.0038412986329019,2.010894999144726,0.076840566465782,5.292399892783999,0.0303835059622938,0.6312717768418578,0.0106952891167477,4.70336257187947,0.0555640238357559,11.47999999999999,4.70336257187947,0.0555640238357559,1.7289971474917396,0.0013318536929893,1.7320979251699875,0.0013277275683625,-0.2299999999999999,2.010894999144726,0.076840566465782,5.295262705818808,0.0314850255455159,4.771701056875722,0.0276388720210123,192.87,187.92,181.14,193.20333333333335,5.457639905065399,5.949999999999989,14.768072288958926,0.03084979519883846
Egypt,2019,582.49,8.867500000000001,199.78,1.86,109.8575,104.9175,109.8575,5.699999999999999,5.72,-0.79,8.867500000000001,0.9875,200.57,116.83,3.1475,6.36731201791052,-0.0168869448268074,2.18239290766564,0.171497908520914,5.297216761104004,0.0048168683200042,0.62057648772511,-0.0106952891167477,4.699184071420339,-0.0041785004591314,3.1025000000000063,4.699184071420339,-0.0041785004591314,1.7404661748405044,0.0114690273487647,1.7439688053917064,0.0118708802217186,-0.22,2.18239290766564,0.171497908520914,5.301163312997955,0.0059006071791474,4.760719886729057,-0.0109811701466648,198.82,192.87,187.92,197.15666666666667,3.7432650631986117,0.960000000000008,12.38877924993077,0.004828488079670068
Egypt,2020,569.08,10.56,197.18,1.8,106.9675,102.655,106.9675,6.0825,6.1025,-1.42,10.56,2.135,198.6,113.02,4.4575000000000005,6.344021021782966,-0.023290996127554,2.3570732782781154,0.1746803706124753,5.284117017146896,-0.0130997439571078,0.5877866649021191,-0.0327898228229909,4.672525050006324,-0.0266590214140149,-2.262500000000003,4.672525050006324,-0.0266590214140149,1.8054157956755408,0.0649496208350361,1.8086985232849784,0.0647297178932717,-0.6299999999999999,2.3570732782781154,0.1746803706124753,5.291292751611072,-0.009870561386883,4.727564794201697,-0.0331550925273598,199.78,198.82,192.87,198.59333333333333,1.3147369825800488,-2.5999999999999943,10.129498105964682,-0.013014315747322036
Egypt,2021,568.06,11.0875,208.19,1.88,111.0475,108.46,111.0475,6.2975,6.327500000000001,-1.47,11.0875,2.31,209.66,119.1,4.76,6.342227046945111,-0.001793974837855,2.405818347635698,0.0487450693575826,5.338451124287682,0.0543341071407867,0.6312717768418578,0.0434851119397386,4.709958037705219,0.037432987698895,5.804999999999993,4.709958037705219,0.037432987698895,1.840152729244628,0.0347369335690876,1.8449052134371424,0.036206690152164,-0.05,2.405818347635698,0.0487450693575826,5.345487171024427,0.0541944194133545,4.779963476361254,0.0523986821595565,197.18,199.78,198.82,201.7166666666667,5.754826959463199,11.009999999999991,10.015558060789036,0.05583730601480874
Egypt,2022,570.04,11.0975,215.15,1.91,113.71,109.45,113.71,6.170000000000001,6.2,-1.57,11.0975,2.3175,216.72,123.54,4.8975,6.345706533805012,0.0034794868599004,2.406719857726053,0.0009015100903551,5.371335459284609,0.0328843349969263,0.6471032420585384,0.0158314652166806,4.733651347636632,0.0236933099314127,0.9899999999999948,4.733651347636632,0.0236933099314127,1.8196988379172965,-0.0204538913273317,1.824549292051046,-0.0203559213860962,-0.1,2.406719857726053,0.0009015100903551,5.37860619777684,0.0331190267524128,4.816564990267753,0.0366015139064987,208.19,197.18,199.78,206.84000000000003,9.060745002483648,6.960000000000008,10.246451903489556,0.033431000528363564
Egypt,2023,571.29,11.2575,220.32,1.92,115.6625,106.9225,115.6625,6.255,6.2875000000000005,-1.6,11.2575,2.31,221.92,126.78,4.97,6.347896961638835,0.0021904278338231,2.4210345731935896,0.0143147154675364,5.395081034980345,0.0237455756957363,0.6523251860396901,0.0052219439811517,4.750676467575149,0.0170251199385171,-2.527499999999989,4.750676467575149,0.0170251199385171,1.8333811439188743,0.013682306001578,1.8385635354258576,0.0140142433748116,-0.03,2.4210345731935896,0.0143147154675364,5.402316956566521,0.0237107587896812,4.84245330085602,0.0258883105882672,215.15,208.19,197.18,214.5533333333333,6.086972427518269,5.1699999999999875,10.27426160328426,0.024029746688357
Egypt,2024,574.5,11.555,235.79,2.02,121.8925,112.625,121.8925,5.8975,5.93,-1.6,11.555,2.8775,237.39,136.38,5.625000000000001,6.35350009728881,0.0056031356499754,2.447118243726344,0.0260836705327545,5.4629415783829565,0.0678605434026113,0.7030975114131134,0.0507723253734232,4.80313950875358,0.0524630411784317,5.702500000000001,4.80313950875358,0.0524630411784317,1.774528532299693,-0.0588526116191814,1.780024213009634,-0.0585393224162236,0.0,2.447118243726344,0.0260836705327545,5.469704358289212,0.0673874017226907,4.9154451070925065,0.0729918062364864,220.32,215.15,208.19,223.75333333333333,10.739796708195614,15.469999999999999,10.548896581475129,0.07021604938271597
France,2000,79.77,166.2425,463.08,7.79,33.0025,10.9875,16.3625,25.445000000000004,26.6375,-69.48,26.6675,0.005,532.56,42.48,0.03,4.379147493923038,-1.974352603365772,5.113447565736396,2.666329322010052,6.137899825337528,0.6749582469545716,2.052840859882657,1.3497433484695436,3.496583316172777,-1.306556192580803,-101.6375,2.794992131236018,-2.0081473775175622,3.236519260040796,1.4619907277411028,3.2823199974247355,1.5022957844151017,-67.88000000000001,3.283445595517501,0.8363273517911569,6.277695567292448,0.8079912090032364,3.749033376933683,-1.1664117301588233,235.79,220.32,215.15,306.3966666666667,135.91203196675926,227.29,1.2375550763992216,0.9639509733237202
France,2001,68.63,170.11,474.21,7.92,30.58,12.675,17.4675,27.762500000000003,29.0775,-68.39,29.137500000000003,0.005,542.6,37.24,0.06,4.228729756920544,-0.1504177370024946,5.136445286621491,0.0229977208850948,6.161650261557414,0.0237504362198857,2.069391205826334,0.0165503459436777,3.420346200500916,-0.0762371156718613,1.6875,2.8603420114444686,0.0653498802084504,3.323686189220546,0.0871669291797498,3.3699646792310567,0.0876446818063212,1.0900000000000034,3.372026004361876,0.0885804088443746,6.296372400224832,0.0186768329323836,3.617383452408866,-0.131649924524817,463.08,235.79,220.32,391.02666666666664,134.5540271910633,11.129999999999995,1.0495066495030474,0.024034724021767317
France,2002,75.21,170.4575,474.21,7.86,33.7375,14.15,18.935,23.595,24.995,-77.03,25.115,0.005,551.24,41.46,0.12,4.320284200838311,0.0915544439177677,5.138485998789253,0.0020407121677621,6.161650261557414,0.0,2.061786606441115,-0.0076045993852194,3.518609978344123,0.0982637778432069,1.4749999999999996,2.9410120613537583,0.0806700499092896,3.161034825178351,-0.1626513640421949,3.218675804865533,-0.1512888743655231,-8.64,3.223465277202008,-0.1485607271598676,6.312170286006944,0.0157978857821126,3.724729107007634,0.1073456545987672,474.21,463.08,235.79,470.5,6.425908496087705,0.0,1.3433207246611854,0.0
France,2003,80.86,171.10750000000002,492.72,8.11,35.9525,14.4425,19.7725,23.1,24.57,-66.41,24.745,0.005,559.13,45.21,0.175,4.392719264212625,0.0724350633743133,5.1422920139526616,0.0038060151634082,6.199941061378788,0.0382907998213744,2.0930978681273213,0.0313112616862061,3.5821986227783977,0.0635886444342745,0.2925000000000004,2.9842920834114355,0.0432800220576772,3.139832617527748,-0.0212022076506031,3.201526186533088,-0.0171496183324455,10.620000000000005,3.2086234484038494,-0.0148418287981586,6.326382004257182,0.0142117182502374,3.811318301306514,0.0865891942988805,474.21,474.21,463.08,480.38000000000005,10.686753482704466,18.510000000000048,1.4529197817682242,0.039033339659644506
France,2004,77.19,173.2475,504.39,8.25,35.182500000000005,15.025,20.0175,23.2475,24.75,-61.91,25.02,0.005,566.3,43.71,0.2699999999999999,4.346269914961763,-0.0464493492508619,5.154721207951469,0.0124291939988072,6.223349778358947,0.0234087169801586,2.110213200346589,0.017115332219268,3.560548799888586,-0.0216498228898118,0.5824999999999996,2.996606890964652,0.0123148075532162,3.146197599370215,0.0063649818424673,3.2088254890146994,0.0072993024816114,4.5,3.219675505038765,0.0110520566349157,6.339123973119759,0.0127419688625769,3.7775769088752233,-0.0337413924312905,492.72,474.21,474.21,490.44,15.218636601223492,11.669999999999959,1.4061750599464184,0.02368485143692145
France,2005,85.53,171.9425,508.81,8.26,38.145,15.6525,21.485,20.8675,22.4025,-60.33,22.865,0.005,569.14,48.68,0.4624999999999999,4.44886719159269,0.1025972766309273,5.147160118596393,-0.0075610893550761,6.232074665920823,0.0087248875618763,2.1114245875328868,0.0012113871862973,3.641394687542193,0.0808458876536066,0.6274999999999995,3.0673550172269586,0.0707481262623068,3.038192924742755,-0.1080046746274603,3.1091725597762374,-0.099652929238462,1.5799999999999983,3.1296073571100185,-0.0900681479287466,6.344126449556254,0.0050024764364948,3.8852682681193262,0.1076913592441028,504.39,492.72,474.21,501.97333333333336,8.312775308730295,4.420000000000016,1.6682702820832356,0.008763060330299943
France,2006,76.57,173.585,503.96,8.12,34.675,14.9275,20.5325,22.2975,23.835,-63.34,24.84,0.005,567.3,43.44,1.005,4.338205355125032,-0.1106618364676581,5.156667392963123,0.0095072743667303,6.222496899842429,-0.0095777660783946,2.0943301541735866,-0.0170944333593001,3.5460189662008954,-0.0953757213412971,-0.7249999999999996,3.02200899663221,-0.0453460205947484,3.104474564558225,0.0662816398154704,3.171155088656789,0.0619825288805517,-3.010000000000005,3.212455257065278,0.0828478999552593,6.340888264332522,-0.0032381852237319,3.77138067562568,-0.1138875924936462,508.81,504.39,492.72,505.72,2.68464150308829,-4.850000000000023,1.395933977450097,-0.009532045360743702
France,2007,80.11,171.9675,505.03,8.09,35.5075,14.96,20.5175,22.66,24.345,-56.81,26.122499999999995,0.0125,561.84,45.01,1.7775,4.383400690227026,0.0451953351019938,5.147305505471121,-0.0093618874920018,6.224617833451491,0.0021209336090626,2.0906287310704004,-0.0037014231031862,3.569743941773146,0.0237249755722506,0.0325000000000006,3.0212781805217297,-0.0007308161104804,3.12060125559986,0.0161266910416348,3.1923264896346644,0.0211714009778751,6.530000000000001,3.262797011926129,0.0503417548608511,6.331217111850765,-0.0096711524817569,3.806884687304841,0.0355040116791611,503.96,508.81,504.39,505.93333333333334,2.5480646250512433,1.0699999999999932,1.359268829547864,0.002123184379712706
France,2008,76.03,174.4125,518.99,8.27,34.265,14.8725,20.0275,24.4775,26.255,-47.99,28.8275,0.0325,566.98,43.11,2.5725,4.331127999240345,-0.0522726909866806,5.161423183218325,0.0141176777472038,6.251884615157525,0.0272667817060341,2.1126345090356,0.0220057779651994,3.534124425037787,-0.035619516735359,-0.0875000000000021,2.997106329107135,-0.0241718514145947,3.197754328246089,0.077153072646229,3.2678564470898226,0.0755299574551582,8.82,3.3613297926631343,0.0985327807370053,6.340324029737025,0.0091069178862603,3.763754988759043,-0.043129698545798,505.03,503.96,508.81,509.32666666666665,8.38577565484785,13.960000000000036,1.188621975540062,0.027641922262043872
France,2009,75.6,166.25,502.94,7.97,32.91,14.78,19.35,22.675,24.525,-25.93,28.17,0.1225,528.87,39.98,3.645,4.325456283185488,-0.0056717160548576,5.113492679535963,-0.0479305036823616,6.220470878690567,-0.0314137364669582,2.075684492802124,-0.0369500162334759,3.4937765629552486,-0.0403478620825383,-0.0924999999999993,2.962692419475791,-0.0344139096313438,3.1212629960012004,-0.0764913322448888,3.1996930054514268,-0.0681634416383958,22.06,3.338257581888281,-0.0230722107748531,6.270742654965762,-0.0695813747712632,3.6883793290722537,-0.0753756596867893,518.99,505.03,503.96,508.9866666666667,8.725940254977596,-16.05000000000001,1.1682641107519762,-0.03092545135744429
France,2010,78.56,173.6325,531.65,8.38,35.8675,16.3375,21.4625,24.2875,26.267500000000005,-30.71,31.1525,0.45,562.36,44.18,4.885,4.36386266404621,0.0384063808607226,5.15694099668584,0.0434483171498767,6.275985378097095,0.0555144994065281,2.125847914493992,0.050163421691868,3.579831592990408,0.0860550300351592,1.5574999999999992,3.0663072262235938,0.1036148067478026,3.1899618147035587,0.0686988187023582,3.268332433580793,0.0686394281293667,-4.780000000000001,3.4388944988348857,0.1006369169466046,6.332142214211706,0.0613995592459444,3.788272197991971,0.0998928689197171,502.94,518.99,505.03,517.86,14.388318178303809,28.70999999999998,1.1513522189193441,0.05708434405694507
France,2011,74.62,175.17000000000002,511.24,8.02,35.955,18.575,24.7575,19.68,21.95,-56.41,28.775,1.4600000000000002,567.65,42.36,6.825,4.312408567793012,-0.0514540962531979,5.165756930963556,0.0088159342777158,6.236839147263514,-0.0391462308335812,2.081938421878423,-0.0439094926155689,3.5822681565544574,0.0024365635640495,2.2375000000000007,3.2091284734133207,0.142821247189727,2.9796028916241077,-0.2103589230794513,3.08876713952118,-0.1795652940596133,-25.7,3.359506954607946,-0.0793875442269396,6.341505031610542,0.009362817398836,3.7462045207332055,-0.0420676772587653,531.65,502.94,518.99,515.2766666666666,14.774540037965318,-20.409999999999968,1.2495221546437898,-0.03838991817925319
France,2012,77.59,176.515,523.06,8.17,35.3575,15.6375,21.98,23.91,26.2875,-44.52,35.13,2.43,567.58,44.04,8.8425,4.351438552905858,0.0390299851128457,5.173405858597954,0.0076489276343982,6.259696180238117,0.0228570329746027,2.1004689088719117,0.0185304869934883,3.565510533912518,-0.0167576226419394,-2.9375,3.090132948975475,-0.1189955244378455,3.1742967814702334,0.1946938898461261,3.2690935410288184,0.1803264015076382,11.889999999999992,3.559055466277736,0.1995485116697897,6.341381708583334,-0.0001233230272079,3.785098311854479,0.0388937911212736,511.24,531.65,502.94,521.9833333333332,10.247508640320468,11.819999999999936,1.006475946481621,0.02312025663093653
France,2013,76.29,180.2975,528.29,8.21,33.317499999999995,13.34,19.08,27.485,30.02,-48.46,39.72,2.875,576.75,44.0,9.7,4.334541868102138,-0.0168966848037195,5.194608264333884,0.0212024057359299,6.26964537535209,0.0099491951139736,2.105352923464337,0.0048840145924256,3.506082784471745,-0.0594277494407728,-2.2974999999999994,2.9486406660201405,-0.1414922829553346,3.3136404013126235,0.13934361984239,3.401863826205316,0.1327702851764973,-3.9399999999999977,3.681854839176972,0.122799372899236,6.357408897053863,0.0160271884705283,3.784189633918261,-0.0009086779362181,523.06,511.24,531.65,520.8633333333333,8.734679921636642,5.230000000000018,0.8388091641469314,0.009998852904064659
France,2014,52.22,183.335,499.12,7.72,23.975,10.8175,16.5825,25.0875,27.77,-67.19,38.6375,3.42,566.31,29.57,10.8675,3.955465563270983,-0.3790763048311554,5.211315080426176,0.0167068160922916,6.212846547802531,-0.0567988275495592,2.0438143640366846,-0.0615385594276522,3.177011620769502,-0.3290711637022432,-2.522500000000001,2.808347922417574,-0.1402927436025667,3.2223697141224568,-0.0912706871901667,3.323956301318708,-0.0779075248866076,-18.73,3.654223307458235,-0.027631531718737,6.339141631448752,-0.018267265605111,3.3867603338643857,-0.3974293000538753,528.29,523.06,511.24,516.8233333333333,15.552949345170566,-29.16999999999996,0.6205111614348223,-0.05521588521456011
France,2015,59.17,183.1975,510.08,7.86,27.64,14.455,20.435,22.595,25.4825,-64.06,38.4825,4.0725,574.14,33.97,13.000000000000002,4.080414656688602,0.1249490934176194,5.210564805858708,-0.0007502745674674,6.234567576161796,0.0217210283592645,2.061786606441115,0.0179722424044306,3.319263998899469,0.1422523781299673,3.637500000000001,3.0172491170162408,0.2089011945986669,3.117728642863243,-0.1046410712592136,3.237991942060431,-0.085964359258277,3.1299999999999955,3.6502035925020926,-0.0040197149561422,6.352873269019226,0.0137316375704745,3.5254777821724925,0.1387174483081068,499.12,528.29,523.06,512.4966666666667,14.734396266336852,10.95999999999998,0.7182485545359104,0.021958647219105565
France,2016,68.62,176.4025,517.34,7.95,31.880000000000003,19.74,25.5525,24.2675,27.55,-41.5,41.295,4.485,558.84,38.35,13.745,4.228584037430304,0.1481693807417015,5.172768315807866,-0.0377964900508427,6.248700298589961,0.0141327224281653,2.0731719286662407,0.0113853222251254,3.461978853922014,0.142714855022545,5.285000000000002,3.240735159221094,0.2234860422048532,3.1891380066042445,0.0714093637410013,3.316002535598924,0.0780105935384924,22.56,3.72074142726268,0.0705378347605876,6.325863206782286,-0.0270100622369398,3.646754527813265,0.1212767456407726,510.08,499.12,528.29,508.84666666666664,9.172400630884063,7.260000000000048,0.7720062961598935,0.014233061480552145
France,2017,78.28,173.865,516.33,7.91,35.0775,21.22,27.365,21.04,24.44,-40.13,40.115,4.9675,556.46,43.56,15.675,4.360292142527875,0.1317081050975712,5.158279136008818,-0.0144891797990478,6.246746095949999,-0.0019542026399621,2.0681277817795625,-0.0050441468866782,3.557559899286014,0.0955810453639998,1.4800000000000004,3.3092648245958816,0.0685296653747875,3.046425387869509,-0.1427126187347354,3.1962211343033946,-0.1197814012955289,1.3699999999999974,3.69175032920562,-0.0289910980570606,6.321595290324539,-0.0042679164577474,3.77413929806476,0.1273847702514947,517.34,510.08,499.12,514.5833333333334,3.9325606585839297,-1.009999999999991,0.8744235323423297,-0.0019522944291955335
France,2018,59.92,184.3325,512.93,7.83,27.520000000000003,16.8275,22.235,25.4925,29.129999999999995,-62.97,46.892500000000005,5.5575,575.9,34.51,17.7625,4.0930103392089645,-0.2672818033189106,5.216741192048346,0.0584620560395281,6.2401393836186,-0.0066067123313988,2.057962510002712,-0.0101652717768505,3.314913013065143,-0.242646886220871,-4.392500000000002,3.10166762396266,-0.2075972006332218,3.2383842912562435,0.1919589033867343,3.371768570971343,0.1755474366679483,-22.84,3.84785774795236,0.1561074187467399,6.355934034512627,0.034338744188088,3.541249137109912,-0.2328901609548479,516.33,517.34,510.08,515.5333333333333,2.3104184325446164,-3.400000000000091,0.5868742336181972,-0.006584935990548879
France,2019,59.79,181.18,508.0,7.73,28.61,20.34,25.82,23.115,26.87,-57.67,47.5275,6.2275,565.67,33.82,20.6575,4.090838422892813,-0.0021719163161515,5.1994910122411415,-0.0172501798072044,6.230481447578482,-0.0096579360401181,2.0451088625993306,-0.0128536474033813,3.3537563070620187,0.0388432939968756,3.5124999999999997,3.2511493854184965,0.1494817614558368,3.1404817574401886,-0.0979025338160548,3.2910104226274,-0.0807581483439432,5.299999999999997,3.8613084908836446,0.0134507429312851,6.338010869300669,-0.0179231652119575,3.5210523434704344,-0.0201967936394775,512.93,516.33,517.34,512.42,4.188352898229562,-4.92999999999995,0.6019672820985703,-0.00961144795586133
France,2020,59.08,173.1375,482.38,7.32,26.6275,18.9075,24.12,25.045,28.85,-45.04,52.13,6.8625,527.42,31.16,23.28,4.078892457663179,-0.0119459652296338,5.154086076501217,-0.0454049357399242,6.178732185183694,-0.0517492623947877,1.99061032797322,-0.0544985346261104,3.281944516335184,-0.0718117907268349,-1.432500000000001,3.1830413718589847,-0.0681080135595117,3.2206742068095804,0.0801924493693917,3.3621099929541085,0.0710995703267087,12.630000000000004,3.953740598780015,0.0924321078963701,6.267997195081096,-0.0700136742195738,3.439135221002548,-0.0819171224678867,508.0,512.93,516.33,501.1033333333333,16.40117780323839,-25.620000000000005,0.5107903318616712,-0.050433070866141794
France,2021,59.79,179.8,505.56,7.65,26.7225,18.0575,23.2675,24.0325,28.1225,-44.89,51.9225,8.0825,550.45,32.91,23.8,4.090838422892813,0.0119459652296338,5.19184512203752,0.037759045536303,6.225666725778925,0.046934540595231,2.0347056478384444,0.0440953198652243,3.285505907165964,0.0035613908307801,-0.8499999999999979,3.1470575370777283,-0.0359838347812564,3.179407080957834,-0.0412671258517463,3.336569967684844,-0.0255400252692643,0.1499999999999985,3.949752222238153,-0.0039883765418617,6.310736125516412,0.0427389304353162,3.4937765629552486,0.0546413419527009,482.38,508.0,512.93,498.6466666666667,14.140075435917591,23.180000000000007,0.5146612740131645,0.048053401882333535
France,2022,78.55,156.1875,483.43,7.29,31.7025,23.442500000000003,28.9025,20.14,24.35,14.94,51.0725,9.8675,468.49,36.8,26.722500000000004,4.36373536470163,0.2728969418088169,5.051057208595172,-0.1407879134423488,6.180906526749177,-0.0447601990297483,1.986503546020567,-0.0482021018178775,3.4563955421269177,0.1708896349609538,5.385000000000002,3.3639280965673395,0.2168705594896112,3.0027078872904163,-0.1766991936674178,3.192531849528599,-0.1440381181562453,59.83,3.9332461918796713,-0.0165060303584816,6.149514756733493,-0.1612213687829191,3.605497845174885,0.1117212822196367,505.56,482.38,508.0,490.45666666666665,13.090402336576195,-22.129999999999995,0.6207352293296378,-0.04377324155392037
France,2023,55.28,175.6575,467.12,7.03,23.7675,16.735,22.1925,23.39,27.6325,-50.47,59.01499999999999,11.12,517.59,28.61,31.3825,4.012411179459415,-0.3513241852422153,5.168536076348528,0.1174788677533564,6.146586183975282,-0.0343203427738947,1.9501867058225733,-0.0363168401979934,3.1683191012510483,-0.2880764408758693,-6.707500000000003,3.099754393960337,-0.2641737026070023,3.1523085805960878,0.149600693305671,3.3189926162029733,0.1264607666743744,-65.41,4.077791648881032,0.1445454570013606,6.249183423061882,0.0996686663283892,3.3537563070620187,-0.2517415381128667,483.43,505.56,482.38,485.37000000000006,19.293291580238613,-16.310000000000002,0.4027365923910824,-0.03373807997021283
France,2024,44.14,190.69,467.71,7.03,19.415,12.28,18.03,27.005,31.475,-89.85,63.0375,12.605,557.56,24.61,31.5625,3.7873664008285903,-0.2250447786308242,5.250649072846535,0.0821129964980071,6.147848445730547,0.0012622617552651,1.9501867058225733,0.0,2.9660459631836305,-0.2022731380674178,-4.454999999999998,2.8920370372152258,-0.2077173567451113,3.2960220340448543,0.1437134534487669,3.449193579930411,0.1302009637274377,-39.38,4.143729787402844,0.0659381385218118,6.323570120861685,0.0743866977998033,3.2031528644029645,-0.1506034426590541,467.12,483.43,505.56,472.75333333333333,9.250969318587073,0.589999999999975,0.307991275034213,0.001263058742935419
Morocco,2000,759.12,1.91,16.03,0.56,29.865,0.0,7.98,1.7699999999999998,1.7699999999999998,2.33,1.91,0.0025,13.7,10.4,0.14,6.632159867665503,2.8447934668369124,0.6471032420585385,-4.603545830787997,2.7744619666214616,-3.3733864791090857,-0.579818495252942,-2.5300052010755154,3.396687226184269,0.4306412630006386,-12.28,2.0769384114617173,-0.8150986257535084,0.5709795465857377,-2.725042487459117,0.5709795465857377,-2.878214033344673,92.18,0.6471032420585385,-3.4966265453443053,2.617395832834079,-3.706174288027606,2.341805806147327,-0.8613470582556375,467.71,467.12,483.43,316.9533333333333,260.6074182239129,-451.67999999999995,15.636125653631616,-0.9657266254730495
Morocco,2001,769.23,2.2950000000000004,17.14,0.6,30.442500000000003,0.0,4.955,1.89,1.89,1.54,2.2950000000000004,0.0025,15.6,12.0,0.405,6.645390014514146,0.0132301468486435,0.8307328435125086,0.1836296014539701,2.8414149131696336,0.0669529465481719,-0.5108256237659907,0.0689928714869513,3.4158396583990256,0.0191524322147564,0.0,1.6003971677819513,-0.476541243679766,0.636576829071551,0.0655972824858133,0.636576829071551,0.0655972824858133,-0.79,0.8307328435125086,0.1836296014539701,2.747270914255491,0.129875081421412,2.4849066497880004,0.1431008436406733,16.03,467.71,467.12,166.96,260.4577315035975,1.1099999999999994,13.264705881774958,0.06924516531503433
Morocco,2002,765.56,2.2750000000000004,16.47,0.56,30.227500000000003,0.0,5.5600000000000005,1.8975,1.8975,1.37,2.2750000000000004,0.0025,15.1,11.56,0.3775,6.640607592169872,-0.0047824223442738,0.8219800524029139,-0.0087527911095947,2.8015405441895487,-0.0398743689800848,-0.579818495252942,-0.0689928714869513,3.408752106066265,-0.0070875523327607,0.0,1.7155981082624912,0.1152009404805398,0.640537230287648,0.0039604012160969,0.640537230287648,0.0039604012160969,-0.1699999999999999,0.8219800524029139,-0.0087527911095947,2.714694743820879,-0.0325761704346123,2.4475508632442318,-0.037355786543769,17.14,16.03,467.71,16.546666666666667,0.5589573627461722,-0.6700000000000017,13.28681318622915,-0.0390898483080514
Morocco,2003,735.01,3.2575,17.76,0.6,29.69,0.0,6.140000000000001,2.8875,2.8875,1.42,3.2575,0.0025,16.34,12.01,0.37,6.59988410456246,-0.040723487607412,1.180960030016863,0.358979977613949,2.876948737564024,0.0754081933744754,-0.5108256237659907,0.0689928714869513,3.3908102887756684,-0.0179418172905965,0.0,1.814824742159051,0.0992266338965599,1.060391075847912,0.419853845560264,1.060391075847912,0.419853845560264,0.0499999999999998,1.180960030016863,0.358979977613949,2.7936160894318567,0.0789213456109778,2.485739636091892,0.0381887728476608,16.47,17.14,16.03,17.123333333333335,0.6451614785216869,1.2900000000000027,9.114351496266636,0.0783242258652097
Morocco,2004,732.69,3.35,19.0,0.63,30.0775,0.2174999999999999,6.215,3.0,3.0,1.53,3.35,0.0025,17.47,12.8,0.35,6.596722692922106,-0.0031614116403542,1.208960345836975,0.028000315820112,2.9444389791664403,0.0674902416024161,-0.4620354595965587,0.048790164169432,3.4037773839255427,0.0129670951498743,0.2174999999999999,1.8269657249626745,0.0121409828036234,1.0986122886681098,0.0382212128201977,1.0986122886681098,0.0382212128201977,0.1100000000000001,1.208960345836975,0.028000315820112,2.860485124145965,0.0668690347141085,2.5494451709255714,0.0637055348336792,17.76,16.47,17.14,17.743333333333336,1.2650823425249562,1.2399999999999984,8.978358208687213,0.06981981981981966
Morocco,2005,717.03,2.8775,20.07,0.66,31.35,3.365,9.0575,2.5375,2.5375,0.81,2.8775,0.0025,19.26,13.81,0.34,6.575117680728494,-0.0216050121936124,1.056921861613901,-0.1520384842230744,2.9992261628082466,0.0547871836418063,-0.4155154439616658,0.0465200156348928,3.4452142670789296,0.0414368831533868,3.1475,2.2035931437870957,0.3766274188244207,0.9311793443679056,-0.1674329443002041,0.9311793443679056,-0.1674329443002041,-0.72,1.056921861613901,-0.1520384842230744,2.9580304063699794,0.0975452822240141,2.6253929674212007,0.0759477964956292,19.0,17.76,16.47,18.94333333333333,1.1560420984413573,1.0700000000000003,10.89487402221043,0.05631578947368432
Morocco,2006,708.61,3.0275000000000003,21.9,0.71,31.4225,4.075,9.4525,2.74,2.74,2.03,3.0275000000000003,0.0025,19.87,14.08,0.2875,6.563305304665974,-0.0118123760625197,1.1077371964451104,0.0508153348312097,3.086486636822455,0.0872604740142084,-0.342490308946776,0.0730251350148897,3.4475241968168557,0.0023099297379256,0.7100000000000004,2.246279256782951,0.0426861129958555,1.007957920399979,0.0767785760320732,1.007957920399979,0.0767785760320732,1.2199999999999998,1.1077371964451104,0.0508153348312097,2.9892110565637253,0.0311806501937459,2.644755350729896,0.0193623833086955,20.07,19.0,17.76,20.323333333333334,1.4665037788457962,1.8299999999999983,10.379025598335952,0.09118086696562022
Morocco,2007,707.47,2.8000000000000003,23.2,0.74,31.58,4.595,10.245,2.345,2.345,3.51,2.8000000000000003,0.0025,19.69,13.93,0.455,6.561695225791512,-0.0016100788744619,1.0296194171811583,-0.078117779263952,3.1441522786722644,0.0576656418498093,-0.3011050927839216,0.0413852161628544,3.452524008827496,0.0049998120106407,0.5199999999999996,2.326789781690864,0.0805105249079125,0.8522854018982425,-0.1556725185017363,0.8522854018982425,-0.1556725185017363,1.48,1.0296194171811583,-0.078117779263952,2.9801108926510342,-0.009100163912691,2.6340447877917144,-0.0107105629381818,21.9,20.07,19.0,21.72333333333333,1.572460916324889,1.3000000000000007,11.27857142816862,0.05936073059360725
Morocco,2008,695.82,2.8225,24.61,0.78,31.78,4.5475,12.245,2.35,2.35,4.26,2.8225,0.0025,20.35,14.16,0.4725,6.545091006196667,-0.0166042195948445,1.03762301704168,0.0080035998605216,3.2031528644029645,0.0590005857307001,-0.2484613592984996,0.052643733485422,3.45883716110857,0.0063131522810739,-0.0474999999999994,2.505117690404131,0.1783279087132676,0.8544153281560676,0.002129926257825,0.8544153281560676,0.002129926257825,0.75,1.03762301704168,0.0080035998605216,3.013080911888604,0.0329700192375699,2.6504210882655737,0.0163763004738592,23.2,21.9,20.07,23.236666666666668,1.355372027662388,1.4100000000000001,11.259521700221098,0.06077586206896557
Morocco,2009,635.45,5.22,25.55,0.8,29.450000000000003,4.735,11.56,4.6,4.6,4.62,5.22,0.0025,20.93,13.3,0.62,6.454333409328079,-0.0907575968685883,1.6524974018945473,0.6148743848528673,3.2406373166497136,0.037484452246749,-0.2231435513142097,0.0253178079842898,3.382693910097596,-0.0761432510109743,0.1875,2.4475508632442318,-0.0575668271598996,1.5260563034950492,0.6716409753389816,1.5260563034950492,0.6716409753389816,0.3600000000000003,1.6524974018945473,0.6148743848528673,3.0411835364579085,0.0281026245693043,2.5877640352277083,-0.0626570530378654,24.61,23.2,21.9,24.453333333333333,1.182807394874553,0.9400000000000013,5.641762451999201,0.038195855343356344
Morocco,2010,610.5,6.1825,26.79,0.83,29.26,4.3525,12.722500000000002,5.23,5.23,3.94,6.1825,0.0075,22.85,13.95,0.9525,6.414278293550759,-0.0400551157773199,1.8217227204134343,0.169225318518887,3.2880286835565173,0.0473913669068037,-0.1863295781914934,0.0368139731227162,3.376221395591978,-0.0064725145056176,-0.3825000000000003,2.543372079480851,0.0958212162366196,1.6544112780768316,0.1283549745817824,1.6544112780768316,0.1283549745817824,-0.6800000000000002,1.8217227204134343,0.169225318518887,3.128951117340214,0.0877675808823053,2.6354795082673745,0.0477154730396662,25.55,24.61,23.2,25.650000000000002,1.0934349546437867,1.2399999999999984,4.732713303603191,0.0485322896281799
Morocco,2011,652.71,4.0225,28.97,0.88,32.29,5.705,15.035,3.07,3.07,4.61,4.0225,0.0075,24.36,15.9,0.9525,6.481132926498221,0.0668546329474617,1.3919035998844012,-0.4298191205290331,3.366260811781259,0.0782321282247417,-0.1278333715098848,0.0584962066816086,3.474757584770184,0.0985361891782057,1.3525,2.7103808164404923,0.1670087369596413,1.1216775615991057,-0.5327337164777259,1.1216775615991057,-0.5327337164777259,0.6700000000000004,1.3919035998844012,-0.4298191205290331,3.192942442841696,0.0639913255014823,2.766319109226186,0.1308396009588115,26.79,25.55,24.61,27.103333333333335,1.7313963536320962,2.1799999999999997,8.027346177550594,0.0813736468831654
Morocco,2012,648.44,3.455,31.35,0.94,33.8,8.07,17.3425,2.51,2.51,4.84,3.455,0.01,26.51,17.19,0.945,6.474569478273373,-0.0065634482248482,1.239822457219633,-0.1520811426647681,3.4452142670789296,0.0789534552976705,-0.0618754037180875,0.0659579677917973,3.520460802488973,0.0457032177187892,2.365,2.85316013627732,0.1427793198368272,0.9202827531436926,-0.2013948084554131,0.9202827531436926,-0.2013948084554131,0.2299999999999995,1.239822457219633,-0.1520811426647681,3.277522020300934,0.0845795774592379,2.844327819394758,0.078008710168572,28.97,26.79,25.55,29.036666666666665,2.2807308770152974,2.3800000000000026,9.782923299282693,0.08215395236451517
Morocco,2013,612.47,5.6075,32.34,0.96,31.645,7.812500000000001,14.2875,3.8675,3.8675,5.4,5.6075,0.01,26.94,16.5,1.74,6.417499961627506,-0.0570695166458667,1.7241049874122265,0.4842825301925932,3.4763048541489607,0.031090587070031,-0.0408219945202551,0.0210534091978323,3.4545801582272686,-0.0658806442617043,-0.2574999999999994,2.659385029120929,-0.1937751071563904,1.3526083034650842,0.4323255503213916,1.3526083034650842,0.4323255503213916,0.5600000000000005,1.7241049874122265,0.4842825301925932,3.293612170982218,0.016090150681284,2.803360380906535,-0.0409674384882232,31.35,28.97,26.79,30.886666666666667,1.7321181638015897,0.990000000000002,5.643334819337613,0.03157894736842115
Morocco,2014,651.35,5.0725,34.09,1.0,33.1625,7.315,10.925,2.655,2.6675,6.01,5.0725,0.01,28.08,18.29,2.405,6.479047132143573,0.061547170516067,1.6238337927178328,-0.1002711946943935,3.529004086149812,0.052699232000851,0.0,0.0408219945202551,3.501419719463858,0.0468395612365895,-0.4975000000000005,2.3910537409816537,-0.2683312881392754,0.9764446546939024,-0.3761636487711819,0.9811417041937712,-0.3714665992713128,0.6099999999999994,1.6238337927178328,-0.1002711946943935,3.3350575791576103,0.0414454081753921,2.906354462402774,0.1029940814962393,32.34,31.35,28.97,32.593333333333334,1.3874557050125136,1.75,6.537703301990386,0.054112554112554
Morocco,2015,639.92,5.817499999999999,34.88,1.01,33.125,7.2275,10.2475,2.815,2.825,4.97,5.817499999999999,0.05,29.91,19.14,2.9925,6.461343168540567,-0.0177039636030063,1.7608706161943095,0.1370368234764767,3.551913599040779,0.0229095128909673,0.009950330853168,0.009950330853168,3.5002882843063863,-0.0011314351574718,-0.0875000000000003,2.3270337733963555,-0.0640199675852981,1.0349622615916536,0.0585176068977513,1.0385083645984043,0.057366660404633,-1.04,1.7608706161943095,0.1370368234764767,3.398192872641857,0.0631352934842466,2.9517803860248084,0.0454259236220342,34.09,32.34,31.35,33.77,1.2998846102784283,0.7899999999999991,5.694026643649438,0.023173951305368146
Morocco,2016,633.63,6.0225,36.02,1.03,33.295,7.23,11.015,2.0975,2.11,5.15,6.0225,0.48,30.87,19.56,3.9125,6.4514651878641605,-0.0098779806764062,1.7955024555068897,0.0346318393125799,3.58407433974781,0.032160740707031,0.0295588022415444,0.0196084713883763,3.505407235562586,0.0051189512561995,0.0025000000000003,2.399257980254306,0.0722242068579506,0.7407461593592243,-0.2942161022324293,0.7466879474879751,-0.2918204171104293,0.1800000000000006,1.7955024555068897,0.0346318393125799,3.429784838514068,0.0315919658722112,2.9734866646066718,0.0217062785818629,34.88,34.09,32.34,34.99666666666667,0.9702748751628701,1.1400000000000006,5.528435035192555,0.03268348623853212
Morocco,2017,637.45,5.887499999999999,37.84,1.07,34.0175,6.99,11.4275,1.96,2.0075,5.9,5.887499999999999,0.4775,31.94,20.36,3.88,6.457475842584131,0.0060106547199705,1.772831459342536,-0.0226709961643534,3.633366744183677,0.0492924044358673,0.0676586484738148,0.0380998462322704,3.5268750980828765,0.0214678625202906,-0.2400000000000002,2.4360227312237623,0.0367647509694561,0.672944473242426,-0.0678016861167982,0.6968901668387796,-0.0497977806491954,0.75,1.772831459342536,-0.0226709961643534,3.4638591427868666,0.0340743042727984,3.013572191682322,0.0400855270756506,36.02,34.88,34.09,36.24666666666667,1.4929612631855567,1.8200000000000003,5.777919320496341,0.05052748473070512
Morocco,2018,621.53,7.5275,37.93,1.06,33.8475,5.94,7.62,2.2875,2.3325,3.37,7.5275,1.12,34.56,21.48,5.195,6.432184180099549,-0.025291662484582,2.018562981373752,0.2457315220312157,3.635742355700808,0.00237561151713,0.0582689081239758,-0.009389740349839,3.5218651413871287,-0.0050099566957477,-1.0499999999999998,2.030776369698555,-0.4052463615252075,0.8274595181675394,0.1545150449251133,0.8469406537393619,0.1500504869005823,-2.53,2.018562981373752,0.2457315220312157,3.542696943935855,0.0788378011489885,3.067122269640664,0.0535500779583419,37.84,36.02,34.88,37.26333333333334,1.077698164317286,0.0899999999999963,4.49651278638995,0.0023784355179703454
Morocco,2019,631.75,7.8075,39.45,1.09,36.0275,4.9,5.975,1.7725,1.8125,-0.93,7.8075,1.575,40.38,25.51,5.995,6.448493746268303,0.0163095661687542,2.0550848101750967,0.0365218288013449,3.675034047291883,0.0392916915910759,0.0861776962410524,0.0279087881170765,3.58428253573038,0.0624173943432508,-1.04,1.7875840978175743,-0.2431922718809804,0.5723909794241455,-0.2550685387433938,0.5947071077466929,-0.252233545992669,-4.3,2.0550848101750967,0.0365218288013449,3.698334612884692,0.1556376689488363,3.23907053215372,0.1719482625130561,37.93,37.84,36.02,38.406666666666666,0.9046730533033032,1.5200000000000031,4.614473262829145,0.04007382019509631
Morocco,2020,645.62,7.57,39.03,1.07,35.8125,3.7525,4.74,1.4875,1.5275,0.23,7.57,1.57,38.8,25.05,6.0425,6.470211095410226,0.0217173491419231,2.0241930674493576,-0.0308917427257391,3.664330581192524,-0.0107034660993599,0.0676586484738148,-0.0185190477672375,3.5782969944749583,-0.0059855412554212,-1.1475000000000004,1.556037135706985,-0.2315469621105892,0.3970968584376478,-0.1752941209864977,0.4236324120636134,-0.1710746956830794,1.16,2.0241930674493576,-0.0308917427257391,3.658420246629228,-0.0399143662554637,3.2208738275308737,-0.0181967046228463,39.45,37.93,37.84,38.803333333333335,0.7849416114420337,-0.4200000000000017,4.730845442473833,-0.010646387832699666
Morocco,2021,639.95,7.9525,41.14,1.11,36.43,3.6175,5.282500000000001,1.37,1.41,-0.16,7.9525,1.7925,41.3,26.43,6.5425,6.4613900483018005,-0.0088210471084257,2.073486344641162,0.0492932771918046,3.716980884224811,0.0526503030322875,0.1043600153242428,0.0367013668504279,3.5953926110204724,0.017095616545514,-0.1349999999999998,1.664399470508075,0.1083623348010898,0.3148107398400336,-0.0822861185976142,0.3435897043900768,-0.0800427076735365,-0.39,2.073486344641162,0.0492932771918046,3.720862499966987,0.0624422533377591,3.2744997286161976,0.0536259010853239,39.03,39.45,37.93,39.873333333333335,1.1168855507049358,2.1099999999999994,4.580949386927621,0.05406097873430693
Morocco,2022,662.64,7.3975,42.81,1.15,37.2875,0.895,5.42,0.9125,0.9525,1.4,7.3975,1.4675,41.41,27.44,6.445,6.4962318562900085,0.034841807988208,2.001142105292228,-0.0723442393489346,3.756771720156855,0.0397908359320435,0.1397619423751586,0.0354019270509157,3.6186581498408663,0.0232655388203943,-2.7225,1.6900958154515549,0.0256963449434799,-0.0915671935254905,-0.4063779333655241,-0.048665171981281,-0.3922548763713578,1.5599999999999998,2.001142105292228,-0.0723442393489346,3.723522397557476,0.002659897590489,3.3120018028576843,0.0375020742414866,41.14,39.03,39.45,40.99333333333334,1.8942632692880208,1.6700000000000017,5.040554241229597,0.040593096742829404
Morocco,2023,616.35,8.805,44.31,1.18,35.9175,4.3325,6.425,0.765,0.8025,1.85,8.805,2.0275,42.46,26.17,8.0025,6.423814983997529,-0.0724168722924796,2.1753197419481696,0.174177636655942,3.7912103852113983,0.0344386650545436,0.1655144384775733,0.0257524961024147,3.581224641902737,-0.0374335079381298,3.4375,1.8601966307812836,0.1701008153297285,-0.2678794451556012,-0.1763122516301107,-0.2200234239779661,-0.1713582519966851,0.4500000000000002,2.1753197419481696,0.174177636655942,3.74856245627511,0.025040058717634,3.2646137165420543,-0.0473880863156299,42.81,41.14,39.03,42.75333333333334,1.5857595446265391,1.5,4.079216354297794,0.035038542396636396
Morocco,2024,576.57,10.6775,46.46,1.22,34.21,4.4125,6.45,0.8825000000000001,0.92,2.58,10.6775,1.5550000000000002,43.88,25.3,9.7575,6.357096754714423,-0.0667182292831061,2.3681387237334843,0.1928189817853147,3.838591727342263,0.0473813421308646,0.1988508587451651,0.0333364202675918,3.532517998989513,-0.0487066429132236,0.08,1.864080130807681,0.0038835000263977,-0.1249964901746851,0.142882954980916,-0.083381608939051,0.1366418150389151,0.73,2.3681387237334843,0.1928189817853147,3.781458635407029,0.0328961791319195,3.2308043957334744,-0.0338093208085799,44.31,42.81,41.14,44.526666666666664,1.8346207600958326,2.1499999999999986,3.2039335050039437,0.048521778379598146
Nigeria,2000,411.81,11.53,14.72,0.12,20.2225,20.2225,20.2225,11.51,11.53,-0.02,11.53,0.0,14.74,6.07,0.0,6.020562077931678,-0.3365346767827448,2.444952334280968,0.0768136105474832,2.6892071133007303,-1.1493846140415327,-2.120263536200091,-2.319114394945256,3.006795845909971,-0.5257221530795424,15.81,3.006795845909971,1.1427157151022898,2.4432162227337915,2.5682127129084766,2.444952334280968,2.5283339432200185,-2.6,2.444952334280968,0.0768136105474832,2.6905648867611904,-1.090893748645839,1.803358605071407,-1.4274457906620674,46.46,44.31,42.81,35.163333333333334,17.73705255484609,-31.740000000000002,1.753902862083661,-0.6831683168316831
Nigeria,2001,411.77,11.6,15.44,0.12,20.405,20.405,20.405,11.5825,11.6,-0.03,11.6,0.0,15.47,6.37,0.0,6.020464941041439,-9.71368902389358e-05,2.451005098112319,0.0060527638313514,2.73696154459663,0.0477544312958997,-2.120263536200091,0.0,3.015779968857769,0.008984122947798,0.182500000000001,3.015779968857769,0.008984122947798,2.449495338308666,0.0062791155748747,2.451005098112319,0.0060527638313514,-0.0099999999999999,2.451005098112319,0.0060527638313514,2.738902664584975,0.0483377778237845,1.851599469584072,0.048240864512665,14.72,46.46,44.31,25.540000000000003,18.120827795662,0.7199999999999989,1.759051724122767,0.048913043478260754
Nigeria,2002,412.07,12.19,21.52,0.16,22.035,22.035,22.035,12.175,12.19,-0.03,12.19,0.0,21.55,8.88,0.0,6.021193237830283,0.0007282967888437,2.5006159434931803,0.0496108453808612,3.0689827352935835,0.3320211906969534,-1.8325814637483104,0.2876820724517808,3.0926320982939504,0.0768521294361814,1.629999999999999,3.0926320982939504,0.0768521294361814,2.4993846689686534,0.0498893306599872,2.5006159434931803,0.0496108453808612,0.0,2.5006159434931803,0.0496108453808612,3.070375816549757,0.331473151964782,2.1838015570040787,0.3322020874200067,15.44,14.72,46.46,17.226666666666667,3.735523167290987,6.08,1.807629204250963,0.3937823834196892
Nigeria,2003,420.3,11.6625,20.16,0.15,22.1275,22.1275,22.1275,11.6475,11.6625,-0.04,11.6625,0.0,20.2,8.49,0.0,6.040968742011071,0.0197755041807878,2.4563785661734623,-0.0442373773197179,3.003700443203168,-0.0652822920904157,-1.8971199848858813,-0.064538521137571,3.096821178860895,0.0041890805669444,0.0925000000000011,3.096821178860895,0.0041890805669444,2.4550915647088147,-0.0442931042598386,2.4563785661734623,-0.0442373773197179,-0.01,2.4563785661734623,-0.0442373773197179,3.005682604407159,-0.0646932121425978,2.138889000323256,-0.0449125566808228,21.52,15.44,14.72,19.040000000000003,3.1909873080341167,-1.3599999999999994,1.8973204715807306,-0.06319702602230481
Nigeria,2004,442.16,10.955,24.27,0.17,24.42,24.42,24.42,10.9425,10.955,-0.02,10.955,0.0,24.29,10.74,0.0,6.091671807525008,0.0507030655139368,2.3937959730474296,-0.0625825931260326,3.18924101973851,0.1855405765353421,-1.7719568419318752,0.1251631429540061,3.1954024686825586,0.0985812898216638,2.292499999999997,3.1954024686825586,0.0985812898216638,2.392654290082913,-0.0624372746259016,2.3937959730474296,-0.0625825931260326,0.02,2.3937959730474296,-0.0625825931260326,3.190064743014081,0.1843821386069217,2.3739750890807185,0.2350860887574626,20.16,21.52,15.44,21.983333333333334,2.093808332529247,4.109999999999999,2.229119123667466,0.20386904761904767
Nigeria,2005,444.59,10.7675,23.55,0.16,24.4725,24.4725,24.4725,10.755,10.7675,0.0,10.7675,0.0,23.55,10.47,0.0,6.097152509149389,0.0054807016243811,2.3765323379461285,-0.0172636351013011,3.159125820462427,-0.030115199276083,-1.8325814637483104,-0.060624621816435,3.1975500381534485,0.0021475694708898,0.0525000000000019,3.1975500381534485,0.0021475694708898,2.3753707627196934,-0.0172835273632196,2.3765323379461285,-0.0172636351013011,0.02,2.3765323379461285,-0.0172636351013011,3.159125820462427,-0.030938922551654,2.3485140248824456,-0.0254610641982728,24.27,20.16,21.52,22.66,2.194789283743599,-0.7199999999999989,2.2728117018595513,-0.02966625463535222
Nigeria,2006,481.83,8.905,23.12,0.16,26.3975,26.3975,26.3975,8.892499999999998,8.905,0.0,8.905,0.0,23.12,11.14,0.0,6.177591354742916,0.0804388455935267,2.186612916741625,-0.1899194212045034,3.1406980438041767,-0.0184277766582501,-1.8325814637483104,0.0,3.2732693086985325,0.0757192705450839,1.9250000000000007,3.2732693086985325,0.0757192705450839,2.185208224840473,-0.1901625378792202,2.186612916741625,-0.1899194212045034,0.0,2.186612916741625,-0.1899194212045034,3.1406980438041767,-0.0184277766582501,2.410542234499138,0.0620282096166922,23.55,24.27,20.16,23.646666666666665,0.5810622456925888,-0.4299999999999997,2.964345873071709,-0.018259023354564752
Nigeria,2007,481.95,8.9025,22.99,0.15,26.46,26.46,26.46,8.89,8.9025,0.0,8.9025,0.0,22.99,11.08,0.0,6.1778403742299774,0.0002490194870619,2.186332136169796,-0.0002807805718294,3.1350593387750902,-0.0056387050290864,-1.8971199848858813,-0.064538521137571,3.2756341586868096,0.0023648499882771,0.0625,3.2756341586868096,0.0023648499882771,2.1849270495258133,-0.0002811753146598,2.186332136169796,-0.0002807805718294,0.0,2.186332136169796,-0.0002807805718294,3.1350593387750902,-0.0056387050290864,2.405141681319138,-0.0054005531799998,23.12,23.55,24.27,23.22,0.29308701785625657,-0.13000000000000256,2.9721988205226375,-0.005622837370242273
Nigeria,2008,482.01,8.77,21.12,0.13,26.0625,26.0625,26.0625,8.754999999999999,8.77,0.0,8.77,0.0,21.12,10.18,0.0,6.177964860723353,0.0001244864933758,2.171336806384092,-0.0149953297857039,3.050220458838061,-0.0848388799370294,-2.0402208285265546,-0.1431008436406733,3.2604974995590204,-0.0151366591277892,-0.3975000000000008,3.2604974995590204,-0.0151366591277892,2.1696249657378157,-0.015302083787998,2.171336806384092,-0.0149953297857039,0.0,2.171336806384092,-0.0149953297857039,3.050220458838061,-0.0848388799370294,2.3204250111223765,-0.0847166701967614,22.99,23.12,23.55,22.41,1.1190621073182954,-1.8699999999999974,2.971778791300208,-0.08133971291866016
Nigeria,2009,508.34,7.417499999999999,19.79,0.12,27.1,27.1,27.1,7.4025,7.417499999999999,0.0,7.417499999999999,0.0,19.79,10.06,0.0,6.231150515041503,0.0531856543181499,2.00384207318284,-0.1674947332012517,2.9851767596144745,-0.0650436992235863,-2.120263536200091,-0.0800427076735363,3.299533727885655,0.0390362283266347,1.0375000000000014,3.299533727885655,0.0390362283266347,2.0018177809936093,-0.1678071847442059,2.00384207318284,-0.1674947332012517,0.0,2.00384207318284,-0.1674947332012517,2.9851767596144745,-0.0650436992235863,2.3085671646715933,-0.0118578464507832,21.12,22.99,23.12,21.3,1.6075758147084016,-1.3300000000000018,3.6535220761219622,-0.06297348484848497
Nigeria,2010,499.04,8.26,26.13,0.16,28.59,28.59,28.59,8.245,8.26,0.0,8.26,0.0,26.13,13.04,0.0,6.212686252859493,-0.0184642621820101,2.1114245875328868,0.1075825143500468,3.263084079532521,0.2779073199180466,-1.8325814637483104,0.2876820724517808,3.3530570063342204,0.0535232784485653,1.4899999999999984,3.3530570063342204,0.0535232784485653,2.1096069560115622,0.1077891750179529,2.1114245875328868,0.1075825143500468,0.0,2.1114245875328868,0.1075825143500468,3.263084079532521,0.2779073199180466,2.5680215564985067,0.2594543918269134,19.79,21.12,22.99,22.346666666666664,3.3432668654130766,6.34,3.461259079861244,0.32036382011116715
Nigeria,2011,515.53,7.485,27.04,0.16,29.8725,29.8725,29.8725,7.47,7.485,0.0,7.485,0.0,27.04,13.94,0.0,6.245195497689982,0.0325092448304893,2.012901017871592,-0.0985235696612951,3.2973172511747637,0.0342331716422421,-1.8325814637483104,0.0,3.396938324741772,0.0438813184075512,1.2824999999999989,3.396938324741772,0.0438813184075512,2.010894999144726,-0.0987119568668362,2.012901017871592,-0.0985235696612951,0.0,2.012901017871592,-0.0985235696612951,3.2973172511747637,0.0342331716422421,2.6347624053323777,0.0667408488338709,26.13,19.79,21.12,24.319999999999997,3.9493923583300945,0.9100000000000001,3.990981963874536,0.03482587064676612
Nigeria,2012,527.84,6.9325,28.74,0.16,31.42,31.3925,31.3925,6.8975,6.91,0.0,6.9325,0.0225,28.74,15.17,0.0225,6.268793207480272,0.0235977097902893,1.936220498507796,-0.0766805193637956,3.358289880650879,0.0609726294761157,-1.8325814637483104,0.0,3.4474446328274757,0.0505063080857035,1.5200000000000031,3.446569010880982,0.0496306861392104,1.931159027109304,-0.079735972035422,1.9329696377795784,-0.0799313800920129,0.0,1.936220498507796,-0.0766805193637956,3.358289880650879,0.0609726294761157,2.719319793360441,0.0845573880280632,27.04,26.13,19.79,27.30333333333333,1.3247767107592998,1.6999999999999993,4.532275513818504,0.06286982248520712
Nigeria,2013,535.78,6.545,28.93,0.16,32.18,32.1525,32.1525,6.4975000000000005,6.5225,0.0,6.545,0.0225,28.93,15.5,0.0225,6.2837236290528695,0.0149304215725978,1.8787013993618635,-0.0575190991459326,3.364879118988044,0.0065892383371646,-1.8325814637483104,0.0,3.471345141564237,0.0239005087367618,0.7599999999999945,3.470490208158105,0.0239211972771227,1.8714174875335083,-0.0597415395757956,1.8752577380287463,-0.0577118997508321,0.0,1.8787013993618635,-0.0575190991459326,3.364879118988044,0.0065892383371646,2.740840023925201,0.0215202305647599,28.74,27.04,26.13,28.236666666666668,1.040688874433884,0.19000000000000128,4.916730328419913,0.006610995128740527
Nigeria,2014,547.4,6.0825000000000005,32.28,0.17,34.02,33.9925,33.9925,6.04,6.0625,0.0,6.0825000000000005,0.02,32.28,17.67,0.02,6.305179796606579,0.0214561675537092,1.8054157956755408,-0.0732856036863225,3.474447843401748,0.1095687244137044,-1.7719568419318752,0.060624621816435,3.526948586967716,0.0556034454034786,1.8400000000000036,3.526139912047704,0.0556497038895993,1.7984040119467235,-0.0730134755867848,1.8021222562636017,-0.0731354817651448,0.0,1.8054157956755408,-0.0732856036863225,3.474447843401748,0.1095687244137044,2.871868286331605,0.1310282624064043,28.93,28.74,27.04,29.98333333333333,1.991239145198514,3.3500000000000014,5.593094944420993,0.11579675077773932
Nigeria,2015,529.7,7.0625,33.17,0.17,33.705,33.6675,33.6675,7.0075,7.03,0.0,7.0625,0.0325,33.17,17.57,0.0325,6.272310808550481,-0.0328689880560979,1.9547990964725592,0.1493833007970184,3.501645852958961,0.027198009557213,-1.7719568419318752,0.0,3.517646194305402,-0.0093023926623136,-0.3250000000000028,3.51653298034206,-0.0096069317056444,1.9469810040568063,0.1485769921100828,1.9501867058225733,0.1480644495589718,0.0,1.9547990964725592,0.1493833007970184,3.501645852958961,0.027198009557213,2.866192902199006,-0.0056753841325991,32.28,28.93,28.74,31.459999999999997,2.235777269773969,0.8900000000000006,4.7723893804634,0.027571251548946796
Nigeria,2016,511.22,8.25,36.54,0.19,33.7,33.63,33.63,8.1875,8.22,0.0,8.25,0.03,36.54,18.68,0.03,6.236800025928689,-0.0355107826217917,2.110213200346589,0.1554141038740302,3.5984075509498608,0.0967616979908996,-1.6607312068216509,0.1112256351102243,3.517497837358316,-0.0001483569470859,-0.0374999999999943,3.515418525752178,-0.0011144545898815,2.1026086009613705,0.1556275969045641,2.1065702090680887,0.1563835032455152,0.0,2.110213200346589,0.1554141038740302,3.5984075509498608,0.0967616979908996,2.9274534328006965,0.0612605306016904,33.17,32.28,28.93,33.99666666666666,2.247094420217336,3.3699999999999974,4.084848484798972,0.10159782936388284
Nigeria,2017,500.0,8.5775,32.24,0.16,31.6625,31.5925,31.5925,8.52,8.5425,0.0,8.5775,0.035,32.24,16.12,0.035,6.214608098422191,-0.0221919275064976,2.149142495750468,0.0389292954038782,3.4732079176384274,-0.1251996333114333,-1.8325814637483104,-0.1718502569266593,3.4551330153277937,-0.0623648220305224,-2.0375000000000014,3.452919750650699,-0.0624987751014791,2.1424163408412245,0.0398077398798539,2.1450537050073097,0.038483495939221,0.0,2.149142495750468,0.0389292954038782,3.4732079176384274,-0.1251996333114333,2.7800607370784824,-0.147392695722214,36.54,33.17,32.28,33.98333333333334,2.262439686129086,-4.299999999999997,3.691343631551252,-0.11767925561029002
Nigeria,2018,519.48,7.817500000000001,36.71,0.18,34.4225,34.3525,34.3525,7.7425,7.775,0.0,7.817500000000001,0.0425,36.71,19.07,0.0425,6.252828311241889,0.0382202128196977,2.0563648103498595,-0.0927776854006081,3.603049197508743,0.1298412798703156,-1.7147984280919266,0.1177830356563836,3.53871042033639,0.0835774050085964,2.759999999999998,3.5366747962237923,0.0837550455730933,2.046724632865221,-0.0956917079760035,2.0509134580652977,-0.094140246942012,0.0,2.0563648103498595,-0.0927776854006081,3.603049197508743,0.1298412798703156,2.948116419612328,0.1680556825338452,32.24,36.54,33.17,35.163333333333334,2.533107446077284,4.469999999999999,4.403261912319753,0.1386476426799006
Nigeria,2019,505.76,8.555,36.46,0.17,33.4975,33.4275,33.4275,8.465,8.4975,0.0,8.555,0.0575,36.46,18.44,0.0575,6.226062248467308,-0.0267660627745813,2.1465159073441566,0.0901510969942971,3.596215769250517,-0.006833428258226,-1.7719568419318752,-0.0571584138399485,3.511470809180626,-0.027239611155764,-0.9249999999999972,3.509378914506684,-0.0272958817171087,2.1359400155850987,0.0892153827198778,2.139772002588134,0.0888585445228362,0.0,2.1465159073441566,0.0901510969942971,3.596215769250517,-0.006833428258226,2.914522218128448,-0.0335942014838797,36.71,32.24,36.54,35.13666666666666,2.5116992919878314,-0.25,3.915546464010339,-0.006810133478616143
Nigeria,2020,523.42,7.6825,38.0,0.18,35.155,35.085,35.085,7.555,7.597500000000001,0.0,7.6825,0.0849999999999999,38.0,19.89,0.0849999999999999,6.260384201058775,0.0343219525914673,2.038945015022503,-0.1075708923216538,3.6375861597263857,0.0413703904758686,-1.7147984280919266,0.0571584138399485,3.559766855651125,0.0482960464704986,1.6574999999999989,3.557773688704252,0.0483947741975683,2.022209595724703,-0.1137304198603956,2.027819245808811,-0.1119527567793228,0.0,2.038945015022503,-0.1075708923216538,3.6375861597263857,0.0413703904758686,2.9902170928658807,0.0756948747374326,36.46,36.71,32.24,37.056666666666665,0.8264583070988187,1.5399999999999991,4.575984380025044,0.04223806911684025
Nigeria,2021,522.7,7.7925,39.2,0.18,35.575,35.504999999999995,35.504999999999995,7.625,7.685,0.0,7.7925,0.1075,39.2,20.49,0.1075,6.259007685718876,-0.0013765153398992,2.053161732659355,0.0142167176368523,3.6686767467964168,0.031090587070031,-1.7147984280919266,0.0,3.571643143975916,0.0118762883247911,0.4199999999999946,3.5696735316340567,0.0118998429298047,2.031432322493475,0.0092227267687721,2.03927037699056,0.0114511311817482,0.0,2.053161732659355,0.0142167176368523,3.6686767467964168,0.031090587070031,3.0199369622508083,0.0297198693849276,38.0,36.46,36.71,37.88666666666666,1.373511315342125,1.2000000000000028,4.565287135007183,0.03157894736842115
Nigeria,2022,497.37,9.14,38.0,0.17,33.535,33.465,33.465,8.9625,9.025,0.0,9.14,0.1149999999999999,38.0,18.9,0.1149999999999999,6.209334215919483,-0.0496734697993925,2.2126603854660587,0.1594986528067035,3.6375861597263857,-0.031090587070031,-1.7719568419318752,-0.0571584138399485,3.5125896695517005,-0.0590534744242154,-2.039999999999992,3.5105001165526057,-0.0591734150814509,2.193049205925739,0.1616168834322637,2.1999985042189443,0.1607281272283849,0.0,2.2126603854660587,0.1594986528067035,3.6375861597263857,-0.031090587070031,2.9391619220655967,-0.0807750401852116,39.2,38.0,36.46,38.4,0.692820323056164,-1.2000000000000028,3.6690371990845834,-0.030612244897959218
Nigeria,2023,508.82,8.97,40.11,0.18,35.725,35.655,35.655,8.7925,8.85,-2.4,8.97,0.12,42.51,21.63,0.12,6.232094319429467,0.0227601035099835,2.1938856760707046,-0.018774709395354,3.6916256797819615,0.0540395200555758,-1.7147984280919266,0.0571584138399485,3.575850723815931,0.0632610542642306,2.1899999999999977,3.573889389480267,0.0633892729276612,2.1738990853660005,-0.0191501205597384,2.180417459019838,-0.0195810451991063,-2.4,2.1938856760707046,-0.018774709395354,3.749739342370699,0.1121531826443131,3.0740812399649675,0.1349193178993708,38.0,39.2,38.0,39.10333333333333,1.0583162728471807,2.1099999999999994,3.9827201783279516,0.055526315789473646
Nigeria,2024,507.85,8.88,37.73,0.16,35.05,34.98,34.98,8.6975,8.7575,-2.4,8.88,0.1225,40.13,20.38,0.1225,6.23018612838551,-0.0019081910439568,2.1838015570040787,-0.0100841190666258,3.6304555339762192,-0.0611701458057423,-1.8325814637483104,-0.1177830356563836,3.5567756134805992,-0.0190751103353319,-0.6750000000000043,3.554776469590456,-0.0191129198898112,2.16303562804396,-0.0108634573220403,2.169910476089505,-0.010506982930333,0.0,2.1838015570040787,-0.0100841190666258,3.692124184278825,-0.0576151580918735,3.0145540277945786,-0.0595272121703889,40.11,38.0,39.2,38.61333333333334,1.3031628192106433,-2.3800000000000026,3.9470720720276224,-0.059336823734729593
Tunisia,2000,586.4,0.2275,10.59,1.08,29.425,26.0125,29.425,0.1725,0.1725,0.0,0.2275,0.0,10.59,6.21,0.055,6.374002150572442,0.1438160221869315,-1.480605040591132,-3.6644065975952103,2.359910159613315,-1.270545374362904,0.0769610411361284,1.9095425048844383,3.38184465314634,-0.174930960334259,-8.967500000000001,3.38184465314634,-0.1729318164441156,-1.7573580425107227,-3.9203936705546822,-1.7573580425107227,-3.9272685186002274,2.4,-1.480605040591132,-3.6644065975952103,2.359910159613315,-1.33221402466551,1.8261608959453877,-1.1883931318491912,37.73,40.11,38.0,29.47666666666667,16.399565034883416,-27.139999999999997,129.3406592838063,-0.7193214948316988
Tunisia,2001,586.12,0.19,11.39,1.15,29.775,26.85,29.775,0.1375,0.1375,0.01,0.19,0.0,11.38,6.67,0.0525,6.373524546769825,-0.0004776038026168,-1.6607312068216509,-0.1801261662305189,2.432735777459091,0.0728256178457757,0.1397619423751586,0.0628009012390302,3.393669115241364,0.0118244620950234,0.8375000000000057,3.393669115241364,0.0118244620950234,-1.984131361875511,-0.2267733193647882,-1.984131361875511,-0.2267733193647882,0.01,-1.6607312068216509,-0.1801261662305189,2.431857428698185,0.0719472690848697,1.897619859927532,0.0714589639821448,10.59,37.73,40.11,19.903333333333332,15.443527230958875,0.8000000000000007,156.71052623331025,0.07554296506137881
Tunisia,2002,584.46,0.23,11.78,1.18,30.0325,27.0,30.0325,0.1575,0.1575,-0.06,0.23,0.0,11.84,6.92,0.0725,6.37068834401092,-0.002836202758905,-1.4696759700589417,0.1910552367627092,2.466403178223441,0.0336674007643496,0.1655144384775733,0.0257524961024147,3.402280128613393,0.0086110133720294,0.1499999999999985,3.402280128613393,0.0086110133720294,-1.8483298207164487,0.1358015411590618,-1.8483298207164487,0.1358015411590618,-0.0699999999999999,-1.4696759700589417,0.1910552367627092,2.4714836294558595,0.0396262007576746,1.9344157696295785,0.036795909702046,11.39,10.59,37.73,11.253333333333332,0.6066575091154303,0.3899999999999988,130.5760868997495,0.034240561896400346
Tunisia,2003,572.7,0.49,11.26,1.12,29.5225,29.2575,29.5225,0.41,0.41,-0.02,0.49,0.0,11.28,6.46,0.08,6.350362019399812,-0.0203263246111076,-0.7133498878774648,0.7563260821814769,2.421256622711544,-0.0451465555118963,0.1133286853070032,-0.05218575317057,3.3851526844932995,-0.0171274441200934,2.2575000000000003,3.3851526844932995,-0.0171274441200934,-0.8915981192837836,0.9567317014326656,-0.8915981192837836,0.9567317014326656,0.0399999999999999,-0.7133498878774648,0.7563260821814769,2.423031246069913,-0.0484523833859467,1.8656293177945105,-0.0687864518350678,11.78,11.39,10.59,11.476666666666667,0.2706165799913136,-0.5199999999999996,60.249999987704086,-0.04414261460101865
Tunisia,2004,573.35,0.4675,11.9,1.17,29.8325,29.455,29.8325,0.3675,0.3675,-0.03,0.4675,0.0,11.93,6.84,0.1,6.351496350484314,0.0011343310845015,-0.7603559302533953,-0.0470060423759305,2.476538400117484,0.0552817774059395,0.1570037488096647,0.0436750635026614,3.395598403261673,0.0104457187683739,0.1975000000000015,3.395598403261673,0.0104457187683739,-1.0010319603292457,-0.109433841045462,-1.0010319603292457,-0.109433841045462,-0.0099999999999999,-0.7603559302533953,-0.0470060423759305,2.4790562361098245,0.0560249900399116,1.922787731634459,0.0571584138399485,11.26,11.78,11.39,11.646666666666667,0.3401960219729778,0.6400000000000006,63.81283421094912,0.056838365896980436
Tunisia,2005,574.25,0.4225,12.66,1.23,30.2275,29.725,30.2275,0.3275,0.3275,0.0,0.4225,0.0,12.66,7.27,0.095,6.353064841569208,0.0015684910848943,-0.8615658321849086,-0.1012099019315132,2.5384474167160302,0.0619090165985465,0.2070141693843261,0.0500104205746614,3.408752106066265,0.0131537028045913,0.2699999999999996,3.408752106066265,0.0131537028045913,-1.1162672239068303,-0.1152352635775846,-1.1162672239068303,-0.1152352635775846,0.03,-0.8615658321849086,-0.1012099019315132,2.5384474167160302,0.0593911806062057,1.983756291545428,0.0609685599109688,11.9,11.26,11.78,11.94,0.7008566187409383,0.7599999999999998,71.54437868129126,0.06386554621848739
Tunisia,2006,581.48,0.3025,13.08,1.26,30.53,28.2025,30.53,0.21,0.21,0.01,0.3025,0.0,13.07,7.6,0.0925,6.365576577558124,0.0125117359889159,-1.195674001511241,-0.3341081693263324,2.5710843460290524,0.0326369293130222,0.2311117209633866,0.0240975515790605,3.4187098067467865,0.0099577006805215,-1.5225000000000044,3.4187098067467865,0.0099577006805215,-1.5606477482646683,-0.444380524357838,-1.5606477482646683,-0.444380524357838,0.01,-1.195674001511241,-0.3341081693263324,2.570319527636131,0.0318721109201005,2.028148247292285,0.0443919557468572,12.66,11.9,11.26,12.546666666666667,0.5981081284905514,0.41999999999999993,100.92561980134691,0.033175355450236976
Tunisia,2007,585.88,0.205,13.73,1.32,30.9375,27.675,30.9375,0.1175,0.1175,-0.01,0.205,0.0,13.74,8.05,0.0875,6.373114990450106,0.0075384128919822,-1.584745299843729,-0.389071298332488,2.61958321977988,0.0484988737508271,0.2776317365982795,0.0465200156348929,3.431969040328909,0.0132592335821226,-0.5274999999999963,3.431969040328909,0.0132592335821226,-2.1413169453979237,-0.5806691971332549,-2.1413169453979237,-0.5806691971332549,-0.02,-1.584745299843729,-0.389071298332488,2.620311286794203,0.0499917591580723,2.0856720914304723,0.0575238441381871,13.08,12.66,11.9,13.156666666666666,0.5391041952782646,0.6500000000000004,150.91463407272457,0.04969418960244654
Tunisia,2008,582.46,0.16,14.36,1.36,31.22,29.67,31.22,0.075,0.075,-0.01,0.16,0.0,14.37,8.37,0.085,6.367260513554099,-0.0058544768960073,-1.8325814637483104,-0.2478361639045811,2.664446563620078,0.0448633438401984,0.3074846997479607,0.0298529631496811,3.441058915087286,0.0090898747583767,1.995000000000001,3.441058915087286,0.0090898747583767,-2.5902671654458267,-0.4489502200479034,-2.5902671654458267,-0.4489502200479034,0.0,-1.8325814637483104,-0.2478361639045811,2.6651427000909336,0.0448314132967304,2.124653884501384,0.0389817930709117,13.73,13.08,12.66,13.723333333333334,0.640026041162989,0.629999999999999,195.12499987804685,0.0458849235251273
Tunisia,2009,577.33,0.3675,15.3,1.44,31.3825,30.295,31.3825,0.165,0.165,0.04,0.3675,0.0,15.26,8.81,0.2025,6.358414026765548,-0.0088464867885509,-1.0010319603292457,0.8315495034190645,2.72785282839839,0.0634062647783118,0.3646431135879092,0.0571584138399485,3.4462504127102265,0.0051914976229405,0.6249999999999964,3.4462504127102265,0.0051914976229405,-1.8018098050815563,0.7884573603642704,-1.8018098050815563,0.7884573603642704,0.05,-1.0010319603292457,0.8315495034190645,2.725235025856311,0.0600923257653773,2.175887439948088,0.051233555446704,14.36,13.73,13.08,14.463333333333333,0.7900843837002194,0.9400000000000013,85.39455779989264,0.06545961002785528
Tunisia,2010,574.58,0.3725,15.91,1.48,31.6425,31.6425,31.6425,0.105,0.105,0.02,0.3725,0.0,15.89,9.13,0.2675,6.35363933911728,-0.0047746876482674,-0.9875182411625228,0.0135137191667228,2.766947842349696,0.0390950139513055,0.3920420877760237,0.0273989741881144,3.4545011536844665,0.00825074097424,1.3475,3.4545011536844665,0.00825074097424,-2.2537949288246137,-0.4519851237430574,-2.2537949288246137,-0.4519851237430574,-0.02,-0.9875182411625228,0.0135137191667228,2.7656899805486246,0.0404549546923136,2.211565694606877,0.035678254658789,15.3,14.36,13.73,15.19,0.780832888673246,0.6099999999999994,84.94630870202784,0.03986928104575149
Tunisia,2011,576.07,0.3125,16.27,1.5,31.9725,31.9525,31.9725,0.105,0.105,-0.03,0.3125,0.0,16.3,9.39,0.2075,6.356229181089767,0.0025898419724867,-1.1631508098056809,-0.175632568643158,2.7893229212309465,0.0223750788812511,0.4054651081081644,0.0134230203321407,3.464876158325338,0.0103750046408714,0.3100000000000023,3.464876158325338,0.0103750046408714,-2.2537949288246137,0.0,-2.2537949288246137,0.0,-0.05,-1.1631508098056809,-0.175632568643158,2.791165107812717,0.0254751272640922,2.239645293220172,0.0280795986132944,15.91,15.3,14.36,15.826666666666668,0.4903400181173248,0.35999999999999943,102.31199996726016,0.022627278441231802
Tunisia,2012,571.19,0.5725,17.8,1.62,32.330000000000005,32.330000000000005,32.330000000000005,0.1975,0.1975,-0.04,0.5725,0.0025,17.84,10.19,0.375,6.347721903869324,-0.0085072772204428,-0.5577425435537423,0.6054082662519386,2.87919845729804,0.089875536067093,0.4824261492442928,0.0769610411361284,3.475995591737342,0.0111194334120039,0.3775000000000048,3.475995591737342,0.0111194334120039,-1.6220166946409604,0.6317782341836533,-1.6220166946409604,0.6317782341836533,-0.01,-0.5577425435537423,0.6054082662519386,2.8814431271518632,0.0902780193391463,2.321406847234633,0.0817615540144616,16.27,15.91,15.3,16.66,1.00354372103769,1.5300000000000011,56.47161571065999,0.09403810694529824
Tunisia,2013,568.36,0.7675000000000001,18.08,1.62,32.3125,32.15,32.3125,0.1125,0.1125,-0.06,0.7675000000000001,0.02,18.14,10.31,0.655,6.342755020769874,-0.00496688309945,-0.2646167995207847,0.2931257440329575,2.89480635496403,0.0156078976659905,0.4824261492442928,0.0,3.475454152268648,-0.000541439468694,-0.1800000000000068,3.475454152268648,-0.000541439468694,-2.184802057337662,-0.5627853626967017,-2.184802057337662,-0.5627853626967017,-0.0199999999999999,-0.2646167995207847,0.2931257440329575,2.8981194446869907,0.0166763175351274,2.333114298028869,0.0117074507942356,17.8,16.27,15.91,17.383333333333333,0.9742860634165327,0.2799999999999976,42.1009771932116,0.015730337078651457
Tunisia,2014,564.58,1.0025,18.88,1.68,32.5,31.8925,32.5,0.0925,0.0925,-0.09,1.0025,0.0525,18.97,10.71,0.91,6.336082091883432,-0.0066729288864424,0.0024968801985871,0.2671136797193719,2.9381031607173544,0.0432968057533242,0.5187937934151675,0.0363676441708747,3.481240089335692,0.0057859370670438,-0.2574999999999967,3.481240089335692,0.0057859370670438,-2.3805466344637574,-0.1957445771260952,-2.3805466344637574,-0.1957445771260952,-0.03,0.0024968801985871,0.2671136797193719,2.9428587839469227,0.044739339259932,2.3711778844596574,0.0380635864307885,18.08,17.8,16.27,18.25333333333333,0.5604759882170657,0.8000000000000007,32.41895261522006,0.04424778761061954
Tunisia,2015,567.76,0.9725,19.38,1.7,32.8575,31.3125,32.8575,0.1225,0.1225,-0.1,0.9725,0.1,19.48,11.06,0.8500000000000001,6.341698794216727,0.0056167023332953,-0.0278852034895356,-0.0303820836881228,2.96424160646262,0.0261384457452655,0.5306282510621704,0.0118344576470028,3.492180029374026,0.0109399400383343,-0.5800000000000018,3.492180029374026,0.0109399400383343,-2.0996442489973552,0.2809023854664021,-2.0996442489973552,0.2809023854664021,-0.01,-0.0278852034895356,-0.0303820836881228,2.969388298214389,0.0265295142674664,2.403334996094189,0.0321571116345316,18.88,18.08,17.8,18.779999999999998,0.6557438524566536,0.5,33.7866323872713,0.026483050847457612
Tunisia,2016,563.42,1.045,19.51,1.69,32.885000000000005,32.8175,32.885000000000005,0.09,0.09,-0.12,1.045,0.18,19.63,11.06,0.955,6.33402535356975,-0.0076734406469771,0.0440168854167742,0.0719020889063099,2.97092715463502,0.0066855481723999,0.5247285289349821,-0.0058997221271882,3.4930166267533145,0.0008365973792883,1.5050000000000026,3.4930166267533145,0.0008365973792883,-2.407945608651872,-0.308301359654517,-2.407945608651872,-0.308301359654517,-0.0199999999999999,0.0440168854167742,0.0719020889063099,2.9770590082883697,0.0076707100739805,2.403334996094189,0.0,19.38,18.88,18.08,19.256666666666664,0.3326158946414703,0.13000000000000256,31.46889951851973,0.00670794633642946
Tunisia,2017,566.08,0.97,20.55,1.76,33.35,32.91,33.35,0.045,0.045,-0.03,0.97,0.205,20.58,11.65,0.925,6.33873541097142,0.0047100574016702,-0.0304592074847085,-0.0744760929014828,3.022860940942244,0.0519337863072237,0.5653138090500605,0.0405852801150783,3.507057772361633,0.0140411456083184,0.092499999999994,3.507057772361633,0.0140411456083184,-3.101092789211817,-0.693147180559945,-3.101092789211817,-0.693147180559945,0.09,-0.0304592074847085,-0.0744760929014828,3.0243197304059035,0.0472607221175338,2.4553061800117097,0.0519711839175207,19.51,19.38,18.88,19.813333333333336,0.6412747721283664,1.0399999999999991,34.381443295424596,0.053305996924653876
Tunisia,2018,567.4,0.8899999999999999,20.82,1.77,33.5775,33.045,33.5775,0.0475,0.0475,-0.1,0.8899999999999999,0.13,20.92,11.87,0.8425,6.341064522374751,0.0023291114033305,-0.1165338162559516,-0.086074608771243,3.035914063186823,0.0130531222445791,0.5709795465857378,0.0056657375356773,3.513856199801093,0.0067984274394601,0.1350000000000051,3.513856199801093,0.0067984274394601,-3.047025567941541,0.0540672212702757,-3.047025567941541,0.0540672212702757,-0.07,-0.1165338162559516,-0.086074608771243,3.040705639196722,0.0163859087908186,2.4740142086215764,0.0187080286098666,20.55,19.51,19.38,20.293333333333333,0.6916887546927523,0.2699999999999996,37.72752808564859,0.013138686131386912
Tunisia,2019,564.94,1.0575,21.86,1.84,33.83,33.335,33.83,0.115,0.115,-0.16,1.0575,0.1875,22.02,12.44,0.9425,6.3367195308171205,-0.0043449915576303,0.0559076319382958,0.1724414481942475,3.0846584827483925,0.0487444195615696,0.6097655716208943,0.0387860250351564,3.521347982792617,0.0074917829915239,0.2899999999999991,3.521347982792617,0.0074917829915239,-2.162823150618887,0.8842024173226544,-2.162823150618887,0.8842024173226544,-0.06,0.0559076319382958,0.1724414481942475,3.091951131294534,0.0512454920978115,2.5209170873110334,0.0469028786894569,20.82,20.55,19.51,21.076666666666668,0.6916887546928996,1.0399999999999991,31.99054373219947,0.04995196926032652
Tunisia,2020,564.55,1.055,20.78,1.74,33.5825,33.2025,33.5825,0.0875,0.0875,-0.6,1.055,0.2375,21.38,12.07,0.9675,6.336028953626531,-0.0006905771905891,0.0535407669280297,-0.0023668650102661,3.0339909856710814,-0.0506674970773111,0.5538851132264376,-0.0558804583944566,3.5140050979550312,-0.0073428848375858,-0.1325000000000002,3.5140050979550312,-0.0073428848375858,-2.436116485618568,-0.2732933349996811,-2.436116485618568,-0.2732933349996811,-0.4399999999999999,0.0535407669280297,-0.0023668650102661,3.062455905596899,-0.0294952256976346,2.4907230351094403,-0.0301940522015931,21.86,20.82,20.55,21.153333333333332,0.6123180001997611,-1.0799999999999983,31.831753551485146,-0.04940530649588282
Tunisia,2021,564.38,1.05,22.93,1.9,33.945,33.5575,33.945,0.06,0.06,1.03,1.05,0.33,21.9,12.36,0.99,6.335727783489703,-0.0003011701368285,0.048790164169432,-0.0047506027585977,3.132446096869813,0.0984551111987315,0.6418538861723947,0.087968772945957,3.5247415677536105,0.0107364697985792,0.3549999999999969,3.5247415677536105,0.0107364697985792,-2.8134107167600364,-0.3772942311414682,-2.8134107167600364,-0.3772942311414682,1.63,0.048790164169432,-0.0047506027585977,3.086486636822455,0.0240307312255558,2.514465452029545,0.0237424169201045,20.78,21.86,20.82,21.856666666666666,1.0750038759785079,2.1499999999999986,32.32857142549251,0.10346487006737237
Tunisia,2022,565.62,1.055,23.98,1.98,33.895,33.515,33.895,0.0325,0.0325,2.57,1.055,0.5075,21.41,12.11,1.0225,6.337922474636114,0.0021946911464114,0.0535407669280297,0.0047506027585977,3.177220149599368,0.0447740527295552,0.6830968447064438,0.0412429585340491,3.523267510882929,-0.0014740568706814,-0.0424999999999968,3.523267510882929,-0.0014740568706814,-3.4265151896464454,-0.613104472886409,-3.4265151896464454,-0.613104472886409,1.5399999999999998,0.0535407669280297,0.0047506027585977,3.0638581026015914,-0.0226285342208636,2.494031557565001,-0.0204338944645439,22.93,20.78,21.86,22.563333333333333,1.6312060977598752,1.0500000000000007,32.127962082262755,0.04579153946794601
Tunisia,2023,560.36,1.41,23.79,1.95,33.5475,33.2125,33.5475,0.0325,0.0325,2.5,1.41,0.8299999999999998,21.29,11.93,1.3775,6.328579434327914,-0.0093430403082006,0.343589704390077,0.2900489374620472,3.1692653243148663,-0.0079548252845018,0.6678293725756554,-0.0152674721307883,3.512962344992976,-0.0103051658899531,-0.302500000000002,3.512962344992976,-0.0103051658899531,-3.4265151896464454,0.0,-3.4265151896464454,0.0,-0.0699999999999998,0.343589704390077,0.2900489374620472,3.058237478905388,-0.0056206236962035,2.4790562361098245,-0.0149753214551764,23.98,22.93,20.78,23.566666666666666,0.5594938188838742,-0.19000000000000128,23.792553189801946,-0.007923269391159393
Tunisia,2024,560.25,1.48,23.33,1.9,33.36,33.02,33.36,0.0325,0.0325,2.5,1.48,0.9075,20.83,11.67,1.4475,6.328383112681037,-0.0001963216468769,0.3920420877760237,0.0484523833859466,3.1497400860333387,-0.0195252382815276,0.6418538861723947,-0.0259754864032607,3.507357577490546,-0.0056047675024299,-0.1924999999999954,3.507357577490546,-0.0056047675024299,-3.4265151896464454,0.0,-3.4265151896464454,0.0,0.0,0.3920420877760237,0.0484523833859466,3.0363942552728806,-0.0218432236325072,2.4570214462984645,-0.0220347898113599,23.79,23.98,22.93,23.7,0.3342154993951701,-0.46000000000000085,22.54054053901753,-0.019335855401429236
