Area,Year,Subcategory,Unit,Value
Austria,2000,Aggregate fuel,GW,12.47
Austria,2000,Aggregate fuel,GW,2.88
Austria,2000,Aggregate fuel,GW,0.89
Austria,2000,Aggregate fuel,GW,12.42
Austria,2000,Aggregate fuel,GW,12.47
Austria,2000,Aggregate fuel,GW,0.05
Austria,2000,Fuel,GW,0.8
Austria,2000,Fuel,GW,1.99
Austria,2000,Fuel,GW,0.81
Austria,2000,Fuel,GW,11.61
Austria,2000,Fuel,GW,
Austria,2000,Fuel,GW,0.08
Austria,2000,Fuel,GW,0.01
Austria,2000,Fuel,GW,0.0
Austria,2000,Fuel,GW,0.05
Austria,2000,Demand,TWh,58.27
Austria,2000,Demand per capita,MWh,7.27
Austria,2000,Aggregate fuel,%,72.84
Austria,2000,Aggregate fuel,%,27.16
Austria,2000,Aggregate fuel,%,17.57
Austria,2000,Aggregate fuel,%,72.72
Austria,2000,Aggregate fuel,%,72.84
Austria,2000,Aggregate fuel,%,0.12
Austria,2000,Aggregate fuel,TWh,43.44
Austria,2000,Aggregate fuel,TWh,16.2
Austria,2000,Aggregate fuel,TWh,10.48
Austria,2000,Aggregate fuel,TWh,43.37
Austria,2000,Aggregate fuel,TWh,43.44
Austria,2000,Aggregate fuel,TWh,0.07
Austria,2000,Fuel,%,2.57
Austria,2000,Fuel,%,9.59
Austria,2000,Fuel,%,13.16
Austria,2000,Fuel,%,70.15
Austria,2000,Fuel,%,0.0
Austria,2000,Fuel,%,4.41
Austria,2000,Fuel,%,0.0
Austria,2000,Fuel,%,0.0
Austria,2000,Fuel,%,0.12
Austria,2000,Fuel,TWh,1.53
Austria,2000,Fuel,TWh,5.72
Austria,2000,Fuel,TWh,7.85
Austria,2000,Fuel,TWh,41.84
Austria,2000,Fuel,TWh,0.0
Austria,2000,Fuel,TWh,2.63
Austria,2000,Fuel,TWh,0.0
Austria,2000,Fuel,TWh,0.0
Austria,2000,Fuel,TWh,0.07
Austria,2000,Total,TWh,59.64
Austria,2000,Electricity imports,TWh,-1.37
Austria,2000,Aggregate fuel,mtCO2,1.32
Austria,2000,Aggregate fuel,mtCO2,10.81
Austria,2000,Aggregate fuel,mtCO2,5.24
Austria,2000,Aggregate fuel,mtCO2,1.32
Austria,2000,Aggregate fuel,mtCO2,1.32
Austria,2000,Aggregate fuel,mtCO2,0.0
Austria,2000,CO2 intensity,gCO2/kWh,203.39
Austria,2000,Fuel,mtCO2,0.33
Austria,2000,Fuel,mtCO2,5.57
Austria,2000,Fuel,mtCO2,3.51
Austria,2000,Fuel,mtCO2,0.99
Austria,2000,Fuel,mtCO2,0.0
Austria,2000,Fuel,mtCO2,1.73
Austria,2000,Fuel,mtCO2,0.0
Austria,2000,Fuel,mtCO2,0.0
Austria,2000,Fuel,mtCO2,0.0
Austria,2000,Total,mtCO2,12.13
Austria,2001,Aggregate fuel,GW,12.52
Austria,2001,Aggregate fuel,GW,3.34
Austria,2001,Aggregate fuel,GW,1.48
Austria,2001,Aggregate fuel,GW,12.44
Austria,2001,Aggregate fuel,GW,12.52
Austria,2001,Aggregate fuel,GW,0.08
Austria,2001,Fuel,GW,0.79
Austria,2001,Fuel,GW,1.86
Austria,2001,Fuel,GW,1.29
Austria,2001,Fuel,GW,11.64
Austria,2001,Fuel,GW,
Austria,2001,Fuel,GW,0.19
Austria,2001,Fuel,GW,0.01
Austria,2001,Fuel,GW,0.01
Austria,2001,Fuel,GW,0.07
Austria,2001,Demand,TWh,61.2
Austria,2001,Demand per capita,MWh,7.61
Austria,2001,Aggregate fuel,%,69.27
Austria,2001,Aggregate fuel,%,30.73
Austria,2001,Aggregate fuel,%,19.43
Austria,2001,Aggregate fuel,%,69.09
Austria,2001,Aggregate fuel,%,69.27
Austria,2001,Aggregate fuel,%,0.18
Austria,2001,Aggregate fuel,TWh,42.24
Austria,2001,Aggregate fuel,TWh,18.74
Austria,2001,Aggregate fuel,TWh,11.85
Austria,2001,Aggregate fuel,TWh,42.13
Austria,2001,Aggregate fuel,TWh,42.24
Austria,2001,Aggregate fuel,TWh,0.11
Austria,2001,Fuel,%,2.74
Austria,2001,Fuel,%,11.3
Austria,2001,Fuel,%,14.35
Austria,2001,Fuel,%,66.35
Austria,2001,Fuel,%,0.0
Austria,2001,Fuel,%,5.08
Austria,2001,Fuel,%,0.0
Austria,2001,Fuel,%,0.02
Austria,2001,Fuel,%,0.16
Austria,2001,Fuel,TWh,1.67
Austria,2001,Fuel,TWh,6.89
Austria,2001,Fuel,TWh,8.75
Austria,2001,Fuel,TWh,40.46
Austria,2001,Fuel,TWh,0.0
Austria,2001,Fuel,TWh,3.1
Austria,2001,Fuel,TWh,0.0
Austria,2001,Fuel,TWh,0.01
Austria,2001,Fuel,TWh,0.1
Austria,2001,Total,TWh,60.98
Austria,2001,Electricity imports,TWh,0.22
Austria,2001,Aggregate fuel,mtCO2,1.32
Austria,2001,Aggregate fuel,mtCO2,12.65
Austria,2001,Aggregate fuel,mtCO2,5.95
Austria,2001,Aggregate fuel,mtCO2,1.32
Austria,2001,Aggregate fuel,mtCO2,1.32
Austria,2001,Aggregate fuel,mtCO2,0.0
Austria,2001,CO2 intensity,gCO2/kWh,229.09
Austria,2001,Fuel,mtCO2,0.36
Austria,2001,Fuel,mtCO2,6.7
Austria,2001,Fuel,mtCO2,3.91
Austria,2001,Fuel,mtCO2,0.96
Austria,2001,Fuel,mtCO2,0.0
Austria,2001,Fuel,mtCO2,2.04
Austria,2001,Fuel,mtCO2,0.0
Austria,2001,Fuel,mtCO2,0.0
Austria,2001,Fuel,mtCO2,0.0
Austria,2001,Total,mtCO2,13.97
Austria,2002,Aggregate fuel,GW,12.42
Austria,2002,Aggregate fuel,GW,3.34
Austria,2002,Aggregate fuel,GW,1.48
Austria,2002,Aggregate fuel,GW,12.3
Austria,2002,Aggregate fuel,GW,12.42
Austria,2002,Aggregate fuel,GW,0.12
Austria,2002,Fuel,GW,0.79
Austria,2002,Fuel,GW,1.86
Austria,2002,Fuel,GW,1.29
Austria,2002,Fuel,GW,11.5
Austria,2002,Fuel,GW,
Austria,2002,Fuel,GW,0.19
Austria,2002,Fuel,GW,0.01
Austria,2002,Fuel,GW,0.01
Austria,2002,Fuel,GW,0.11
Austria,2002,Demand,TWh,61.33
Austria,2002,Demand per capita,MWh,7.59
Austria,2002,Aggregate fuel,%,69.11
Austria,2002,Aggregate fuel,%,30.89
Austria,2002,Aggregate fuel,%,19.99
Austria,2002,Aggregate fuel,%,68.86
Austria,2002,Aggregate fuel,%,69.11
Austria,2002,Aggregate fuel,%,0.25
Austria,2002,Aggregate fuel,TWh,41.9
Austria,2002,Aggregate fuel,TWh,18.73
Austria,2002,Aggregate fuel,TWh,12.12
Austria,2002,Aggregate fuel,TWh,41.75
Austria,2002,Aggregate fuel,TWh,41.9
Austria,2002,Aggregate fuel,TWh,0.15
Austria,2002,Fuel,%,2.51
Austria,2002,Fuel,%,10.9
Austria,2002,Fuel,%,15.36
Austria,2002,Fuel,%,66.35
Austria,2002,Fuel,%,0.0
Austria,2002,Fuel,%,4.63
Austria,2002,Fuel,%,0.0
Austria,2002,Fuel,%,0.02
Austria,2002,Fuel,%,0.23
Austria,2002,Fuel,TWh,1.52
Austria,2002,Fuel,TWh,6.61
Austria,2002,Fuel,TWh,9.31
Austria,2002,Fuel,TWh,40.23
Austria,2002,Fuel,TWh,0.0
Austria,2002,Fuel,TWh,2.81
Austria,2002,Fuel,TWh,0.0
Austria,2002,Fuel,TWh,0.01
Austria,2002,Fuel,TWh,0.14
Austria,2002,Total,TWh,60.63
Austria,2002,Electricity imports,TWh,0.7
Austria,2002,Aggregate fuel,mtCO2,1.29
Austria,2002,Aggregate fuel,mtCO2,12.42
Austria,2002,Aggregate fuel,mtCO2,6.01
Austria,2002,Aggregate fuel,mtCO2,1.29
Austria,2002,Aggregate fuel,mtCO2,1.29
Austria,2002,Aggregate fuel,mtCO2,0.0
Austria,2002,CO2 intensity,gCO2/kWh,226.13
Austria,2002,Fuel,mtCO2,0.33
Austria,2002,Fuel,mtCO2,6.41
Austria,2002,Fuel,mtCO2,4.16
Austria,2002,Fuel,mtCO2,0.96
Austria,2002,Fuel,mtCO2,0.0
Austria,2002,Fuel,mtCO2,1.85
Austria,2002,Fuel,mtCO2,0.0
Austria,2002,Fuel,mtCO2,0.0
Austria,2002,Fuel,mtCO2,0.0
Austria,2002,Total,mtCO2,13.71
Austria,2003,Aggregate fuel,GW,12.86
Austria,2003,Aggregate fuel,GW,4.0
Austria,2003,Aggregate fuel,GW,2.14
Austria,2003,Aggregate fuel,GW,12.52
Austria,2003,Aggregate fuel,GW,12.86
Austria,2003,Aggregate fuel,GW,0.34
Austria,2003,Fuel,GW,0.8
Austria,2003,Fuel,GW,1.86
Austria,2003,Fuel,GW,1.77
Austria,2003,Fuel,GW,11.54
Austria,2003,Fuel,GW,
Austria,2003,Fuel,GW,0.37
Austria,2003,Fuel,GW,0.18
Austria,2003,Fuel,GW,0.02
Austria,2003,Fuel,GW,0.32
Austria,2003,Demand,TWh,63.58
Austria,2003,Demand per capita,MWh,7.83
Austria,2003,Aggregate fuel,%,60.8
Austria,2003,Aggregate fuel,%,39.21
Austria,2003,Aggregate fuel,%,24.65
Austria,2003,Aggregate fuel,%,60.14
Austria,2003,Aggregate fuel,%,60.8
Austria,2003,Aggregate fuel,%,0.66
Austria,2003,Aggregate fuel,TWh,35.24
Austria,2003,Aggregate fuel,TWh,22.73
Austria,2003,Aggregate fuel,TWh,14.29
Austria,2003,Aggregate fuel,TWh,34.86
Austria,2003,Aggregate fuel,TWh,35.24
Austria,2003,Aggregate fuel,TWh,0.38
Austria,2003,Fuel,%,2.85
Austria,2003,Fuel,%,14.56
Austria,2003,Fuel,%,19.25
Austria,2003,Fuel,%,57.29
Austria,2003,Fuel,%,0.0
Austria,2003,Fuel,%,5.4
Austria,2003,Fuel,%,0.0
Austria,2003,Fuel,%,0.02
Austria,2003,Fuel,%,0.64
Austria,2003,Fuel,TWh,1.65
Austria,2003,Fuel,TWh,8.44
Austria,2003,Fuel,TWh,11.16
Austria,2003,Fuel,TWh,33.21
Austria,2003,Fuel,TWh,0.0
Austria,2003,Fuel,TWh,3.13
Austria,2003,Fuel,TWh,0.0
Austria,2003,Fuel,TWh,0.01
Austria,2003,Fuel,TWh,0.37
Austria,2003,Total,TWh,57.97
Austria,2003,Electricity imports,TWh,5.61
Austria,2003,Aggregate fuel,mtCO2,1.15
Austria,2003,Aggregate fuel,mtCO2,15.22
Austria,2003,Aggregate fuel,mtCO2,7.05
Austria,2003,Aggregate fuel,mtCO2,1.15
Austria,2003,Aggregate fuel,mtCO2,1.15
Austria,2003,Aggregate fuel,mtCO2,0.0
Austria,2003,CO2 intensity,gCO2/kWh,282.39
Austria,2003,Fuel,mtCO2,0.36
Austria,2003,Fuel,mtCO2,8.17
Austria,2003,Fuel,mtCO2,4.99
Austria,2003,Fuel,mtCO2,0.79
Austria,2003,Fuel,mtCO2,0.0
Austria,2003,Fuel,mtCO2,2.06
Austria,2003,Fuel,mtCO2,0.0
Austria,2003,Fuel,mtCO2,0.0
Austria,2003,Fuel,mtCO2,0.0
Austria,2003,Total,mtCO2,16.37
Austria,2004,Aggregate fuel,GW,13.18
Austria,2004,Aggregate fuel,GW,4.13
Austria,2004,Aggregate fuel,GW,2.27
Austria,2004,Aggregate fuel,GW,12.57
Austria,2004,Aggregate fuel,GW,13.18
Austria,2004,Aggregate fuel,GW,0.61
Austria,2004,Fuel,GW,0.81
Austria,2004,Fuel,GW,1.86
Austria,2004,Fuel,GW,1.87
Austria,2004,Fuel,GW,11.58
Austria,2004,Fuel,GW,
Austria,2004,Fuel,GW,0.4
Austria,2004,Fuel,GW,0.18
Austria,2004,Fuel,GW,0.03
Austria,2004,Fuel,GW,0.58
Austria,2004,Demand,TWh,64.93
Austria,2004,Demand per capita,MWh,7.94
Austria,2004,Aggregate fuel,%,64.05
Austria,2004,Aggregate fuel,%,35.94
Austria,2004,Aggregate fuel,%,23.15
Austria,2004,Aggregate fuel,%,62.52
Austria,2004,Aggregate fuel,%,64.05
Austria,2004,Aggregate fuel,%,1.53
Austria,2004,Aggregate fuel,TWh,39.62
Austria,2004,Aggregate fuel,TWh,22.23
Austria,2004,Aggregate fuel,TWh,14.32
Austria,2004,Aggregate fuel,TWh,38.67
Austria,2004,Aggregate fuel,TWh,39.62
Austria,2004,Aggregate fuel,TWh,0.95
Austria,2004,Fuel,%,3.09
Austria,2004,Fuel,%,12.79
Austria,2004,Fuel,%,17.7
Austria,2004,Fuel,%,59.43
Austria,2004,Fuel,%,0.0
Austria,2004,Fuel,%,5.45
Austria,2004,Fuel,%,0.0
Austria,2004,Fuel,%,0.03
Austria,2004,Fuel,%,1.5
Austria,2004,Fuel,TWh,1.91
Austria,2004,Fuel,TWh,7.91
Austria,2004,Fuel,TWh,10.95
Austria,2004,Fuel,TWh,36.76
Austria,2004,Fuel,TWh,0.0
Austria,2004,Fuel,TWh,3.37
Austria,2004,Fuel,TWh,0.0
Austria,2004,Fuel,TWh,0.02
Austria,2004,Fuel,TWh,0.93
Austria,2004,Total,TWh,61.85
Austria,2004,Electricity imports,TWh,3.08
Austria,2004,Aggregate fuel,mtCO2,1.29
Austria,2004,Aggregate fuel,mtCO2,14.75
Austria,2004,Aggregate fuel,mtCO2,7.12
Austria,2004,Aggregate fuel,mtCO2,1.28
Austria,2004,Aggregate fuel,mtCO2,1.29
Austria,2004,Aggregate fuel,mtCO2,0.01
Austria,2004,CO2 intensity,gCO2/kWh,259.34
Austria,2004,Fuel,mtCO2,0.41
Austria,2004,Fuel,mtCO2,7.63
Austria,2004,Fuel,mtCO2,4.9
Austria,2004,Fuel,mtCO2,0.87
Austria,2004,Fuel,mtCO2,0.0
Austria,2004,Fuel,mtCO2,2.22
Austria,2004,Fuel,mtCO2,0.0
Austria,2004,Fuel,mtCO2,0.0
Austria,2004,Fuel,mtCO2,0.01
Austria,2004,Total,mtCO2,16.04
Austria,2005,Aggregate fuel,GW,14.25
Austria,2005,Aggregate fuel,GW,4.16
Austria,2005,Aggregate fuel,GW,2.3
Austria,2005,Aggregate fuel,GW,13.4
Austria,2005,Aggregate fuel,GW,14.25
Austria,2005,Aggregate fuel,GW,0.85
Austria,2005,Fuel,GW,1.39
Austria,2005,Fuel,GW,1.86
Austria,2005,Fuel,GW,1.87
Austria,2005,Fuel,GW,11.8
Austria,2005,Fuel,GW,
Austria,2005,Fuel,GW,0.43
Austria,2005,Fuel,GW,0.21
Austria,2005,Fuel,GW,0.02
Austria,2005,Fuel,GW,0.83
Austria,2005,Demand,TWh,66.99
Austria,2005,Demand per capita,MWh,8.14
Austria,2005,Aggregate fuel,%,63.52
Austria,2005,Aggregate fuel,%,36.49
Austria,2005,Aggregate fuel,%,25.35
Austria,2005,Aggregate fuel,%,61.42
Austria,2005,Aggregate fuel,%,63.52
Austria,2005,Aggregate fuel,%,2.1
Austria,2005,Aggregate fuel,TWh,40.88
Austria,2005,Aggregate fuel,TWh,23.49
Austria,2005,Aggregate fuel,TWh,16.32
Austria,2005,Aggregate fuel,TWh,39.53
Austria,2005,Aggregate fuel,TWh,40.88
Austria,2005,Aggregate fuel,TWh,1.35
Austria,2005,Fuel,%,3.78
Austria,2005,Fuel,%,11.14
Austria,2005,Fuel,%,20.24
Austria,2005,Fuel,%,57.64
Austria,2005,Fuel,%,0.0
Austria,2005,Fuel,%,5.11
Austria,2005,Fuel,%,0.0
Austria,2005,Fuel,%,0.03
Austria,2005,Fuel,%,2.07
Austria,2005,Fuel,TWh,2.43
Austria,2005,Fuel,TWh,7.17
Austria,2005,Fuel,TWh,13.03
Austria,2005,Fuel,TWh,37.1
Austria,2005,Fuel,TWh,0.0
Austria,2005,Fuel,TWh,3.29
Austria,2005,Fuel,TWh,0.0
Austria,2005,Fuel,TWh,0.02
Austria,2005,Fuel,TWh,1.33
Austria,2005,Total,TWh,64.37
Austria,2005,Electricity imports,TWh,2.62
Austria,2005,Aggregate fuel,mtCO2,1.43
Austria,2005,Aggregate fuel,mtCO2,14.92
Austria,2005,Aggregate fuel,mtCO2,7.99
Austria,2005,Aggregate fuel,mtCO2,1.41
Austria,2005,Aggregate fuel,mtCO2,1.43
Austria,2005,Aggregate fuel,mtCO2,0.02
Austria,2005,CO2 intensity,gCO2/kWh,254.0
Austria,2005,Fuel,mtCO2,0.53
Austria,2005,Fuel,mtCO2,6.93
Austria,2005,Fuel,mtCO2,5.83
Austria,2005,Fuel,mtCO2,0.88
Austria,2005,Fuel,mtCO2,0.0
Austria,2005,Fuel,mtCO2,2.16
Austria,2005,Fuel,mtCO2,0.0
Austria,2005,Fuel,mtCO2,0.0
Austria,2005,Fuel,mtCO2,0.02
Austria,2005,Total,mtCO2,16.35
Austria,2006,Aggregate fuel,GW,14.66
Austria,2006,Aggregate fuel,GW,3.9
Austria,2006,Aggregate fuel,GW,2.37
Austria,2006,Aggregate fuel,GW,13.66
Austria,2006,Aggregate fuel,GW,14.66
Austria,2006,Aggregate fuel,GW,1.0
Austria,2006,Fuel,GW,1.61
Austria,2006,Fuel,GW,1.53
Austria,2006,Fuel,GW,1.87
Austria,2006,Fuel,GW,11.83
Austria,2006,Fuel,GW,
Austria,2006,Fuel,GW,0.5
Austria,2006,Fuel,GW,0.22
Austria,2006,Fuel,GW,0.03
Austria,2006,Fuel,GW,0.97
Austria,2006,Demand,TWh,68.55
Austria,2006,Demand per capita,MWh,8.29
Austria,2006,Aggregate fuel,%,65.35
Austria,2006,Aggregate fuel,%,34.64
Austria,2006,Aggregate fuel,%,22.79
Austria,2006,Aggregate fuel,%,62.51
Austria,2006,Aggregate fuel,%,65.35
Austria,2006,Aggregate fuel,%,2.84
Austria,2006,Aggregate fuel,TWh,40.66
Austria,2006,Aggregate fuel,TWh,21.55
Austria,2006,Aggregate fuel,TWh,14.18
Austria,2006,Aggregate fuel,TWh,38.89
Austria,2006,Aggregate fuel,TWh,40.66
Austria,2006,Aggregate fuel,TWh,1.77
Austria,2006,Fuel,%,5.19
Austria,2006,Fuel,%,11.85
Austria,2006,Fuel,%,17.15
Austria,2006,Fuel,%,57.32
Austria,2006,Fuel,%,0.0
Austria,2006,Fuel,%,5.64
Austria,2006,Fuel,%,0.0
Austria,2006,Fuel,%,0.03
Austria,2006,Fuel,%,2.81
Austria,2006,Fuel,TWh,3.23
Austria,2006,Fuel,TWh,7.37
Austria,2006,Fuel,TWh,10.67
Austria,2006,Fuel,TWh,35.66
Austria,2006,Fuel,TWh,0.0
Austria,2006,Fuel,TWh,3.51
Austria,2006,Fuel,TWh,0.0
Austria,2006,Fuel,TWh,0.02
Austria,2006,Fuel,TWh,1.75
Austria,2006,Total,TWh,62.21
Austria,2006,Electricity imports,TWh,6.34
Austria,2006,Aggregate fuel,mtCO2,1.57
Austria,2006,Aggregate fuel,mtCO2,14.17
Austria,2006,Aggregate fuel,mtCO2,7.08
Austria,2006,Aggregate fuel,mtCO2,1.55
Austria,2006,Aggregate fuel,mtCO2,1.57
Austria,2006,Aggregate fuel,mtCO2,0.02
Austria,2006,CO2 intensity,gCO2/kWh,253.01
Austria,2006,Fuel,mtCO2,0.7
Austria,2006,Fuel,mtCO2,7.09
Austria,2006,Fuel,mtCO2,4.77
Austria,2006,Fuel,mtCO2,0.85
Austria,2006,Fuel,mtCO2,0.0
Austria,2006,Fuel,mtCO2,2.31
Austria,2006,Fuel,mtCO2,0.0
Austria,2006,Fuel,mtCO2,0.0
Austria,2006,Fuel,mtCO2,0.02
Austria,2006,Total,mtCO2,15.74
Austria,2007,Aggregate fuel,GW,15.1
Austria,2007,Aggregate fuel,GW,3.89
Austria,2007,Aggregate fuel,GW,2.36
Austria,2007,Aggregate fuel,GW,14.08
Austria,2007,Aggregate fuel,GW,15.1
Austria,2007,Aggregate fuel,GW,1.02
Austria,2007,Fuel,GW,1.87
Austria,2007,Fuel,GW,1.53
Austria,2007,Fuel,GW,1.87
Austria,2007,Fuel,GW,11.99
Austria,2007,Fuel,GW,
Austria,2007,Fuel,GW,0.49
Austria,2007,Fuel,GW,0.22
Austria,2007,Fuel,GW,0.03
Austria,2007,Fuel,GW,0.99
Austria,2007,Demand,TWh,68.85
Austria,2007,Demand per capita,MWh,8.3
Austria,2007,Aggregate fuel,%,68.71
Austria,2007,Aggregate fuel,%,31.29
Austria,2007,Aggregate fuel,%,20.79
Austria,2007,Aggregate fuel,%,65.43
Austria,2007,Aggregate fuel,%,68.71
Austria,2007,Aggregate fuel,%,3.28
Austria,2007,Aggregate fuel,TWh,43.17
Austria,2007,Aggregate fuel,TWh,19.66
Austria,2007,Aggregate fuel,TWh,13.06
Austria,2007,Aggregate fuel,TWh,41.11
Austria,2007,Aggregate fuel,TWh,43.17
Austria,2007,Aggregate fuel,TWh,2.06
Austria,2007,Fuel,%,6.46
Austria,2007,Fuel,%,10.5
Austria,2007,Fuel,%,15.76
Austria,2007,Fuel,%,58.97
Austria,2007,Fuel,%,0.0
Austria,2007,Fuel,%,5.03
Austria,2007,Fuel,%,0.0
Austria,2007,Fuel,%,0.03
Austria,2007,Fuel,%,3.25
Austria,2007,Fuel,TWh,4.06
Austria,2007,Fuel,TWh,6.6
Austria,2007,Fuel,TWh,9.9
Austria,2007,Fuel,TWh,37.05
Austria,2007,Fuel,TWh,0.0
Austria,2007,Fuel,TWh,3.16
Austria,2007,Fuel,TWh,0.0
Austria,2007,Fuel,TWh,0.02
Austria,2007,Fuel,TWh,2.04
Austria,2007,Total,TWh,62.83
Austria,2007,Electricity imports,TWh,6.02
Austria,2007,Aggregate fuel,mtCO2,1.79
Austria,2007,Aggregate fuel,mtCO2,12.83
Austria,2007,Aggregate fuel,mtCO2,6.51
Austria,2007,Aggregate fuel,mtCO2,1.76
Austria,2007,Aggregate fuel,mtCO2,1.79
Austria,2007,Aggregate fuel,mtCO2,0.03
Austria,2007,CO2 intensity,gCO2/kWh,232.69
Austria,2007,Fuel,mtCO2,0.88
Austria,2007,Fuel,mtCO2,6.32
Austria,2007,Fuel,mtCO2,4.43
Austria,2007,Fuel,mtCO2,0.88
Austria,2007,Fuel,mtCO2,0.0
Austria,2007,Fuel,mtCO2,2.08
Austria,2007,Fuel,mtCO2,0.0
Austria,2007,Fuel,mtCO2,0.0
Austria,2007,Fuel,mtCO2,0.03
Austria,2007,Total,mtCO2,14.62
Austria,2008,Aggregate fuel,GW,15.56
Austria,2008,Aggregate fuel,GW,4.24
Austria,2008,Aggregate fuel,GW,2.78
Austria,2008,Aggregate fuel,GW,14.54
Austria,2008,Aggregate fuel,GW,15.56
Austria,2008,Aggregate fuel,GW,1.02
Austria,2008,Fuel,GW,1.88
Austria,2008,Fuel,GW,1.46
Austria,2008,Fuel,GW,2.28
Austria,2008,Fuel,GW,12.44
Austria,2008,Fuel,GW,
Austria,2008,Fuel,GW,0.5
Austria,2008,Fuel,GW,0.22
Austria,2008,Fuel,GW,0.03
Austria,2008,Fuel,GW,0.99
Austria,2008,Demand,TWh,69.24
Austria,2008,Demand per capita,MWh,8.32
Austria,2008,Aggregate fuel,%,69.17
Austria,2008,Aggregate fuel,%,30.84
Austria,2008,Aggregate fuel,%,22.25
Austria,2008,Aggregate fuel,%,66.0
Austria,2008,Aggregate fuel,%,69.17
Austria,2008,Aggregate fuel,%,3.17
Austria,2008,Aggregate fuel,TWh,44.53
Austria,2008,Aggregate fuel,TWh,19.85
Austria,2008,Aggregate fuel,TWh,14.32
Austria,2008,Aggregate fuel,TWh,42.49
Austria,2008,Aggregate fuel,TWh,44.53
Austria,2008,Aggregate fuel,TWh,2.04
Austria,2008,Fuel,%,6.46
Austria,2008,Fuel,%,8.59
Austria,2008,Fuel,%,17.37
Austria,2008,Fuel,%,59.54
Austria,2008,Fuel,%,0.0
Austria,2008,Fuel,%,4.88
Austria,2008,Fuel,%,0.0
Austria,2008,Fuel,%,0.05
Austria,2008,Fuel,%,3.12
Austria,2008,Fuel,TWh,4.16
Austria,2008,Fuel,TWh,5.53
Austria,2008,Fuel,TWh,11.18
Austria,2008,Fuel,TWh,38.33
Austria,2008,Fuel,TWh,0.0
Austria,2008,Fuel,TWh,3.14
Austria,2008,Fuel,TWh,0.0
Austria,2008,Fuel,TWh,0.03
Austria,2008,Fuel,TWh,2.01
Austria,2008,Total,TWh,64.38
Austria,2008,Electricity imports,TWh,4.86
Austria,2008,Aggregate fuel,mtCO2,1.83
Austria,2008,Aggregate fuel,mtCO2,12.36
Austria,2008,Aggregate fuel,mtCO2,7.07
Austria,2008,Aggregate fuel,mtCO2,1.81
Austria,2008,Aggregate fuel,mtCO2,1.83
Austria,2008,Aggregate fuel,mtCO2,0.02
Austria,2008,CO2 intensity,gCO2/kWh,220.41
Austria,2008,Fuel,mtCO2,0.9
Austria,2008,Fuel,mtCO2,5.29
Austria,2008,Fuel,mtCO2,5.0
Austria,2008,Fuel,mtCO2,0.91
Austria,2008,Fuel,mtCO2,0.0
Austria,2008,Fuel,mtCO2,2.07
Austria,2008,Fuel,mtCO2,0.0
Austria,2008,Fuel,mtCO2,0.0
Austria,2008,Fuel,mtCO2,0.02
Austria,2008,Total,mtCO2,14.19
Austria,2009,Aggregate fuel,GW,15.86
Austria,2009,Aggregate fuel,GW,5.46
Austria,2009,Aggregate fuel,GW,4.0
Austria,2009,Aggregate fuel,GW,14.81
Austria,2009,Aggregate fuel,GW,15.86
Austria,2009,Aggregate fuel,GW,1.05
Austria,2009,Fuel,GW,1.94
Austria,2009,Fuel,GW,1.46
Austria,2009,Fuel,GW,3.46
Austria,2009,Fuel,GW,12.63
Austria,2009,Fuel,GW,
Austria,2009,Fuel,GW,0.54
Austria,2009,Fuel,GW,0.24
Austria,2009,Fuel,GW,0.05
Austria,2009,Fuel,GW,1.0
Austria,2009,Demand,TWh,66.99
Austria,2009,Demand per capita,MWh,8.03
Austria,2009,Aggregate fuel,%,71.26
Austria,2009,Aggregate fuel,%,28.75
Austria,2009,Aggregate fuel,%,23.07
Austria,2009,Aggregate fuel,%,68.23
Austria,2009,Aggregate fuel,%,71.26
Austria,2009,Aggregate fuel,%,3.03
Austria,2009,Aggregate fuel,TWh,47.18
Austria,2009,Aggregate fuel,TWh,19.03
Austria,2009,Aggregate fuel,TWh,15.27
Austria,2009,Aggregate fuel,TWh,45.18
Austria,2009,Aggregate fuel,TWh,47.18
Austria,2009,Aggregate fuel,TWh,2.0
Austria,2009,Fuel,%,6.46
Austria,2009,Fuel,%,5.68
Austria,2009,Fuel,%,18.64
Austria,2009,Fuel,%,61.77
Austria,2009,Fuel,%,0.0
Austria,2009,Fuel,%,4.43
Austria,2009,Fuel,%,0.0
Austria,2009,Fuel,%,0.08
Austria,2009,Fuel,%,2.95
Austria,2009,Fuel,TWh,4.28
Austria,2009,Fuel,TWh,3.76
Austria,2009,Fuel,TWh,12.34
Austria,2009,Fuel,TWh,40.9
Austria,2009,Fuel,TWh,0.0
Austria,2009,Fuel,TWh,2.93
Austria,2009,Fuel,TWh,0.0
Austria,2009,Fuel,TWh,0.05
Austria,2009,Fuel,TWh,1.95
Austria,2009,Total,TWh,66.21
Austria,2009,Electricity imports,TWh,0.78
Austria,2009,Aggregate fuel,mtCO2,1.92
Austria,2009,Aggregate fuel,mtCO2,11.05
Austria,2009,Aggregate fuel,mtCO2,7.45
Austria,2009,Aggregate fuel,mtCO2,1.9
Austria,2009,Aggregate fuel,mtCO2,1.92
Austria,2009,Aggregate fuel,mtCO2,0.02
Austria,2009,CO2 intensity,gCO2/kWh,195.89
Austria,2009,Fuel,mtCO2,0.93
Austria,2009,Fuel,mtCO2,3.6
Austria,2009,Fuel,mtCO2,5.52
Austria,2009,Fuel,mtCO2,0.97
Austria,2009,Fuel,mtCO2,0.0
Austria,2009,Fuel,mtCO2,1.93
Austria,2009,Fuel,mtCO2,0.0
Austria,2009,Fuel,mtCO2,0.0
Austria,2009,Fuel,mtCO2,0.02
Austria,2009,Total,mtCO2,12.97
Austria,2010,Aggregate fuel,GW,16.17
Austria,2010,Aggregate fuel,GW,5.65
Austria,2010,Aggregate fuel,GW,4.24
Austria,2010,Aggregate fuel,GW,15.06
Austria,2010,Aggregate fuel,GW,16.17
Austria,2010,Aggregate fuel,GW,1.11
Austria,2010,Fuel,GW,1.93
Austria,2010,Fuel,GW,1.41
Austria,2010,Fuel,GW,3.57
Austria,2010,Fuel,GW,12.89
Austria,2010,Fuel,GW,
Austria,2010,Fuel,GW,0.67
Austria,2010,Fuel,GW,0.24
Austria,2010,Fuel,GW,0.09
Austria,2010,Fuel,GW,1.02
Austria,2010,Demand,TWh,70.26
Austria,2010,Demand per capita,MWh,8.4
Austria,2010,Aggregate fuel,%,66.34
Austria,2010,Aggregate fuel,%,33.66
Austria,2010,Aggregate fuel,%,26.41
Austria,2010,Aggregate fuel,%,63.17
Austria,2010,Aggregate fuel,%,66.34
Austria,2010,Aggregate fuel,%,3.17
Austria,2010,Aggregate fuel,TWh,44.99
Austria,2010,Aggregate fuel,TWh,22.83
Austria,2010,Aggregate fuel,TWh,17.91
Austria,2010,Aggregate fuel,TWh,42.84
Austria,2010,Aggregate fuel,TWh,44.99
Austria,2010,Aggregate fuel,TWh,2.15
Austria,2010,Fuel,%,6.61
Austria,2010,Fuel,%,7.25
Austria,2010,Fuel,%,21.16
Austria,2010,Fuel,%,56.56
Austria,2010,Fuel,%,0.0
Austria,2010,Fuel,%,5.25
Austria,2010,Fuel,%,0.0
Austria,2010,Fuel,%,0.13
Austria,2010,Fuel,%,3.04
Austria,2010,Fuel,TWh,4.48
Austria,2010,Fuel,TWh,4.92
Austria,2010,Fuel,TWh,14.35
Austria,2010,Fuel,TWh,38.36
Austria,2010,Fuel,TWh,0.0
Austria,2010,Fuel,TWh,3.56
Austria,2010,Fuel,TWh,0.0
Austria,2010,Fuel,TWh,0.09
Austria,2010,Fuel,TWh,2.06
Austria,2010,Total,TWh,67.82
Austria,2010,Electricity imports,TWh,2.44
Austria,2010,Aggregate fuel,mtCO2,1.91
Austria,2010,Aggregate fuel,mtCO2,13.47
Austria,2010,Aggregate fuel,mtCO2,8.76
Austria,2010,Aggregate fuel,mtCO2,1.88
Austria,2010,Aggregate fuel,mtCO2,1.91
Austria,2010,Aggregate fuel,mtCO2,0.03
Austria,2010,CO2 intensity,gCO2/kWh,226.78
Austria,2010,Fuel,mtCO2,0.97
Austria,2010,Fuel,mtCO2,4.71
Austria,2010,Fuel,mtCO2,6.42
Austria,2010,Fuel,mtCO2,0.91
Austria,2010,Fuel,mtCO2,0.0
Austria,2010,Fuel,mtCO2,2.34
Austria,2010,Fuel,mtCO2,0.0
Austria,2010,Fuel,mtCO2,0.0
Austria,2010,Fuel,mtCO2,0.03
Austria,2010,Total,mtCO2,15.38
Austria,2011,Aggregate fuel,GW,16.72
Austria,2011,Aggregate fuel,GW,5.45
Austria,2011,Aggregate fuel,GW,4.24
Austria,2011,Aggregate fuel,GW,15.43
Austria,2011,Aggregate fuel,GW,16.72
Austria,2011,Aggregate fuel,GW,1.29
Austria,2011,Fuel,GW,2.01
Austria,2011,Fuel,GW,1.21
Austria,2011,Fuel,GW,3.57
Austria,2011,Fuel,GW,13.18
Austria,2011,Fuel,GW,
Austria,2011,Fuel,GW,0.67
Austria,2011,Fuel,GW,0.24
Austria,2011,Fuel,GW,0.18
Austria,2011,Fuel,GW,1.11
Austria,2011,Demand,TWh,70.4
Austria,2011,Demand per capita,MWh,8.39
Austria,2011,Aggregate fuel,%,65.77
Austria,2011,Aggregate fuel,%,34.23
Austria,2011,Aggregate fuel,%,25.5
Austria,2011,Aggregate fuel,%,62.38
Austria,2011,Aggregate fuel,%,65.77
Austria,2011,Aggregate fuel,%,3.39
Austria,2011,Aggregate fuel,TWh,40.91
Austria,2011,Aggregate fuel,TWh,21.29
Austria,2011,Aggregate fuel,TWh,15.86
Austria,2011,Aggregate fuel,TWh,38.8
Austria,2011,Aggregate fuel,TWh,40.91
Austria,2011,Aggregate fuel,TWh,2.11
Austria,2011,Fuel,%,7.33
Austria,2011,Fuel,%,8.73
Austria,2011,Fuel,%,20.0
Austria,2011,Fuel,%,55.05
Austria,2011,Fuel,%,0.0
Austria,2011,Fuel,%,5.5
Austria,2011,Fuel,%,0.0
Austria,2011,Fuel,%,0.27
Austria,2011,Fuel,%,3.12
Austria,2011,Fuel,TWh,4.56
Austria,2011,Fuel,TWh,5.43
Austria,2011,Fuel,TWh,12.44
Austria,2011,Fuel,TWh,34.24
Austria,2011,Fuel,TWh,0.0
Austria,2011,Fuel,TWh,3.42
Austria,2011,Fuel,TWh,0.0
Austria,2011,Fuel,TWh,0.17
Austria,2011,Fuel,TWh,1.94
Austria,2011,Total,TWh,62.2
Austria,2011,Electricity imports,TWh,8.2
Austria,2011,Aggregate fuel,mtCO2,1.83
Austria,2011,Aggregate fuel,mtCO2,13.01
Austria,2011,Aggregate fuel,mtCO2,7.81
Austria,2011,Aggregate fuel,mtCO2,1.8
Austria,2011,Aggregate fuel,mtCO2,1.83
Austria,2011,Aggregate fuel,mtCO2,0.03
Austria,2011,CO2 intensity,gCO2/kWh,238.59
Austria,2011,Fuel,mtCO2,0.99
Austria,2011,Fuel,mtCO2,5.2
Austria,2011,Fuel,mtCO2,5.56
Austria,2011,Fuel,mtCO2,0.81
Austria,2011,Fuel,mtCO2,0.0
Austria,2011,Fuel,mtCO2,2.25
Austria,2011,Fuel,mtCO2,0.0
Austria,2011,Fuel,mtCO2,0.01
Austria,2011,Fuel,mtCO2,0.02
Austria,2011,Total,mtCO2,14.84
Austria,2012,Aggregate fuel,GW,16.66
Austria,2012,Aggregate fuel,GW,6.4
Austria,2012,Aggregate fuel,GW,5.19
Austria,2012,Aggregate fuel,GW,14.98
Austria,2012,Aggregate fuel,GW,16.66
Austria,2012,Aggregate fuel,GW,1.68
Austria,2012,Fuel,GW,1.38
Austria,2012,Fuel,GW,1.21
Austria,2012,Fuel,GW,4.41
Austria,2012,Fuel,GW,13.31
Austria,2012,Fuel,GW,
Austria,2012,Fuel,GW,0.78
Austria,2012,Fuel,GW,0.29
Austria,2012,Fuel,GW,0.34
Austria,2012,Fuel,GW,1.34
Austria,2012,Demand,TWh,71.45
Austria,2012,Demand per capita,MWh,8.47
Austria,2012,Aggregate fuel,%,74.77
Austria,2012,Aggregate fuel,%,25.22
Austria,2012,Aggregate fuel,%,18.83
Austria,2012,Aggregate fuel,%,70.69
Austria,2012,Aggregate fuel,%,74.77
Austria,2012,Aggregate fuel,%,4.08
Austria,2012,Aggregate fuel,TWh,51.33
Austria,2012,Aggregate fuel,TWh,17.32
Austria,2012,Aggregate fuel,TWh,12.93
Austria,2012,Aggregate fuel,TWh,48.53
Austria,2012,Aggregate fuel,TWh,51.33
Austria,2012,Aggregate fuel,TWh,2.8
Austria,2012,Fuel,%,6.82
Austria,2012,Fuel,%,6.39
Austria,2012,Fuel,%,14.14
Austria,2012,Fuel,%,63.87
Austria,2012,Fuel,%,0.0
Austria,2012,Fuel,%,4.69
Austria,2012,Fuel,%,0.0
Austria,2012,Fuel,%,0.5
Austria,2012,Fuel,%,3.58
Austria,2012,Fuel,TWh,4.68
Austria,2012,Fuel,TWh,4.39
Austria,2012,Fuel,TWh,9.71
Austria,2012,Fuel,TWh,43.85
Austria,2012,Fuel,TWh,0.0
Austria,2012,Fuel,TWh,3.22
Austria,2012,Fuel,TWh,0.0
Austria,2012,Fuel,TWh,0.34
Austria,2012,Fuel,TWh,2.46
Austria,2012,Total,TWh,68.65
Austria,2012,Electricity imports,TWh,2.8
Austria,2012,Aggregate fuel,mtCO2,2.1
Austria,2012,Aggregate fuel,mtCO2,10.66
Austria,2012,Aggregate fuel,mtCO2,6.46
Austria,2012,Aggregate fuel,mtCO2,2.05
Austria,2012,Aggregate fuel,mtCO2,2.1
Austria,2012,Aggregate fuel,mtCO2,0.05
Austria,2012,CO2 intensity,gCO2/kWh,185.87
Austria,2012,Fuel,mtCO2,1.01
Austria,2012,Fuel,mtCO2,4.2
Austria,2012,Fuel,mtCO2,4.34
Austria,2012,Fuel,mtCO2,1.04
Austria,2012,Fuel,mtCO2,0.0
Austria,2012,Fuel,mtCO2,2.12
Austria,2012,Fuel,mtCO2,0.0
Austria,2012,Fuel,mtCO2,0.02
Austria,2012,Fuel,mtCO2,0.03
Austria,2012,Total,mtCO2,12.76
Austria,2013,Aggregate fuel,GW,17.19
Austria,2013,Aggregate fuel,GW,6.41
Austria,2013,Aggregate fuel,GW,5.2
Austria,2013,Aggregate fuel,GW,14.89
Austria,2013,Aggregate fuel,GW,17.19
Austria,2013,Aggregate fuel,GW,2.3
Austria,2013,Fuel,GW,1.22
Austria,2013,Fuel,GW,1.21
Austria,2013,Fuel,GW,4.41
Austria,2013,Fuel,GW,13.38
Austria,2013,Fuel,GW,
Austria,2013,Fuel,GW,0.79
Austria,2013,Fuel,GW,0.29
Austria,2013,Fuel,GW,0.63
Austria,2013,Fuel,GW,1.67
Austria,2013,Demand,TWh,71.82
Austria,2013,Demand per capita,MWh,8.47
Austria,2013,Aggregate fuel,%,78.24
Austria,2013,Aggregate fuel,%,21.76
Austria,2013,Aggregate fuel,%,15.24
Austria,2013,Aggregate fuel,%,72.38
Austria,2013,Aggregate fuel,%,78.24
Austria,2013,Aggregate fuel,%,5.86
Austria,2013,Aggregate fuel,TWh,50.5
Austria,2013,Aggregate fuel,TWh,14.05
Austria,2013,Aggregate fuel,TWh,9.84
Austria,2013,Aggregate fuel,TWh,46.72
Austria,2013,Aggregate fuel,TWh,50.5
Austria,2013,Aggregate fuel,TWh,3.78
Austria,2013,Fuel,%,7.28
Austria,2013,Fuel,%,6.52
Austria,2013,Fuel,%,10.3
Austria,2013,Fuel,%,65.1
Austria,2013,Fuel,%,0.0
Austria,2013,Fuel,%,4.94
Austria,2013,Fuel,%,0.0
Austria,2013,Fuel,%,0.98
Austria,2013,Fuel,%,4.88
Austria,2013,Fuel,TWh,4.7
Austria,2013,Fuel,TWh,4.21
Austria,2013,Fuel,TWh,6.65
Austria,2013,Fuel,TWh,42.02
Austria,2013,Fuel,TWh,0.0
Austria,2013,Fuel,TWh,3.19
Austria,2013,Fuel,TWh,0.0
Austria,2013,Fuel,TWh,0.63
Austria,2013,Fuel,TWh,3.15
Austria,2013,Total,TWh,64.55
Austria,2013,Electricity imports,TWh,7.27
Austria,2013,Aggregate fuel,mtCO2,2.09
Austria,2013,Aggregate fuel,mtCO2,9.1
Austria,2013,Aggregate fuel,mtCO2,5.07
Austria,2013,Aggregate fuel,mtCO2,2.02
Austria,2013,Aggregate fuel,mtCO2,2.09
Austria,2013,Aggregate fuel,mtCO2,0.07
Austria,2013,CO2 intensity,gCO2/kWh,173.35
Austria,2013,Fuel,mtCO2,1.02
Austria,2013,Fuel,mtCO2,4.03
Austria,2013,Fuel,mtCO2,2.97
Austria,2013,Fuel,mtCO2,1.0
Austria,2013,Fuel,mtCO2,0.0
Austria,2013,Fuel,mtCO2,2.1
Austria,2013,Fuel,mtCO2,0.0
Austria,2013,Fuel,mtCO2,0.03
Austria,2013,Fuel,mtCO2,0.04
Austria,2013,Total,mtCO2,11.19
Austria,2014,Aggregate fuel,GW,17.84
Austria,2014,Aggregate fuel,GW,6.32
Austria,2014,Aggregate fuel,GW,5.11
Austria,2014,Aggregate fuel,GW,14.94
Austria,2014,Aggregate fuel,GW,17.84
Austria,2014,Aggregate fuel,GW,2.9
Austria,2014,Fuel,GW,1.15
Austria,2014,Fuel,GW,1.21
Austria,2014,Fuel,GW,4.41
Austria,2014,Fuel,GW,13.53
Austria,2014,Fuel,GW,
Austria,2014,Fuel,GW,0.7
Austria,2014,Fuel,GW,0.26
Austria,2014,Fuel,GW,0.79
Austria,2014,Fuel,GW,2.11
Austria,2014,Demand,TWh,70.82
Austria,2014,Demand per capita,MWh,8.29
Austria,2014,Aggregate fuel,%,81.56
Austria,2014,Aggregate fuel,%,18.44
Austria,2014,Aggregate fuel,%,13.66
Austria,2014,Aggregate fuel,%,74.02
Austria,2014,Aggregate fuel,%,81.56
Austria,2014,Aggregate fuel,%,7.54
Austria,2014,Aggregate fuel,TWh,50.2
Austria,2014,Aggregate fuel,TWh,11.35
Austria,2014,Aggregate fuel,TWh,8.41
Austria,2014,Aggregate fuel,TWh,45.56
Austria,2014,Aggregate fuel,TWh,50.2
Austria,2014,Aggregate fuel,TWh,4.64
Austria,2014,Fuel,%,7.39
Austria,2014,Fuel,%,4.78
Austria,2014,Fuel,%,8.64
Austria,2014,Fuel,%,66.63
Austria,2014,Fuel,%,0.0
Austria,2014,Fuel,%,5.02
Austria,2014,Fuel,%,0.0
Austria,2014,Fuel,%,1.28
Austria,2014,Fuel,%,6.26
Austria,2014,Fuel,TWh,4.55
Austria,2014,Fuel,TWh,2.94
Austria,2014,Fuel,TWh,5.32
Austria,2014,Fuel,TWh,41.01
Austria,2014,Fuel,TWh,0.0
Austria,2014,Fuel,TWh,3.09
Austria,2014,Fuel,TWh,0.0
Austria,2014,Fuel,TWh,0.79
Austria,2014,Fuel,TWh,3.85
Austria,2014,Total,TWh,61.55
Austria,2014,Electricity imports,TWh,9.27
Austria,2014,Aggregate fuel,mtCO2,2.04
Austria,2014,Aggregate fuel,mtCO2,7.22
Austria,2014,Aggregate fuel,mtCO2,4.41
Austria,2014,Aggregate fuel,mtCO2,1.95
Austria,2014,Aggregate fuel,mtCO2,2.04
Austria,2014,Aggregate fuel,mtCO2,0.09
Austria,2014,CO2 intensity,gCO2/kWh,150.45
Austria,2014,Fuel,mtCO2,0.98
Austria,2014,Fuel,mtCO2,2.81
Austria,2014,Fuel,mtCO2,2.38
Austria,2014,Fuel,mtCO2,0.97
Austria,2014,Fuel,mtCO2,0.0
Austria,2014,Fuel,mtCO2,2.03
Austria,2014,Fuel,mtCO2,0.0
Austria,2014,Fuel,mtCO2,0.04
Austria,2014,Fuel,mtCO2,0.05
Austria,2014,Total,mtCO2,9.26
Austria,2015,Aggregate fuel,GW,18.47
Austria,2015,Aggregate fuel,GW,5.91
Austria,2015,Aggregate fuel,GW,5.15
Austria,2015,Aggregate fuel,GW,15.04
Austria,2015,Aggregate fuel,GW,18.47
Austria,2015,Aggregate fuel,GW,3.43
Austria,2015,Fuel,GW,1.13
Austria,2015,Fuel,GW,0.76
Austria,2015,Fuel,GW,4.41
Austria,2015,Fuel,GW,13.65
Austria,2015,Fuel,GW,
Austria,2015,Fuel,GW,0.74
Austria,2015,Fuel,GW,0.26
Austria,2015,Fuel,GW,0.94
Austria,2015,Fuel,GW,2.49
Austria,2015,Demand,TWh,71.84
Austria,2015,Demand per capita,MWh,8.31
Austria,2015,Aggregate fuel,%,77.03
Austria,2015,Aggregate fuel,%,22.97
Austria,2015,Aggregate fuel,%,18.19
Austria,2015,Aggregate fuel,%,67.68
Austria,2015,Aggregate fuel,%,77.03
Austria,2015,Aggregate fuel,%,9.35
Austria,2015,Aggregate fuel,TWh,47.59
Austria,2015,Aggregate fuel,TWh,14.19
Austria,2015,Aggregate fuel,TWh,11.24
Austria,2015,Aggregate fuel,TWh,41.81
Austria,2015,Aggregate fuel,TWh,47.59
Austria,2015,Aggregate fuel,TWh,5.78
Austria,2015,Fuel,%,7.53
Austria,2015,Fuel,%,4.78
Austria,2015,Fuel,%,12.4
Austria,2015,Fuel,%,60.15
Austria,2015,Fuel,%,0.0
Austria,2015,Fuel,%,5.79
Austria,2015,Fuel,%,0.0
Austria,2015,Fuel,%,1.52
Austria,2015,Fuel,%,7.83
Austria,2015,Fuel,TWh,4.65
Austria,2015,Fuel,TWh,2.95
Austria,2015,Fuel,TWh,7.66
Austria,2015,Fuel,TWh,37.16
Austria,2015,Fuel,TWh,0.0
Austria,2015,Fuel,TWh,3.58
Austria,2015,Fuel,TWh,0.0
Austria,2015,Fuel,TWh,0.94
Austria,2015,Fuel,TWh,4.84
Austria,2015,Total,TWh,61.78
Austria,2015,Electricity imports,TWh,10.06
Austria,2015,Aggregate fuel,mtCO2,1.99
Austria,2015,Aggregate fuel,mtCO2,8.64
Austria,2015,Aggregate fuel,mtCO2,5.79
Austria,2015,Aggregate fuel,mtCO2,1.89
Austria,2015,Aggregate fuel,mtCO2,1.99
Austria,2015,Aggregate fuel,mtCO2,0.1
Austria,2015,CO2 intensity,gCO2/kWh,172.06
Austria,2015,Fuel,mtCO2,1.01
Austria,2015,Fuel,mtCO2,2.85
Austria,2015,Fuel,mtCO2,3.43
Austria,2015,Fuel,mtCO2,0.88
Austria,2015,Fuel,mtCO2,0.0
Austria,2015,Fuel,mtCO2,2.36
Austria,2015,Fuel,mtCO2,0.0
Austria,2015,Fuel,mtCO2,0.04
Austria,2015,Fuel,mtCO2,0.06
Austria,2015,Total,mtCO2,10.63
Austria,2016,Aggregate fuel,GW,19.34
Austria,2016,Aggregate fuel,GW,5.72
Austria,2016,Aggregate fuel,GW,5.12
Austria,2016,Aggregate fuel,GW,15.51
Austria,2016,Aggregate fuel,GW,19.34
Austria,2016,Aggregate fuel,GW,3.83
Austria,2016,Fuel,GW,1.12
Austria,2016,Fuel,GW,0.6
Austria,2016,Fuel,GW,4.41
Austria,2016,Fuel,GW,14.12
Austria,2016,Fuel,GW,
Austria,2016,Fuel,GW,0.71
Austria,2016,Fuel,GW,0.27
Austria,2016,Fuel,GW,1.1
Austria,2016,Fuel,GW,2.73
Austria,2016,Demand,TWh,72.03
Austria,2016,Demand per capita,MWh,8.24
Austria,2016,Aggregate fuel,%,78.75
Austria,2016,Aggregate fuel,%,21.26
Austria,2016,Aggregate fuel,%,18.12
Austria,2016,Aggregate fuel,%,68.99
Austria,2016,Aggregate fuel,%,78.75
Austria,2016,Aggregate fuel,%,9.76
Austria,2016,Aggregate fuel,TWh,51.08
Austria,2016,Aggregate fuel,TWh,13.79
Austria,2016,Aggregate fuel,TWh,11.75
Austria,2016,Aggregate fuel,TWh,44.75
Austria,2016,Aggregate fuel,TWh,51.08
Austria,2016,Aggregate fuel,TWh,6.33
Austria,2016,Fuel,%,7.37
Austria,2016,Fuel,%,3.14
Austria,2016,Fuel,%,13.09
Austria,2016,Fuel,%,61.62
Austria,2016,Fuel,%,0.0
Austria,2016,Fuel,%,5.03
Austria,2016,Fuel,%,0.0
Austria,2016,Fuel,%,1.7
Austria,2016,Fuel,%,8.06
Austria,2016,Fuel,TWh,4.78
Austria,2016,Fuel,TWh,2.04
Austria,2016,Fuel,TWh,8.49
Austria,2016,Fuel,TWh,39.97
Austria,2016,Fuel,TWh,0.0
Austria,2016,Fuel,TWh,3.26
Austria,2016,Fuel,TWh,0.0
Austria,2016,Fuel,TWh,1.1
Austria,2016,Fuel,TWh,5.23
Austria,2016,Total,TWh,64.87
Austria,2016,Electricity imports,TWh,7.16
Austria,2016,Aggregate fuel,mtCO2,2.09
Austria,2016,Aggregate fuel,mtCO2,7.94
Austria,2016,Aggregate fuel,mtCO2,5.95
Austria,2016,Aggregate fuel,mtCO2,1.98
Austria,2016,Aggregate fuel,mtCO2,2.09
Austria,2016,Aggregate fuel,mtCO2,0.11
Austria,2016,CO2 intensity,gCO2/kWh,154.62
Austria,2016,Fuel,mtCO2,1.03
Austria,2016,Fuel,mtCO2,1.99
Austria,2016,Fuel,mtCO2,3.8
Austria,2016,Fuel,mtCO2,0.95
Austria,2016,Fuel,mtCO2,0.0
Austria,2016,Fuel,mtCO2,2.15
Austria,2016,Fuel,mtCO2,0.0
Austria,2016,Fuel,mtCO2,0.05
Austria,2016,Fuel,mtCO2,0.06
Austria,2016,Total,mtCO2,10.03
Austria,2017,Aggregate fuel,GW,19.6
Austria,2017,Aggregate fuel,GW,5.79
Austria,2017,Aggregate fuel,GW,5.19
Austria,2017,Aggregate fuel,GW,15.44
Austria,2017,Aggregate fuel,GW,19.6
Austria,2017,Aggregate fuel,GW,4.16
Austria,2017,Fuel,GW,1.02
Austria,2017,Fuel,GW,0.6
Austria,2017,Fuel,GW,4.48
Austria,2017,Fuel,GW,14.15
Austria,2017,Fuel,GW,
Austria,2017,Fuel,GW,0.71
Austria,2017,Fuel,GW,0.27
Austria,2017,Fuel,GW,1.27
Austria,2017,Fuel,GW,2.89
Austria,2017,Demand,TWh,73.64
Austria,2017,Demand per capita,MWh,8.37
Austria,2017,Aggregate fuel,%,76.08
Austria,2017,Aggregate fuel,%,23.9
Austria,2017,Aggregate fuel,%,21.28
Austria,2017,Aggregate fuel,%,64.4
Austria,2017,Aggregate fuel,%,76.08
Austria,2017,Aggregate fuel,%,11.68
Austria,2017,Aggregate fuel,TWh,51.05
Austria,2017,Aggregate fuel,TWh,16.04
Austria,2017,Aggregate fuel,TWh,14.28
Austria,2017,Aggregate fuel,TWh,43.21
Austria,2017,Aggregate fuel,TWh,51.05
Austria,2017,Aggregate fuel,TWh,7.84
Austria,2017,Fuel,%,7.33
Austria,2017,Fuel,%,2.62
Austria,2017,Fuel,%,16.26
Austria,2017,Fuel,%,57.07
Austria,2017,Fuel,%,0.0
Austria,2017,Fuel,%,5.02
Austria,2017,Fuel,%,0.0
Austria,2017,Fuel,%,1.89
Austria,2017,Fuel,%,9.79
Austria,2017,Fuel,TWh,4.92
Austria,2017,Fuel,TWh,1.76
Austria,2017,Fuel,TWh,10.91
Austria,2017,Fuel,TWh,38.29
Austria,2017,Fuel,TWh,0.0
Austria,2017,Fuel,TWh,3.37
Austria,2017,Fuel,TWh,0.0
Austria,2017,Fuel,TWh,1.27
Austria,2017,Fuel,TWh,6.57
Austria,2017,Total,TWh,67.09
Austria,2017,Electricity imports,TWh,6.55
Austria,2017,Aggregate fuel,mtCO2,2.11
Austria,2017,Aggregate fuel,mtCO2,8.82
Austria,2017,Aggregate fuel,mtCO2,7.1
Austria,2017,Aggregate fuel,mtCO2,1.97
Austria,2017,Aggregate fuel,mtCO2,2.11
Austria,2017,Aggregate fuel,mtCO2,0.14
Austria,2017,CO2 intensity,gCO2/kWh,162.92
Austria,2017,Fuel,mtCO2,1.06
Austria,2017,Fuel,mtCO2,1.72
Austria,2017,Fuel,mtCO2,4.88
Austria,2017,Fuel,mtCO2,0.91
Austria,2017,Fuel,mtCO2,0.0
Austria,2017,Fuel,mtCO2,2.22
Austria,2017,Fuel,mtCO2,0.0
Austria,2017,Fuel,mtCO2,0.06
Austria,2017,Fuel,mtCO2,0.08
Austria,2017,Total,mtCO2,10.93
Austria,2018,Aggregate fuel,GW,20.38
Austria,2018,Aggregate fuel,GW,5.79
Austria,2018,Aggregate fuel,GW,5.19
Austria,2018,Aggregate fuel,GW,15.79
Austria,2018,Aggregate fuel,GW,20.38
Austria,2018,Aggregate fuel,GW,4.59
Austria,2018,Fuel,GW,1.0
Austria,2018,Fuel,GW,0.6
Austria,2018,Fuel,GW,4.48
Austria,2018,Fuel,GW,14.52
Austria,2018,Fuel,GW,
Austria,2018,Fuel,GW,0.71
Austria,2018,Fuel,GW,0.27
Austria,2018,Fuel,GW,1.46
Austria,2018,Fuel,GW,3.13
Austria,2018,Demand,TWh,73.62
Austria,2018,Demand per capita,MWh,8.33
Austria,2018,Aggregate fuel,%,77.4
Austria,2018,Aggregate fuel,%,22.59
Austria,2018,Aggregate fuel,%,19.79
Austria,2018,Aggregate fuel,%,65.82
Austria,2018,Aggregate fuel,%,77.4
Austria,2018,Aggregate fuel,%,11.58
Austria,2018,Aggregate fuel,TWh,50.06
Austria,2018,Aggregate fuel,TWh,14.61
Austria,2018,Aggregate fuel,TWh,12.8
Austria,2018,Aggregate fuel,TWh,42.57
Austria,2018,Aggregate fuel,TWh,50.06
Austria,2018,Aggregate fuel,TWh,7.49
Austria,2018,Fuel,%,7.62
Austria,2018,Fuel,%,2.8
Austria,2018,Fuel,%,15.34
Austria,2018,Fuel,%,58.2
Austria,2018,Fuel,%,0.0
Austria,2018,Fuel,%,4.45
Austria,2018,Fuel,%,0.0
Austria,2018,Fuel,%,2.26
Austria,2018,Fuel,%,9.32
Austria,2018,Fuel,TWh,4.93
Austria,2018,Fuel,TWh,1.81
Austria,2018,Fuel,TWh,9.92
Austria,2018,Fuel,TWh,37.64
Austria,2018,Fuel,TWh,0.0
Austria,2018,Fuel,TWh,2.88
Austria,2018,Fuel,TWh,0.0
Austria,2018,Fuel,TWh,1.46
Austria,2018,Fuel,TWh,6.03
Austria,2018,Total,TWh,64.67
Austria,2018,Electricity imports,TWh,8.95
Austria,2018,Aggregate fuel,mtCO2,2.1
Austria,2018,Aggregate fuel,mtCO2,8.11
Austria,2018,Aggregate fuel,mtCO2,6.34
Austria,2018,Aggregate fuel,mtCO2,1.96
Austria,2018,Aggregate fuel,mtCO2,2.1
Austria,2018,Aggregate fuel,mtCO2,0.14
Austria,2018,CO2 intensity,gCO2/kWh,157.88
Austria,2018,Fuel,mtCO2,1.07
Austria,2018,Fuel,mtCO2,1.77
Austria,2018,Fuel,mtCO2,4.44
Austria,2018,Fuel,mtCO2,0.89
Austria,2018,Fuel,mtCO2,0.0
Austria,2018,Fuel,mtCO2,1.9
Austria,2018,Fuel,mtCO2,0.0
Austria,2018,Fuel,mtCO2,0.07
Austria,2018,Fuel,mtCO2,0.07
Austria,2018,Total,mtCO2,10.21
Austria,2019,Aggregate fuel,GW,20.77
Austria,2019,Aggregate fuel,GW,5.44
Austria,2019,Aggregate fuel,GW,5.19
Austria,2019,Aggregate fuel,GW,15.85
Austria,2019,Aggregate fuel,GW,20.77
Austria,2019,Aggregate fuel,GW,4.92
Austria,2019,Fuel,GW,0.98
Austria,2019,Fuel,GW,0.25
Austria,2019,Fuel,GW,4.48
Austria,2019,Fuel,GW,14.6
Austria,2019,Fuel,GW,
Austria,2019,Fuel,GW,0.71
Austria,2019,Fuel,GW,0.27
Austria,2019,Fuel,GW,1.7
Austria,2019,Fuel,GW,3.22
Austria,2019,Demand,TWh,73.82
Austria,2019,Demand per capita,MWh,8.31
Austria,2019,Aggregate fuel,%,77.29
Austria,2019,Aggregate fuel,%,22.7
Austria,2019,Aggregate fuel,%,20.58
Austria,2019,Aggregate fuel,%,64.35
Austria,2019,Aggregate fuel,%,77.29
Austria,2019,Aggregate fuel,%,12.94
Austria,2019,Aggregate fuel,TWh,54.64
Austria,2019,Aggregate fuel,TWh,16.05
Austria,2019,Aggregate fuel,TWh,14.55
Austria,2019,Aggregate fuel,TWh,45.49
Austria,2019,Aggregate fuel,TWh,54.64
Austria,2019,Aggregate fuel,TWh,9.15
Austria,2019,Fuel,%,6.59
Austria,2019,Fuel,%,2.12
Austria,2019,Fuel,%,16.01
Austria,2019,Fuel,%,57.76
Austria,2019,Fuel,%,0.0
Austria,2019,Fuel,%,4.57
Austria,2019,Fuel,%,0.0
Austria,2019,Fuel,%,2.4
Austria,2019,Fuel,%,10.54
Austria,2019,Fuel,TWh,4.66
Austria,2019,Fuel,TWh,1.5
Austria,2019,Fuel,TWh,11.32
Austria,2019,Fuel,TWh,40.83
Austria,2019,Fuel,TWh,0.0
Austria,2019,Fuel,TWh,3.23
Austria,2019,Fuel,TWh,0.0
Austria,2019,Fuel,TWh,1.7
Austria,2019,Fuel,TWh,7.45
Austria,2019,Total,TWh,70.69
Austria,2019,Electricity imports,TWh,3.13
Austria,2019,Aggregate fuel,mtCO2,2.15
Austria,2019,Aggregate fuel,mtCO2,8.65
Austria,2019,Aggregate fuel,mtCO2,7.19
Austria,2019,Aggregate fuel,mtCO2,1.98
Austria,2019,Aggregate fuel,mtCO2,2.15
Austria,2019,Aggregate fuel,mtCO2,0.17
Austria,2019,CO2 intensity,gCO2/kWh,152.78
Austria,2019,Fuel,mtCO2,1.01
Austria,2019,Fuel,mtCO2,1.46
Austria,2019,Fuel,mtCO2,5.06
Austria,2019,Fuel,mtCO2,0.97
Austria,2019,Fuel,mtCO2,0.0
Austria,2019,Fuel,mtCO2,2.13
Austria,2019,Fuel,mtCO2,0.0
Austria,2019,Fuel,mtCO2,0.08
Austria,2019,Fuel,mtCO2,0.09
Austria,2019,Total,mtCO2,10.8
Austria,2020,Aggregate fuel,GW,21.15
Austria,2020,Aggregate fuel,GW,5.68
Austria,2020,Aggregate fuel,GW,5.68
Austria,2020,Aggregate fuel,GW,15.88
Austria,2020,Aggregate fuel,GW,21.15
Austria,2020,Aggregate fuel,GW,5.27
Austria,2020,Fuel,GW,0.98
Austria,2020,Fuel,GW,0.0
Austria,2020,Fuel,GW,4.97
Austria,2020,Fuel,GW,14.63
Austria,2020,Fuel,GW,
Austria,2020,Fuel,GW,0.71
Austria,2020,Fuel,GW,0.27
Austria,2020,Fuel,GW,2.04
Austria,2020,Fuel,GW,3.23
Austria,2020,Demand,TWh,71.24
Austria,2020,Demand per capita,MWh,7.99
Austria,2020,Aggregate fuel,%,80.26
Austria,2020,Aggregate fuel,%,19.72
Austria,2020,Aggregate fuel,%,18.91
Austria,2020,Aggregate fuel,%,67.48
Austria,2020,Aggregate fuel,%,80.26
Austria,2020,Aggregate fuel,%,12.78
Austria,2020,Aggregate fuel,TWh,55.42
Austria,2020,Aggregate fuel,TWh,13.62
Austria,2020,Aggregate fuel,TWh,13.06
Austria,2020,Aggregate fuel,TWh,46.59
Austria,2020,Aggregate fuel,TWh,55.42
Austria,2020,Aggregate fuel,TWh,8.83
Austria,2020,Fuel,%,6.65
Austria,2020,Fuel,%,0.81
Austria,2020,Fuel,%,14.41
Austria,2020,Fuel,%,60.83
Austria,2020,Fuel,%,0.0
Austria,2020,Fuel,%,4.5
Austria,2020,Fuel,%,0.0
Austria,2020,Fuel,%,2.95
Austria,2020,Fuel,%,9.83
Austria,2020,Fuel,TWh,4.59
Austria,2020,Fuel,TWh,0.56
Austria,2020,Fuel,TWh,9.95
Austria,2020,Fuel,TWh,42.0
Austria,2020,Fuel,TWh,0.0
Austria,2020,Fuel,TWh,3.11
Austria,2020,Fuel,TWh,0.0
Austria,2020,Fuel,TWh,2.04
Austria,2020,Fuel,TWh,6.79
Austria,2020,Total,TWh,69.04
Austria,2020,Electricity imports,TWh,2.2
Austria,2020,Aggregate fuel,mtCO2,2.17
Austria,2020,Aggregate fuel,mtCO2,7.04
Austria,2020,Aggregate fuel,mtCO2,6.5
Austria,2020,Aggregate fuel,mtCO2,1.99
Austria,2020,Aggregate fuel,mtCO2,2.17
Austria,2020,Aggregate fuel,mtCO2,0.18
Austria,2020,CO2 intensity,gCO2/kWh,133.4
Austria,2020,Fuel,mtCO2,0.99
Austria,2020,Fuel,mtCO2,0.54
Austria,2020,Fuel,mtCO2,4.45
Austria,2020,Fuel,mtCO2,1.0
Austria,2020,Fuel,mtCO2,0.0
Austria,2020,Fuel,mtCO2,2.05
Austria,2020,Fuel,mtCO2,0.0
Austria,2020,Fuel,mtCO2,0.1
Austria,2020,Fuel,mtCO2,0.08
Austria,2020,Total,mtCO2,9.21
Austria,2021,Aggregate fuel,GW,22.11
Austria,2021,Aggregate fuel,GW,5.6
Austria,2021,Aggregate fuel,GW,5.6
Austria,2021,Aggregate fuel,GW,15.92
Austria,2021,Aggregate fuel,GW,22.11
Austria,2021,Aggregate fuel,GW,6.19
Austria,2021,Fuel,GW,0.93
Austria,2021,Fuel,GW,0.0
Austria,2021,Fuel,GW,4.97
Austria,2021,Fuel,GW,14.75
Austria,2021,Fuel,GW,
Austria,2021,Fuel,GW,0.63
Austria,2021,Fuel,GW,0.24
Austria,2021,Fuel,GW,2.77
Austria,2021,Fuel,GW,3.42
Austria,2021,Demand,TWh,74.35
Austria,2021,Demand per capita,MWh,8.29
Austria,2021,Aggregate fuel,%,79.16
Austria,2021,Aggregate fuel,%,20.85
Austria,2021,Aggregate fuel,%,20.85
Austria,2021,Aggregate fuel,%,64.92
Austria,2021,Aggregate fuel,%,79.16
Austria,2021,Aggregate fuel,%,14.24
Austria,2021,Aggregate fuel,TWh,52.88
Austria,2021,Aggregate fuel,TWh,13.93
Austria,2021,Aggregate fuel,TWh,13.93
Austria,2021,Aggregate fuel,TWh,43.37
Austria,2021,Aggregate fuel,TWh,52.88
Austria,2021,Aggregate fuel,TWh,9.51
Austria,2021,Fuel,%,6.71
Austria,2021,Fuel,%,0.0
Austria,2021,Fuel,%,15.9
Austria,2021,Fuel,%,58.21
Austria,2021,Fuel,%,0.0
Austria,2021,Fuel,%,4.95
Austria,2021,Fuel,%,0.0
Austria,2021,Fuel,%,4.15
Austria,2021,Fuel,%,10.09
Austria,2021,Fuel,TWh,4.48
Austria,2021,Fuel,TWh,0.0
Austria,2021,Fuel,TWh,10.62
Austria,2021,Fuel,TWh,38.89
Austria,2021,Fuel,TWh,0.0
Austria,2021,Fuel,TWh,3.31
Austria,2021,Fuel,TWh,0.0
Austria,2021,Fuel,TWh,2.77
Austria,2021,Fuel,TWh,6.74
Austria,2021,Total,TWh,66.81
Austria,2021,Electricity imports,TWh,7.54
Austria,2021,Aggregate fuel,mtCO2,2.1
Austria,2021,Aggregate fuel,mtCO2,6.93
Austria,2021,Aggregate fuel,mtCO2,6.93
Austria,2021,Aggregate fuel,mtCO2,1.89
Austria,2021,Aggregate fuel,mtCO2,2.1
Austria,2021,Aggregate fuel,mtCO2,0.21
Austria,2021,CO2 intensity,gCO2/kWh,135.16
Austria,2021,Fuel,mtCO2,0.97
Austria,2021,Fuel,mtCO2,0.0
Austria,2021,Fuel,mtCO2,4.75
Austria,2021,Fuel,mtCO2,0.92
Austria,2021,Fuel,mtCO2,0.0
Austria,2021,Fuel,mtCO2,2.18
Austria,2021,Fuel,mtCO2,0.0
Austria,2021,Fuel,mtCO2,0.13
Austria,2021,Fuel,mtCO2,0.08
Austria,2021,Total,mtCO2,9.03
Austria,2022,Aggregate fuel,GW,23.51
Austria,2022,Aggregate fuel,GW,5.55
Austria,2022,Aggregate fuel,GW,5.55
Austria,2022,Aggregate fuel,GW,16.12
Austria,2022,Aggregate fuel,GW,23.51
Austria,2022,Aggregate fuel,GW,7.39
Austria,2022,Fuel,GW,0.95
Austria,2022,Fuel,GW,0.0
Austria,2022,Fuel,GW,4.92
Austria,2022,Fuel,GW,14.92
Austria,2022,Fuel,GW,
Austria,2022,Fuel,GW,0.63
Austria,2022,Fuel,GW,0.25
Austria,2022,Fuel,GW,3.76
Austria,2022,Fuel,GW,3.63
Austria,2022,Demand,TWh,73.21
Austria,2022,Demand per capita,MWh,8.08
Austria,2022,Aggregate fuel,%,78.16
Austria,2022,Aggregate fuel,%,21.84
Austria,2022,Aggregate fuel,%,21.84
Austria,2022,Aggregate fuel,%,61.06
Austria,2022,Aggregate fuel,%,78.16
Austria,2022,Aggregate fuel,%,17.1
Austria,2022,Aggregate fuel,TWh,50.42
Austria,2022,Aggregate fuel,TWh,14.09
Austria,2022,Aggregate fuel,TWh,14.09
Austria,2022,Aggregate fuel,TWh,39.39
Austria,2022,Aggregate fuel,TWh,50.42
Austria,2022,Aggregate fuel,TWh,11.03
Austria,2022,Fuel,%,7.38
Austria,2022,Fuel,%,0.0
Austria,2022,Fuel,%,16.85
Austria,2022,Fuel,%,53.68
Austria,2022,Fuel,%,0.0
Austria,2022,Fuel,%,4.99
Austria,2022,Fuel,%,0.0
Austria,2022,Fuel,%,5.86
Austria,2022,Fuel,%,11.24
Austria,2022,Fuel,TWh,4.76
Austria,2022,Fuel,TWh,0.0
Austria,2022,Fuel,TWh,10.87
Austria,2022,Fuel,TWh,34.63
Austria,2022,Fuel,TWh,0.0
Austria,2022,Fuel,TWh,3.22
Austria,2022,Fuel,TWh,0.0
Austria,2022,Fuel,TWh,3.78
Austria,2022,Fuel,TWh,7.25
Austria,2022,Total,TWh,64.51
Austria,2022,Electricity imports,TWh,8.7
Austria,2022,Aggregate fuel,mtCO2,2.12
Austria,2022,Aggregate fuel,mtCO2,6.98
Austria,2022,Aggregate fuel,mtCO2,6.98
Austria,2022,Aggregate fuel,mtCO2,1.85
Austria,2022,Aggregate fuel,mtCO2,2.12
Austria,2022,Aggregate fuel,mtCO2,0.27
Austria,2022,CO2 intensity,gCO2/kWh,141.06
Austria,2022,Fuel,mtCO2,1.03
Austria,2022,Fuel,mtCO2,0.0
Austria,2022,Fuel,mtCO2,4.86
Austria,2022,Fuel,mtCO2,0.82
Austria,2022,Fuel,mtCO2,0.0
Austria,2022,Fuel,mtCO2,2.12
Austria,2022,Fuel,mtCO2,0.0
Austria,2022,Fuel,mtCO2,0.18
Austria,2022,Fuel,mtCO2,0.09
Austria,2022,Total,mtCO2,9.1
Austria,2023,Aggregate fuel,GW,26.41
Austria,2023,Aggregate fuel,GW,5.55
Austria,2023,Aggregate fuel,GW,5.55
Austria,2023,Aggregate fuel,GW,16.18
Austria,2023,Aggregate fuel,GW,26.41
Austria,2023,Aggregate fuel,GW,10.23
Austria,2023,Fuel,GW,0.98
Austria,2023,Fuel,GW,0.0
Austria,2023,Fuel,GW,4.92
Austria,2023,Fuel,GW,14.95
Austria,2023,Fuel,GW,
Austria,2023,Fuel,GW,0.63
Austria,2023,Fuel,GW,0.25
Austria,2023,Fuel,GW,6.33
Austria,2023,Fuel,GW,3.9
Austria,2023,Demand,TWh,70.71
Austria,2023,Demand per capita,MWh,7.74
Austria,2023,Aggregate fuel,%,84.71
Austria,2023,Aggregate fuel,%,15.29
Austria,2023,Aggregate fuel,%,15.29
Austria,2023,Aggregate fuel,%,63.9
Austria,2023,Aggregate fuel,%,84.71
Austria,2023,Aggregate fuel,%,20.81
Austria,2023,Aggregate fuel,TWh,59.96
Austria,2023,Aggregate fuel,TWh,10.82
Austria,2023,Aggregate fuel,TWh,10.82
Austria,2023,Aggregate fuel,TWh,45.23
Austria,2023,Aggregate fuel,TWh,59.96
Austria,2023,Aggregate fuel,TWh,14.73
Austria,2023,Fuel,%,6.44
Austria,2023,Fuel,%,0.0
Austria,2023,Fuel,%,10.6
Austria,2023,Fuel,%,57.46
Austria,2023,Fuel,%,0.0
Austria,2023,Fuel,%,4.69
Austria,2023,Fuel,%,0.0
Austria,2023,Fuel,%,9.03
Austria,2023,Fuel,%,11.78
Austria,2023,Fuel,TWh,4.56
Austria,2023,Fuel,TWh,0.0
Austria,2023,Fuel,TWh,7.5
Austria,2023,Fuel,TWh,40.67
Austria,2023,Fuel,TWh,0.0
Austria,2023,Fuel,TWh,3.32
Austria,2023,Fuel,TWh,0.0
Austria,2023,Fuel,TWh,6.39
Austria,2023,Fuel,TWh,8.34
Austria,2023,Total,TWh,70.78
Austria,2023,Electricity imports,TWh,-0.07
Austria,2023,Aggregate fuel,mtCO2,2.36
Austria,2023,Aggregate fuel,mtCO2,5.54
Austria,2023,Aggregate fuel,mtCO2,5.54
Austria,2023,Aggregate fuel,mtCO2,1.96
Austria,2023,Aggregate fuel,mtCO2,2.36
Austria,2023,Aggregate fuel,mtCO2,0.4
Austria,2023,CO2 intensity,gCO2/kWh,111.61
Austria,2023,Fuel,mtCO2,0.99
Austria,2023,Fuel,mtCO2,0.0
Austria,2023,Fuel,mtCO2,3.36
Austria,2023,Fuel,mtCO2,0.97
Austria,2023,Fuel,mtCO2,0.0
Austria,2023,Fuel,mtCO2,2.18
Austria,2023,Fuel,mtCO2,0.0
Austria,2023,Fuel,mtCO2,0.3
Austria,2023,Fuel,mtCO2,0.1
Austria,2023,Total,mtCO2,7.9
Austria,2024,Aggregate fuel,GW,28.85
Austria,2024,Aggregate fuel,GW,5.53
Austria,2024,Aggregate fuel,GW,5.53
Austria,2024,Aggregate fuel,GW,16.34
Austria,2024,Aggregate fuel,GW,28.85
Austria,2024,Aggregate fuel,GW,12.51
Austria,2024,Fuel,GW,0.98
Austria,2024,Fuel,GW,0.0
Austria,2024,Fuel,GW,4.92
Austria,2024,Fuel,GW,15.07
Austria,2024,Fuel,GW,
Austria,2024,Fuel,GW,0.61
Austria,2024,Fuel,GW,0.29
Austria,2024,Fuel,GW,8.48
Austria,2024,Fuel,GW,4.03
Austria,2024,Demand,TWh,71.77
Austria,2024,Demand per capita,MWh,7.87
Austria,2024,Aggregate fuel,%,86.71
Austria,2024,Aggregate fuel,%,13.29
Austria,2024,Aggregate fuel,%,13.29
Austria,2024,Aggregate fuel,%,63.46
Austria,2024,Aggregate fuel,%,86.71
Austria,2024,Aggregate fuel,%,23.25
Austria,2024,Aggregate fuel,TWh,68.11
Austria,2024,Aggregate fuel,TWh,10.44
Austria,2024,Aggregate fuel,TWh,10.44
Austria,2024,Aggregate fuel,TWh,49.85
Austria,2024,Aggregate fuel,TWh,68.11
Austria,2024,Aggregate fuel,TWh,18.26
Austria,2024,Fuel,%,6.48
Austria,2024,Fuel,%,0.0
Austria,2024,Fuel,%,9.06
Austria,2024,Fuel,%,56.98
Austria,2024,Fuel,%,0.0
Austria,2024,Fuel,%,4.23
Austria,2024,Fuel,%,0.0
Austria,2024,Fuel,%,11.23
Austria,2024,Fuel,%,12.02
Austria,2024,Fuel,TWh,5.09
Austria,2024,Fuel,TWh,0.0
Austria,2024,Fuel,TWh,7.12
Austria,2024,Fuel,TWh,44.76
Austria,2024,Fuel,TWh,0.0
Austria,2024,Fuel,TWh,3.32
Austria,2024,Fuel,TWh,0.0
Austria,2024,Fuel,TWh,8.82
Austria,2024,Fuel,TWh,9.44
Austria,2024,Total,TWh,78.55
Austria,2024,Electricity imports,TWh,-6.78
Austria,2024,Aggregate fuel,mtCO2,2.7
Austria,2024,Aggregate fuel,mtCO2,5.37
Austria,2024,Aggregate fuel,mtCO2,5.37
Austria,2024,Aggregate fuel,mtCO2,2.16
Austria,2024,Aggregate fuel,mtCO2,2.7
Austria,2024,Aggregate fuel,mtCO2,0.54
Austria,2024,CO2 intensity,gCO2/kWh,102.74
Austria,2024,Fuel,mtCO2,1.1
Austria,2024,Fuel,mtCO2,0.0
Austria,2024,Fuel,mtCO2,3.19
Austria,2024,Fuel,mtCO2,1.06
Austria,2024,Fuel,mtCO2,0.0
Austria,2024,Fuel,mtCO2,2.18
Austria,2024,Fuel,mtCO2,0.0
Austria,2024,Fuel,mtCO2,0.42
Austria,2024,Fuel,mtCO2,0.12
Austria,2024,Total,mtCO2,8.07
Canada,2000,Aggregate fuel,GW,79.62
Canada,2000,Aggregate fuel,GW,26.72
Canada,2000,Aggregate fuel,GW,8.16
Canada,2000,Aggregate fuel,GW,68.92
Canada,2000,Aggregate fuel,GW,69.01
Canada,2000,Aggregate fuel,GW,0.09
Canada,2000,Fuel,GW,1.69
Canada,2000,Fuel,GW,18.56
Canada,2000,Fuel,GW,5.93
Canada,2000,Fuel,GW,67.23
Canada,2000,Fuel,GW,10.61
Canada,2000,Fuel,GW,2.23
Canada,2000,Fuel,GW,0.0
Canada,2000,Fuel,GW,0.09
Canada,2000,Demand,TWh,567.99
Canada,2000,Demand per capita,MWh,18.39
Canada,2000,Aggregate fuel,%,72.57
Canada,2000,Aggregate fuel,%,27.42
Canada,2000,Aggregate fuel,%,8.17
Canada,2000,Aggregate fuel,%,60.56
Canada,2000,Aggregate fuel,%,60.6
Canada,2000,Aggregate fuel,%,0.04
Canada,2000,Aggregate fuel,TWh,438.25
Canada,2000,Aggregate fuel,TWh,165.57
Canada,2000,Aggregate fuel,TWh,49.34
Canada,2000,Aggregate fuel,TWh,365.68
Canada,2000,Aggregate fuel,TWh,365.96
Canada,2000,Aggregate fuel,TWh,0.28
Canada,2000,Fuel,%,1.48
Canada,2000,Fuel,%,19.25
Canada,2000,Fuel,%,5.93
Canada,2000,Fuel,%,59.08
Canada,2000,Fuel,%,11.97
Canada,2000,Fuel,%,2.24
Canada,2000,Fuel,%,0.0
Canada,2000,Fuel,%,0.04
Canada,2000,Fuel,TWh,8.92
Canada,2000,Fuel,TWh,116.23
Canada,2000,Fuel,TWh,35.83
Canada,2000,Fuel,TWh,356.76
Canada,2000,Fuel,TWh,72.29
Canada,2000,Fuel,TWh,13.51
Canada,2000,Fuel,TWh,0.02
Canada,2000,Fuel,TWh,0.26
Canada,2000,Total,TWh,603.82
Canada,2000,Electricity imports,TWh,-35.83
Canada,2000,Aggregate fuel,mtCO2,10.75
Canada,2000,Aggregate fuel,mtCO2,137.6
Canada,2000,Aggregate fuel,mtCO2,34.75
Canada,2000,Aggregate fuel,mtCO2,10.41
Canada,2000,Aggregate fuel,mtCO2,10.41
Canada,2000,Aggregate fuel,mtCO2,0.0
Canada,2000,CO2 intensity,gCO2/kWh,245.69
Canada,2000,Fuel,mtCO2,1.93
Canada,2000,Fuel,mtCO2,102.85
Canada,2000,Fuel,mtCO2,25.86
Canada,2000,Fuel,mtCO2,8.48
Canada,2000,Fuel,mtCO2,0.34
Canada,2000,Fuel,mtCO2,8.89
Canada,2000,Fuel,mtCO2,0.0
Canada,2000,Fuel,mtCO2,0.0
Canada,2000,Total,mtCO2,148.35
Canada,2001,Aggregate fuel,GW,79.34
Canada,2001,Aggregate fuel,GW,28.44
Canada,2001,Aggregate fuel,GW,9.88
Canada,2001,Aggregate fuel,GW,68.6
Canada,2001,Aggregate fuel,GW,68.73
Canada,2001,Aggregate fuel,GW,0.13
Canada,2001,Fuel,GW,1.72
Canada,2001,Fuel,GW,18.56
Canada,2001,Fuel,GW,7.65
Canada,2001,Fuel,GW,66.88
Canada,2001,Fuel,GW,10.61
Canada,2001,Fuel,GW,2.23
Canada,2001,Fuel,GW,0.0
Canada,2001,Fuel,GW,0.13
Canada,2001,Demand,TWh,565.46
Canada,2001,Demand per capita,MWh,18.12
Canada,2001,Aggregate fuel,%,71.07
Canada,2001,Aggregate fuel,%,28.94
Canada,2001,Aggregate fuel,%,9.94
Canada,2001,Aggregate fuel,%,58.05
Canada,2001,Aggregate fuel,%,58.11
Canada,2001,Aggregate fuel,%,0.06
Canada,2001,Aggregate fuel,TWh,417.7
Canada,2001,Aggregate fuel,TWh,170.06
Canada,2001,Aggregate fuel,TWh,58.37
Canada,2001,Aggregate fuel,TWh,341.19
Canada,2001,Aggregate fuel,TWh,341.54
Canada,2001,Aggregate fuel,TWh,0.35
Canada,2001,Fuel,%,1.65
Canada,2001,Fuel,%,19.0
Canada,2001,Fuel,%,7.2
Canada,2001,Fuel,%,56.4
Canada,2001,Fuel,%,12.96
Canada,2001,Fuel,%,2.74
Canada,2001,Fuel,%,0.0
Canada,2001,Fuel,%,0.06
Canada,2001,Fuel,TWh,9.67
Canada,2001,Fuel,TWh,111.69
Canada,2001,Fuel,TWh,42.29
Canada,2001,Fuel,TWh,331.52
Canada,2001,Fuel,TWh,76.16
Canada,2001,Fuel,TWh,16.08
Canada,2001,Fuel,TWh,0.02
Canada,2001,Fuel,TWh,0.33
Canada,2001,Total,TWh,587.76
Canada,2001,Electricity imports,TWh,-22.3
Canada,2001,Aggregate fuel,mtCO2,10.33
Canada,2001,Aggregate fuel,mtCO2,139.93
Canada,2001,Aggregate fuel,mtCO2,41.1
Canada,2001,Aggregate fuel,mtCO2,9.97
Canada,2001,Aggregate fuel,mtCO2,9.97
Canada,2001,Aggregate fuel,mtCO2,0.0
Canada,2001,CO2 intensity,gCO2/kWh,255.65
Canada,2001,Fuel,mtCO2,2.09
Canada,2001,Fuel,mtCO2,98.83
Canada,2001,Fuel,mtCO2,30.52
Canada,2001,Fuel,mtCO2,7.88
Canada,2001,Fuel,mtCO2,0.36
Canada,2001,Fuel,mtCO2,10.58
Canada,2001,Fuel,mtCO2,0.0
Canada,2001,Fuel,mtCO2,0.0
Canada,2001,Total,mtCO2,150.26
Canada,2002,Aggregate fuel,GW,81.65
Canada,2002,Aggregate fuel,GW,28.89
Canada,2002,Aggregate fuel,GW,10.33
Canada,2002,Aggregate fuel,GW,70.88
Canada,2002,Aggregate fuel,GW,71.04
Canada,2002,Aggregate fuel,GW,0.16
Canada,2002,Fuel,GW,1.85
Canada,2002,Fuel,GW,18.56
Canada,2002,Fuel,GW,8.1
Canada,2002,Fuel,GW,69.03
Canada,2002,Fuel,GW,10.61
Canada,2002,Fuel,GW,2.23
Canada,2002,Fuel,GW,0.0
Canada,2002,Fuel,GW,0.16
Canada,2002,Demand,TWh,578.48
Canada,2002,Demand per capita,MWh,18.34
Canada,2002,Aggregate fuel,%,72.48
Canada,2002,Aggregate fuel,%,27.52
Canada,2002,Aggregate fuel,%,9.06
Canada,2002,Aggregate fuel,%,59.91
Canada,2002,Aggregate fuel,%,59.98
Canada,2002,Aggregate fuel,%,0.07
Canada,2002,Aggregate fuel,TWh,434.75
Canada,2002,Aggregate fuel,TWh,165.04
Canada,2002,Aggregate fuel,TWh,54.34
Canada,2002,Aggregate fuel,TWh,359.32
Canada,2002,Aggregate fuel,TWh,359.75
Canada,2002,Aggregate fuel,TWh,0.43
Canada,2002,Fuel,%,1.68
Canada,2002,Fuel,%,18.46
Canada,2002,Fuel,%,6.47
Canada,2002,Fuel,%,58.23
Canada,2002,Fuel,%,12.5
Canada,2002,Fuel,%,2.59
Canada,2002,Fuel,%,0.0
Canada,2002,Fuel,%,0.07
Canada,2002,Fuel,TWh,10.05
Canada,2002,Fuel,TWh,110.7
Canada,2002,Fuel,TWh,38.83
Canada,2002,Fuel,TWh,349.27
Canada,2002,Fuel,TWh,75.0
Canada,2002,Fuel,TWh,15.51
Canada,2002,Fuel,TWh,0.02
Canada,2002,Fuel,TWh,0.41
Canada,2002,Total,TWh,599.79
Canada,2002,Electricity imports,TWh,-21.31
Canada,2002,Aggregate fuel,mtCO2,10.82
Canada,2002,Aggregate fuel,mtCO2,136.2
Canada,2002,Aggregate fuel,mtCO2,38.24
Canada,2002,Aggregate fuel,mtCO2,10.47
Canada,2002,Aggregate fuel,mtCO2,10.47
Canada,2002,Aggregate fuel,mtCO2,0.0
Canada,2002,CO2 intensity,gCO2/kWh,245.12
Canada,2002,Fuel,mtCO2,2.17
Canada,2002,Fuel,mtCO2,97.96
Canada,2002,Fuel,mtCO2,28.03
Canada,2002,Fuel,mtCO2,8.3
Canada,2002,Fuel,mtCO2,0.35
Canada,2002,Fuel,mtCO2,10.21
Canada,2002,Fuel,mtCO2,0.0
Canada,2002,Fuel,mtCO2,0.0
Canada,2002,Total,mtCO2,147.02
Canada,2003,Aggregate fuel,GW,83.25
Canada,2003,Aggregate fuel,GW,30.7
Canada,2003,Aggregate fuel,GW,12.14
Canada,2003,Aggregate fuel,GW,72.31
Canada,2003,Aggregate fuel,GW,72.64
Canada,2003,Aggregate fuel,GW,0.33
Canada,2003,Fuel,GW,2.11
Canada,2003,Fuel,GW,18.56
Canada,2003,Fuel,GW,9.91
Canada,2003,Fuel,GW,70.2
Canada,2003,Fuel,GW,10.61
Canada,2003,Fuel,GW,2.23
Canada,2003,Fuel,GW,0.0
Canada,2003,Fuel,GW,0.33
Canada,2003,Demand,TWh,582.53
Canada,2003,Demand per capita,MWh,18.3
Canada,2003,Aggregate fuel,%,71.5
Canada,2003,Aggregate fuel,%,28.49
Canada,2003,Aggregate fuel,%,9.87
Canada,2003,Aggregate fuel,%,58.74
Canada,2003,Aggregate fuel,%,58.86
Canada,2003,Aggregate fuel,%,0.12
Canada,2003,Aggregate fuel,TWh,420.64
Canada,2003,Aggregate fuel,TWh,167.63
Canada,2003,Aggregate fuel,TWh,58.07
Canada,2003,Aggregate fuel,TWh,345.56
Canada,2003,Aggregate fuel,TWh,346.27
Canada,2003,Aggregate fuel,TWh,0.71
Canada,2003,Fuel,%,1.6
Canada,2003,Fuel,%,18.62
Canada,2003,Fuel,%,6.58
Canada,2003,Fuel,%,57.14
Canada,2003,Fuel,%,12.64
Canada,2003,Fuel,%,3.29
Canada,2003,Fuel,%,0.0
Canada,2003,Fuel,%,0.12
Canada,2003,Fuel,TWh,9.42
Canada,2003,Fuel,TWh,109.56
Canada,2003,Fuel,TWh,38.73
Canada,2003,Fuel,TWh,336.14
Canada,2003,Fuel,TWh,74.37
Canada,2003,Fuel,TWh,19.34
Canada,2003,Fuel,TWh,0.02
Canada,2003,Fuel,TWh,0.69
Canada,2003,Total,TWh,588.27
Canada,2003,Electricity imports,TWh,-5.74
Canada,2003,Aggregate fuel,mtCO2,10.39
Canada,2003,Aggregate fuel,mtCO2,137.64
Canada,2003,Aggregate fuel,mtCO2,40.69
Canada,2003,Aggregate fuel,mtCO2,10.03
Canada,2003,Aggregate fuel,mtCO2,10.04
Canada,2003,Aggregate fuel,mtCO2,0.01
Canada,2003,CO2 intensity,gCO2/kWh,251.64
Canada,2003,Fuel,mtCO2,2.04
Canada,2003,Fuel,mtCO2,96.95
Canada,2003,Fuel,mtCO2,27.96
Canada,2003,Fuel,mtCO2,7.99
Canada,2003,Fuel,mtCO2,0.35
Canada,2003,Fuel,mtCO2,12.73
Canada,2003,Fuel,mtCO2,0.0
Canada,2003,Fuel,mtCO2,0.01
Canada,2003,Total,mtCO2,148.03
Canada,2004,Aggregate fuel,GW,85.99
Canada,2004,Aggregate fuel,GW,31.87
Canada,2004,Aggregate fuel,GW,13.31
Canada,2004,Aggregate fuel,GW,72.74
Canada,2004,Aggregate fuel,GW,73.18
Canada,2004,Aggregate fuel,GW,0.44
Canada,2004,Fuel,GW,2.06
Canada,2004,Fuel,GW,18.56
Canada,2004,Fuel,GW,11.08
Canada,2004,Fuel,GW,70.68
Canada,2004,Fuel,GW,12.81
Canada,2004,Fuel,GW,2.23
Canada,2004,Fuel,GW,0.0
Canada,2004,Fuel,GW,0.44
Canada,2004,Demand,TWh,587.97
Canada,2004,Demand per capita,MWh,18.3
Canada,2004,Aggregate fuel,%,73.34
Canada,2004,Aggregate fuel,%,26.67
Canada,2004,Aggregate fuel,%,9.98
Canada,2004,Aggregate fuel,%,58.18
Canada,2004,Aggregate fuel,%,58.34
Canada,2004,Aggregate fuel,%,0.16
Canada,2004,Aggregate fuel,TWh,438.91
Canada,2004,Aggregate fuel,TWh,159.59
Canada,2004,Aggregate fuel,TWh,59.69
Canada,2004,Aggregate fuel,TWh,348.2
Canada,2004,Aggregate fuel,TWh,349.15
Canada,2004,Aggregate fuel,TWh,0.95
Canada,2004,Fuel,%,1.64
Canada,2004,Fuel,%,16.69
Canada,2004,Fuel,%,6.76
Canada,2004,Fuel,%,56.54
Canada,2004,Fuel,%,15.0
Canada,2004,Fuel,%,3.22
Canada,2004,Fuel,%,0.0
Canada,2004,Fuel,%,0.16
Canada,2004,Fuel,TWh,9.8
Canada,2004,Fuel,TWh,99.9
Canada,2004,Fuel,TWh,40.44
Canada,2004,Fuel,TWh,338.4
Canada,2004,Fuel,TWh,89.76
Canada,2004,Fuel,TWh,19.25
Canada,2004,Fuel,TWh,0.01
Canada,2004,Fuel,TWh,0.94
Canada,2004,Total,TWh,598.5
Canada,2004,Electricity imports,TWh,-10.53
Canada,2004,Aggregate fuel,mtCO2,10.59
Canada,2004,Aggregate fuel,mtCO2,130.26
Canada,2004,Aggregate fuel,mtCO2,41.86
Canada,2004,Aggregate fuel,mtCO2,10.16
Canada,2004,Aggregate fuel,mtCO2,10.17
Canada,2004,Aggregate fuel,mtCO2,0.01
Canada,2004,CO2 intensity,gCO2/kWh,235.34
Canada,2004,Fuel,mtCO2,2.12
Canada,2004,Fuel,mtCO2,88.4
Canada,2004,Fuel,mtCO2,29.19
Canada,2004,Fuel,mtCO2,8.04
Canada,2004,Fuel,mtCO2,0.42
Canada,2004,Fuel,mtCO2,12.67
Canada,2004,Fuel,mtCO2,0.0
Canada,2004,Fuel,mtCO2,0.01
Canada,2004,Total,mtCO2,140.85
Canada,2005,Aggregate fuel,GW,87.81
Canada,2005,Aggregate fuel,GW,29.73
Canada,2005,Aggregate fuel,GW,13.36
Canada,2005,Aggregate fuel,GW,73.78
Canada,2005,Aggregate fuel,GW,74.46
Canada,2005,Aggregate fuel,GW,0.68
Canada,2005,Fuel,GW,1.98
Canada,2005,Fuel,GW,16.37
Canada,2005,Fuel,GW,11.08
Canada,2005,Fuel,GW,71.8
Canada,2005,Fuel,GW,13.35
Canada,2005,Fuel,GW,2.28
Canada,2005,Fuel,GW,0.0
Canada,2005,Fuel,GW,0.68
Canada,2005,Demand,TWh,596.65
Canada,2005,Demand per capita,MWh,18.39
Canada,2005,Aggregate fuel,%,74.79
Canada,2005,Aggregate fuel,%,25.2
Canada,2005,Aggregate fuel,%,8.62
Canada,2005,Aggregate fuel,%,59.81
Canada,2005,Aggregate fuel,%,60.06
Canada,2005,Aggregate fuel,%,0.25
Canada,2005,Aggregate fuel,TWh,464.11
Canada,2005,Aggregate fuel,TWh,156.39
Canada,2005,Aggregate fuel,TWh,53.53
Canada,2005,Aggregate fuel,TWh,371.12
Canada,2005,Aggregate fuel,TWh,372.71
Canada,2005,Aggregate fuel,TWh,1.59
Canada,2005,Fuel,%,1.48
Canada,2005,Fuel,%,16.58
Canada,2005,Fuel,%,5.94
Canada,2005,Fuel,%,58.33
Canada,2005,Fuel,%,14.73
Canada,2005,Fuel,%,2.68
Canada,2005,Fuel,%,0.0
Canada,2005,Fuel,%,0.25
Canada,2005,Fuel,TWh,9.16
Canada,2005,Fuel,TWh,102.86
Canada,2005,Fuel,TWh,36.88
Canada,2005,Fuel,TWh,361.96
Canada,2005,Fuel,TWh,91.4
Canada,2005,Fuel,TWh,16.65
Canada,2005,Fuel,TWh,0.02
Canada,2005,Fuel,TWh,1.57
Canada,2005,Total,TWh,620.5
Canada,2005,Electricity imports,TWh,-23.85
Canada,2005,Aggregate fuel,mtCO2,11.02
Canada,2005,Aggregate fuel,mtCO2,128.6
Canada,2005,Aggregate fuel,mtCO2,37.58
Canada,2005,Aggregate fuel,mtCO2,10.58
Canada,2005,Aggregate fuel,mtCO2,10.59
Canada,2005,Aggregate fuel,mtCO2,0.01
Canada,2005,CO2 intensity,gCO2/kWh,225.01
Canada,2005,Fuel,mtCO2,1.98
Canada,2005,Fuel,mtCO2,91.02
Canada,2005,Fuel,mtCO2,26.62
Canada,2005,Fuel,mtCO2,8.6
Canada,2005,Fuel,mtCO2,0.43
Canada,2005,Fuel,mtCO2,10.96
Canada,2005,Fuel,mtCO2,0.0
Canada,2005,Fuel,mtCO2,0.01
Canada,2005,Total,mtCO2,139.62
Canada,2006,Aggregate fuel,GW,89.42
Canada,2006,Aggregate fuel,GW,30.39
Canada,2006,Aggregate fuel,GW,14.02
Canada,2006,Aggregate fuel,GW,74.65
Canada,2006,Aggregate fuel,GW,76.07
Canada,2006,Aggregate fuel,GW,1.42
Canada,2006,Fuel,GW,1.99
Canada,2006,Fuel,GW,16.37
Canada,2006,Fuel,GW,11.74
Canada,2006,Fuel,GW,72.66
Canada,2006,Fuel,GW,13.35
Canada,2006,Fuel,GW,2.28
Canada,2006,Fuel,GW,0.0
Canada,2006,Fuel,GW,1.42
Canada,2006,Demand,TWh,589.32
Canada,2006,Demand per capita,MWh,17.99
Canada,2006,Aggregate fuel,%,75.87
Canada,2006,Aggregate fuel,%,24.13
Canada,2006,Aggregate fuel,%,8.36
Canada,2006,Aggregate fuel,%,59.47
Canada,2006,Aggregate fuel,%,59.88
Canada,2006,Aggregate fuel,%,0.41
Canada,2006,Aggregate fuel,TWh,461.6
Canada,2006,Aggregate fuel,TWh,146.83
Canada,2006,Aggregate fuel,TWh,50.91
Canada,2006,Aggregate fuel,TWh,361.83
Canada,2006,Aggregate fuel,TWh,364.32
Canada,2006,Aggregate fuel,TWh,2.49
Canada,2006,Fuel,%,1.47
Canada,2006,Fuel,%,15.77
Canada,2006,Fuel,%,6.64
Canada,2006,Fuel,%,58.0
Canada,2006,Fuel,%,15.99
Canada,2006,Fuel,%,1.72
Canada,2006,Fuel,%,0.0
Canada,2006,Fuel,%,0.41
Canada,2006,Fuel,TWh,8.94
Canada,2006,Fuel,TWh,95.92
Canada,2006,Fuel,TWh,40.42
Canada,2006,Fuel,TWh,352.89
Canada,2006,Fuel,TWh,97.28
Canada,2006,Fuel,TWh,10.49
Canada,2006,Fuel,TWh,0.02
Canada,2006,Fuel,TWh,2.47
Canada,2006,Total,TWh,608.43
Canada,2006,Electricity imports,TWh,-19.11
Canada,2006,Aggregate fuel,mtCO2,10.79
Canada,2006,Aggregate fuel,mtCO2,120.94
Canada,2006,Aggregate fuel,mtCO2,36.07
Canada,2006,Aggregate fuel,mtCO2,10.31
Canada,2006,Aggregate fuel,mtCO2,10.33
Canada,2006,Aggregate fuel,mtCO2,0.02
Canada,2006,CO2 intensity,gCO2/kWh,216.51
Canada,2006,Fuel,mtCO2,1.93
Canada,2006,Fuel,mtCO2,84.87
Canada,2006,Fuel,mtCO2,29.17
Canada,2006,Fuel,mtCO2,8.38
Canada,2006,Fuel,mtCO2,0.46
Canada,2006,Fuel,mtCO2,6.9
Canada,2006,Fuel,mtCO2,0.0
Canada,2006,Fuel,mtCO2,0.02
Canada,2006,Total,mtCO2,131.73
Canada,2007,Aggregate fuel,GW,90.49
Canada,2007,Aggregate fuel,GW,30.39
Canada,2007,Aggregate fuel,GW,14.02
Canada,2007,Aggregate fuel,GW,75.3
Canada,2007,Aggregate fuel,GW,77.14
Canada,2007,Aggregate fuel,GW,1.84
Canada,2007,Fuel,GW,2.02
Canada,2007,Fuel,GW,16.37
Canada,2007,Fuel,GW,11.74
Canada,2007,Fuel,GW,73.28
Canada,2007,Fuel,GW,13.35
Canada,2007,Fuel,GW,2.28
Canada,2007,Fuel,GW,0.0
Canada,2007,Fuel,GW,1.84
Canada,2007,Demand,TWh,603.24
Canada,2007,Demand per capita,MWh,18.23
Canada,2007,Aggregate fuel,%,74.5
Canada,2007,Aggregate fuel,%,25.5
Canada,2007,Aggregate fuel,%,8.71
Canada,2007,Aggregate fuel,%,59.39
Canada,2007,Aggregate fuel,%,59.86
Canada,2007,Aggregate fuel,%,0.47
Canada,2007,Aggregate fuel,TWh,472.48
Canada,2007,Aggregate fuel,TWh,161.71
Canada,2007,Aggregate fuel,TWh,55.24
Canada,2007,Aggregate fuel,TWh,376.61
Canada,2007,Aggregate fuel,TWh,379.65
Canada,2007,Aggregate fuel,TWh,3.04
Canada,2007,Fuel,%,1.42
Canada,2007,Fuel,%,16.79
Canada,2007,Fuel,%,6.78
Canada,2007,Fuel,%,57.97
Canada,2007,Fuel,%,14.64
Canada,2007,Fuel,%,1.93
Canada,2007,Fuel,%,0.0
Canada,2007,Fuel,%,0.47
Canada,2007,Fuel,TWh,8.99
Canada,2007,Fuel,TWh,106.47
Canada,2007,Fuel,TWh,43.01
Canada,2007,Fuel,TWh,367.62
Canada,2007,Fuel,TWh,92.83
Canada,2007,Fuel,TWh,12.23
Canada,2007,Fuel,TWh,0.03
Canada,2007,Fuel,TWh,3.01
Canada,2007,Total,TWh,634.19
Canada,2007,Electricity imports,TWh,-30.95
Canada,2007,Aggregate fuel,mtCO2,11.14
Canada,2007,Aggregate fuel,mtCO2,133.3
Canada,2007,Aggregate fuel,mtCO2,39.09
Canada,2007,Aggregate fuel,mtCO2,10.67
Canada,2007,Aggregate fuel,mtCO2,10.7
Canada,2007,Aggregate fuel,mtCO2,0.03
Canada,2007,CO2 intensity,gCO2/kWh,227.76
Canada,2007,Fuel,mtCO2,1.94
Canada,2007,Fuel,mtCO2,94.21
Canada,2007,Fuel,mtCO2,31.04
Canada,2007,Fuel,mtCO2,8.73
Canada,2007,Fuel,mtCO2,0.44
Canada,2007,Fuel,mtCO2,8.05
Canada,2007,Fuel,mtCO2,0.0
Canada,2007,Fuel,mtCO2,0.03
Canada,2007,Total,mtCO2,144.44
Canada,2008,Aggregate fuel,GW,91.95
Canada,2008,Aggregate fuel,GW,31.48
Canada,2008,Aggregate fuel,GW,15.11
Canada,2008,Aggregate fuel,GW,76.25
Canada,2008,Aggregate fuel,GW,78.6
Canada,2008,Aggregate fuel,GW,2.35
Canada,2008,Fuel,GW,2.02
Canada,2008,Fuel,GW,16.37
Canada,2008,Fuel,GW,12.83
Canada,2008,Fuel,GW,74.23
Canada,2008,Fuel,GW,13.35
Canada,2008,Fuel,GW,2.28
Canada,2008,Fuel,GW,0.01
Canada,2008,Fuel,GW,2.34
Canada,2008,Demand,TWh,602.95
Canada,2008,Demand per capita,MWh,18.03
Canada,2008,Aggregate fuel,%,76.32
Canada,2008,Aggregate fuel,%,23.69
Canada,2008,Aggregate fuel,%,7.82
Canada,2008,Aggregate fuel,%,60.7
Canada,2008,Aggregate fuel,%,61.31
Canada,2008,Aggregate fuel,%,0.61
Canada,2008,Aggregate fuel,TWh,484.65
Canada,2008,Aggregate fuel,TWh,150.46
Canada,2008,Aggregate fuel,TWh,49.66
Canada,2008,Aggregate fuel,TWh,385.47
Canada,2008,Aggregate fuel,TWh,389.3
Canada,2008,Aggregate fuel,TWh,3.83
Canada,2008,Fuel,%,1.26
Canada,2008,Fuel,%,15.87
Canada,2008,Fuel,%,6.24
Canada,2008,Fuel,%,59.44
Canada,2008,Fuel,%,15.01
Canada,2008,Fuel,%,1.58
Canada,2008,Fuel,%,0.01
Canada,2008,Fuel,%,0.6
Canada,2008,Fuel,TWh,7.98
Canada,2008,Fuel,TWh,100.8
Canada,2008,Fuel,TWh,39.63
Canada,2008,Fuel,TWh,377.49
Canada,2008,Fuel,TWh,95.35
Canada,2008,Fuel,TWh,10.03
Canada,2008,Fuel,TWh,0.04
Canada,2008,Fuel,TWh,3.79
Canada,2008,Total,TWh,635.11
Canada,2008,Electricity imports,TWh,-32.16
Canada,2008,Aggregate fuel,mtCO2,11.19
Canada,2008,Aggregate fuel,mtCO2,124.39
Canada,2008,Aggregate fuel,mtCO2,35.2
Canada,2008,Aggregate fuel,mtCO2,10.7
Canada,2008,Aggregate fuel,mtCO2,10.74
Canada,2008,Aggregate fuel,mtCO2,0.04
Canada,2008,CO2 intensity,gCO2/kWh,213.48
Canada,2008,Fuel,mtCO2,1.73
Canada,2008,Fuel,mtCO2,89.19
Canada,2008,Fuel,mtCO2,28.6
Canada,2008,Fuel,mtCO2,8.97
Canada,2008,Fuel,mtCO2,0.45
Canada,2008,Fuel,mtCO2,6.6
Canada,2008,Fuel,mtCO2,0.0
Canada,2008,Fuel,mtCO2,0.04
Canada,2008,Total,mtCO2,135.58
Canada,2009,Aggregate fuel,GW,92.52
Canada,2009,Aggregate fuel,GW,33.97
Canada,2009,Aggregate fuel,GW,17.6
Canada,2009,Aggregate fuel,GW,76.52
Canada,2009,Aggregate fuel,GW,79.86
Canada,2009,Aggregate fuel,GW,3.34
Canada,2009,Fuel,GW,2.01
Canada,2009,Fuel,GW,16.37
Canada,2009,Fuel,GW,15.32
Canada,2009,Fuel,GW,74.51
Canada,2009,Fuel,GW,12.66
Canada,2009,Fuel,GW,2.28
Canada,2009,Fuel,GW,0.06
Canada,2009,Fuel,GW,3.28
Canada,2009,Demand,TWh,580.25
Canada,2009,Demand per capita,MWh,17.15
Canada,2009,Aggregate fuel,%,77.19
Canada,2009,Aggregate fuel,%,22.81
Canada,2009,Aggregate fuel,%,9.01
Canada,2009,Aggregate fuel,%,61.52
Canada,2009,Aggregate fuel,%,62.62
Canada,2009,Aggregate fuel,%,1.1
Canada,2009,Aggregate fuel,TWh,473.84
Canada,2009,Aggregate fuel,TWh,140.03
Canada,2009,Aggregate fuel,TWh,55.31
Canada,2009,Aggregate fuel,TWh,377.63
Canada,2009,Aggregate fuel,TWh,384.38
Canada,2009,Aggregate fuel,TWh,6.75
Canada,2009,Fuel,%,1.46
Canada,2009,Fuel,%,13.8
Canada,2009,Fuel,%,7.37
Canada,2009,Fuel,%,60.06
Canada,2009,Fuel,%,14.57
Canada,2009,Fuel,%,1.64
Canada,2009,Fuel,%,0.02
Canada,2009,Fuel,%,1.08
Canada,2009,Fuel,TWh,8.94
Canada,2009,Fuel,TWh,84.72
Canada,2009,Fuel,TWh,45.27
Canada,2009,Fuel,TWh,368.69
Canada,2009,Fuel,TWh,89.46
Canada,2009,Fuel,TWh,10.04
Canada,2009,Fuel,TWh,0.11
Canada,2009,Fuel,TWh,6.64
Canada,2009,Total,TWh,613.87
Canada,2009,Electricity imports,TWh,-33.62
Canada,2009,Aggregate fuel,mtCO2,11.18
Canada,2009,Aggregate fuel,mtCO2,114.25
Canada,2009,Aggregate fuel,mtCO2,39.29
Canada,2009,Aggregate fuel,mtCO2,10.69
Canada,2009,Aggregate fuel,mtCO2,10.76
Canada,2009,Aggregate fuel,mtCO2,0.07
Canada,2009,CO2 intensity,gCO2/kWh,204.33
Canada,2009,Fuel,mtCO2,1.93
Canada,2009,Fuel,mtCO2,74.96
Canada,2009,Fuel,mtCO2,32.68
Canada,2009,Fuel,mtCO2,8.76
Canada,2009,Fuel,mtCO2,0.42
Canada,2009,Fuel,mtCO2,6.61
Canada,2009,Fuel,mtCO2,0.01
Canada,2009,Fuel,mtCO2,0.06
Canada,2009,Total,mtCO2,125.43
Canada,2010,Aggregate fuel,GW,93.81
Canada,2010,Aggregate fuel,GW,32.6
Canada,2010,Aggregate fuel,GW,18.55
Canada,2010,Aggregate fuel,GW,76.96
Canada,2010,Aggregate fuel,GW,81.15
Canada,2010,Aggregate fuel,GW,4.19
Canada,2010,Fuel,GW,2.06
Canada,2010,Fuel,GW,14.05
Canada,2010,Fuel,GW,16.27
Canada,2010,Fuel,GW,74.9
Canada,2010,Fuel,GW,12.66
Canada,2010,Fuel,GW,2.28
Canada,2010,Fuel,GW,0.22
Canada,2010,Fuel,GW,3.97
Canada,2010,Demand,TWh,582.01
Canada,2010,Demand per capita,MWh,17.02
Canada,2010,Aggregate fuel,%,75.9
Canada,2010,Aggregate fuel,%,24.1
Canada,2010,Aggregate fuel,%,9.86
Canada,2010,Aggregate fuel,%,59.59
Canada,2010,Aggregate fuel,%,61.07
Canada,2010,Aggregate fuel,%,1.48
Canada,2010,Aggregate fuel,TWh,460.7
Canada,2010,Aggregate fuel,TWh,146.33
Canada,2010,Aggregate fuel,TWh,59.88
Canada,2010,Aggregate fuel,TWh,361.69
Canada,2010,Aggregate fuel,TWh,370.67
Canada,2010,Aggregate fuel,TWh,8.98
Canada,2010,Fuel,%,1.7
Canada,2010,Fuel,%,14.24
Canada,2010,Fuel,%,8.69
Canada,2010,Fuel,%,57.89
Canada,2010,Fuel,%,14.83
Canada,2010,Fuel,%,1.17
Canada,2010,Fuel,%,0.04
Canada,2010,Fuel,%,1.44
Canada,2010,Fuel,TWh,10.3
Canada,2010,Fuel,TWh,86.45
Canada,2010,Fuel,TWh,52.78
Canada,2010,Fuel,TWh,351.39
Canada,2010,Fuel,TWh,90.03
Canada,2010,Fuel,TWh,7.1
Canada,2010,Fuel,TWh,0.26
Canada,2010,Fuel,TWh,8.72
Canada,2010,Total,TWh,607.03
Canada,2010,Electricity imports,TWh,-25.02
Canada,2010,Aggregate fuel,mtCO2,11.09
Canada,2010,Aggregate fuel,mtCO2,119.29
Canada,2010,Aggregate fuel,mtCO2,42.77
Canada,2010,Aggregate fuel,mtCO2,10.58
Canada,2010,Aggregate fuel,mtCO2,10.67
Canada,2010,Aggregate fuel,mtCO2,0.09
Canada,2010,CO2 intensity,gCO2/kWh,214.78
Canada,2010,Fuel,mtCO2,2.23
Canada,2010,Fuel,mtCO2,76.52
Canada,2010,Fuel,mtCO2,38.1
Canada,2010,Fuel,mtCO2,8.35
Canada,2010,Fuel,mtCO2,0.42
Canada,2010,Fuel,mtCO2,4.67
Canada,2010,Fuel,mtCO2,0.01
Canada,2010,Fuel,mtCO2,0.08
Canada,2010,Total,mtCO2,130.38
Canada,2011,Aggregate fuel,GW,95.93
Canada,2011,Aggregate fuel,GW,32.17
Canada,2011,Aggregate fuel,GW,18.6
Canada,2011,Aggregate fuel,GW,77.46
Canada,2011,Aggregate fuel,GW,83.27
Canada,2011,Aggregate fuel,GW,5.81
Canada,2011,Fuel,GW,2.06
Canada,2011,Fuel,GW,13.57
Canada,2011,Fuel,GW,16.32
Canada,2011,Fuel,GW,75.4
Canada,2011,Fuel,GW,12.66
Canada,2011,Fuel,GW,2.28
Canada,2011,Fuel,GW,0.55
Canada,2011,Fuel,GW,5.26
Canada,2011,Demand,TWh,601.59
Canada,2011,Demand per capita,MWh,17.41
Canada,2011,Aggregate fuel,%,76.72
Canada,2011,Aggregate fuel,%,23.29
Canada,2011,Aggregate fuel,%,10.77
Canada,2011,Aggregate fuel,%,60.47
Canada,2011,Aggregate fuel,%,62.16
Canada,2011,Aggregate fuel,%,1.69
Canada,2011,Aggregate fuel,TWh,489.63
Canada,2011,Aggregate fuel,TWh,148.64
Canada,2011,Aggregate fuel,TWh,68.74
Canada,2011,Aggregate fuel,TWh,385.93
Canada,2011,Aggregate fuel,TWh,396.69
Canada,2011,Aggregate fuel,TWh,10.76
Canada,2011,Fuel,%,1.6
Canada,2011,Fuel,%,12.52
Canada,2011,Fuel,%,9.8
Canada,2011,Fuel,%,58.87
Canada,2011,Fuel,%,14.56
Canada,2011,Fuel,%,0.97
Canada,2011,Fuel,%,0.09
Canada,2011,Fuel,%,1.6
Canada,2011,Fuel,TWh,10.21
Canada,2011,Fuel,TWh,79.9
Canada,2011,Fuel,TWh,62.53
Canada,2011,Fuel,TWh,375.72
Canada,2011,Fuel,TWh,92.94
Canada,2011,Fuel,TWh,6.21
Canada,2011,Fuel,TWh,0.57
Canada,2011,Fuel,TWh,10.19
Canada,2011,Total,TWh,638.27
Canada,2011,Electricity imports,TWh,-36.68
Canada,2011,Aggregate fuel,mtCO2,11.71
Canada,2011,Aggregate fuel,mtCO2,119.89
Canada,2011,Aggregate fuel,mtCO2,49.22
Canada,2011,Aggregate fuel,mtCO2,11.14
Canada,2011,Aggregate fuel,mtCO2,11.27
Canada,2011,Aggregate fuel,mtCO2,0.13
Canada,2011,CO2 intensity,gCO2/kWh,206.18
Canada,2011,Fuel,mtCO2,2.21
Canada,2011,Fuel,mtCO2,70.67
Canada,2011,Fuel,mtCO2,45.13
Canada,2011,Fuel,mtCO2,8.93
Canada,2011,Fuel,mtCO2,0.44
Canada,2011,Fuel,mtCO2,4.09
Canada,2011,Fuel,mtCO2,0.03
Canada,2011,Fuel,mtCO2,0.1
Canada,2011,Total,mtCO2,131.6
Canada,2012,Aggregate fuel,GW,97.97
Canada,2012,Aggregate fuel,GW,32.39
Canada,2012,Aggregate fuel,GW,19.05
Canada,2012,Aggregate fuel,GW,77.53
Canada,2012,Aggregate fuel,GW,84.6
Canada,2012,Aggregate fuel,GW,7.07
Canada,2012,Fuel,GW,2.17
Canada,2012,Fuel,GW,13.34
Canada,2012,Fuel,GW,16.77
Canada,2012,Fuel,GW,75.36
Canada,2012,Fuel,GW,13.37
Canada,2012,Fuel,GW,2.28
Canada,2012,Fuel,GW,0.87
Canada,2012,Fuel,GW,6.2
Canada,2012,Demand,TWh,589.79
Canada,2012,Demand per capita,MWh,16.89
Canada,2012,Aggregate fuel,%,78.17
Canada,2012,Aggregate fuel,%,21.82
Canada,2012,Aggregate fuel,%,10.93
Canada,2012,Aggregate fuel,%,61.45
Canada,2012,Aggregate fuel,%,63.37
Canada,2012,Aggregate fuel,%,1.92
Canada,2012,Aggregate fuel,TWh,497.57
Canada,2012,Aggregate fuel,TWh,138.97
Canada,2012,Aggregate fuel,TWh,69.62
Canada,2012,Aggregate fuel,TWh,391.18
Canada,2012,Aggregate fuel,TWh,403.37
Canada,2012,Aggregate fuel,TWh,12.19
Canada,2012,Fuel,%,1.71
Canada,2012,Fuel,%,10.89
Canada,2012,Fuel,%,9.93
Canada,2012,Fuel,%,59.74
Canada,2012,Fuel,%,14.8
Canada,2012,Fuel,%,1.0
Canada,2012,Fuel,%,0.14
Canada,2012,Fuel,%,1.78
Canada,2012,Fuel,TWh,10.91
Canada,2012,Fuel,TWh,69.35
Canada,2012,Fuel,TWh,63.24
Canada,2012,Fuel,TWh,380.27
Canada,2012,Fuel,TWh,94.2
Canada,2012,Fuel,TWh,6.38
Canada,2012,Fuel,TWh,0.88
Canada,2012,Fuel,TWh,11.31
Canada,2012,Total,TWh,636.54
Canada,2012,Electricity imports,TWh,-46.75
Canada,2012,Aggregate fuel,mtCO2,11.99
Canada,2012,Aggregate fuel,mtCO2,111.11
Canada,2012,Aggregate fuel,mtCO2,49.85
Canada,2012,Aggregate fuel,mtCO2,11.4
Canada,2012,Aggregate fuel,mtCO2,11.55
Canada,2012,Aggregate fuel,mtCO2,0.15
Canada,2012,CO2 intensity,gCO2/kWh,193.39
Canada,2012,Fuel,mtCO2,2.36
Canada,2012,Fuel,mtCO2,61.26
Canada,2012,Fuel,mtCO2,45.65
Canada,2012,Fuel,mtCO2,9.04
Canada,2012,Fuel,mtCO2,0.44
Canada,2012,Fuel,mtCO2,4.2
Canada,2012,Fuel,mtCO2,0.04
Canada,2012,Fuel,mtCO2,0.11
Canada,2012,Total,mtCO2,123.1
Canada,2013,Aggregate fuel,GW,100.85
Canada,2013,Aggregate fuel,GW,29.67
Canada,2013,Aggregate fuel,GW,19.42
Canada,2013,Aggregate fuel,GW,77.72
Canada,2013,Aggregate fuel,GW,86.82
Canada,2013,Aggregate fuel,GW,9.1
Canada,2013,Fuel,GW,2.38
Canada,2013,Fuel,GW,10.25
Canada,2013,Fuel,GW,17.14
Canada,2013,Fuel,GW,75.34
Canada,2013,Fuel,GW,14.03
Canada,2013,Fuel,GW,2.28
Canada,2013,Fuel,GW,1.3
Canada,2013,Fuel,GW,7.8
Canada,2013,Demand,TWh,603.81
Canada,2013,Demand per capita,MWh,17.11
Canada,2013,Aggregate fuel,%,79.03
Canada,2013,Aggregate fuel,%,20.97
Canada,2013,Aggregate fuel,%,10.21
Canada,2013,Aggregate fuel,%,61.43
Canada,2013,Aggregate fuel,%,63.36
Canada,2013,Aggregate fuel,%,1.93
Canada,2013,Aggregate fuel,TWh,518.2
Canada,2013,Aggregate fuel,TWh,137.49
Canada,2013,Aggregate fuel,TWh,66.95
Canada,2013,Aggregate fuel,TWh,402.83
Canada,2013,Aggregate fuel,TWh,415.48
Canada,2013,Aggregate fuel,TWh,12.65
Canada,2013,Fuel,%,1.68
Canada,2013,Fuel,%,10.76
Canada,2013,Fuel,%,9.19
Canada,2013,Fuel,%,59.75
Canada,2013,Fuel,%,15.67
Canada,2013,Fuel,%,1.02
Canada,2013,Fuel,%,0.23
Canada,2013,Fuel,%,1.7
Canada,2013,Fuel,TWh,11.04
Canada,2013,Fuel,TWh,70.54
Canada,2013,Fuel,TWh,60.29
Canada,2013,Fuel,TWh,391.79
Canada,2013,Fuel,TWh,102.72
Canada,2013,Fuel,TWh,6.66
Canada,2013,Fuel,TWh,1.5
Canada,2013,Fuel,TWh,11.15
Canada,2013,Total,TWh,655.69
Canada,2013,Electricity imports,TWh,-51.88
Canada,2013,Aggregate fuel,mtCO2,12.36
Canada,2013,Aggregate fuel,mtCO2,110.23
Canada,2013,Aggregate fuel,mtCO2,47.9
Canada,2013,Aggregate fuel,mtCO2,11.7
Canada,2013,Aggregate fuel,mtCO2,11.88
Canada,2013,Aggregate fuel,mtCO2,0.18
Canada,2013,CO2 intensity,gCO2/kWh,186.96
Canada,2013,Fuel,mtCO2,2.39
Canada,2013,Fuel,mtCO2,62.33
Canada,2013,Fuel,mtCO2,43.52
Canada,2013,Fuel,mtCO2,9.31
Canada,2013,Fuel,mtCO2,0.48
Canada,2013,Fuel,mtCO2,4.38
Canada,2013,Fuel,mtCO2,0.07
Canada,2013,Fuel,mtCO2,0.11
Canada,2013,Total,mtCO2,122.59
Canada,2014,Aggregate fuel,GW,103.74
Canada,2014,Aggregate fuel,GW,29.4
Canada,2014,Aggregate fuel,GW,19.42
Canada,2014,Aggregate fuel,GW,77.91
Canada,2014,Aggregate fuel,GW,89.71
Canada,2014,Aggregate fuel,GW,11.8
Canada,2014,Fuel,GW,2.61
Canada,2014,Fuel,GW,9.98
Canada,2014,Fuel,GW,17.14
Canada,2014,Fuel,GW,75.3
Canada,2014,Fuel,GW,14.03
Canada,2014,Fuel,GW,2.28
Canada,2014,Fuel,GW,2.11
Canada,2014,Fuel,GW,9.69
Canada,2014,Demand,TWh,607.36
Canada,2014,Demand per capita,MWh,17.04
Canada,2014,Aggregate fuel,%,78.68
Canada,2014,Aggregate fuel,%,21.32
Canada,2014,Aggregate fuel,%,10.69
Canada,2014,Aggregate fuel,%,60.08
Canada,2014,Aggregate fuel,%,62.36
Canada,2014,Aggregate fuel,%,2.28
Canada,2014,Aggregate fuel,TWh,513.78
Canada,2014,Aggregate fuel,TWh,139.19
Canada,2014,Aggregate fuel,TWh,69.81
Canada,2014,Aggregate fuel,TWh,392.3
Canada,2014,Aggregate fuel,TWh,407.24
Canada,2014,Aggregate fuel,TWh,14.94
Canada,2014,Fuel,%,1.5
Canada,2014,Fuel,%,10.63
Canada,2014,Fuel,%,9.96
Canada,2014,Fuel,%,58.58
Canada,2014,Fuel,%,16.32
Canada,2014,Fuel,%,0.73
Canada,2014,Fuel,%,0.32
Canada,2014,Fuel,%,1.96
Canada,2014,Fuel,TWh,9.8
Canada,2014,Fuel,TWh,69.38
Canada,2014,Fuel,TWh,65.05
Canada,2014,Fuel,TWh,382.5
Canada,2014,Fuel,TWh,106.54
Canada,2014,Fuel,TWh,4.76
Canada,2014,Fuel,TWh,2.12
Canada,2014,Fuel,TWh,12.82
Canada,2014,Total,TWh,652.97
Canada,2014,Electricity imports,TWh,-45.61
Canada,2014,Aggregate fuel,mtCO2,11.93
Canada,2014,Aggregate fuel,mtCO2,111.39
Canada,2014,Aggregate fuel,mtCO2,50.08
Canada,2014,Aggregate fuel,mtCO2,11.21
Canada,2014,Aggregate fuel,mtCO2,11.43
Canada,2014,Aggregate fuel,mtCO2,0.22
Canada,2014,CO2 intensity,gCO2/kWh,188.86
Canada,2014,Fuel,mtCO2,2.12
Canada,2014,Fuel,mtCO2,61.31
Canada,2014,Fuel,mtCO2,46.95
Canada,2014,Fuel,mtCO2,9.09
Canada,2014,Fuel,mtCO2,0.5
Canada,2014,Fuel,mtCO2,3.13
Canada,2014,Fuel,mtCO2,0.1
Canada,2014,Fuel,mtCO2,0.12
Canada,2014,Total,mtCO2,123.32
Canada,2015,Aggregate fuel,GW,109.94
Canada,2015,Aggregate fuel,GW,30.64
Canada,2015,Aggregate fuel,GW,20.66
Canada,2015,Aggregate fuel,GW,81.82
Canada,2015,Aggregate fuel,GW,95.91
Canada,2015,Aggregate fuel,GW,14.09
Canada,2015,Fuel,GW,2.59
Canada,2015,Fuel,GW,9.98
Canada,2015,Fuel,GW,18.38
Canada,2015,Fuel,GW,79.23
Canada,2015,Fuel,GW,14.03
Canada,2015,Fuel,GW,2.28
Canada,2015,Fuel,GW,2.88
Canada,2015,Fuel,GW,11.21
Canada,2015,Demand,TWh,601.55
Canada,2015,Demand per capita,MWh,16.73
Canada,2015,Aggregate fuel,%,79.13
Canada,2015,Aggregate fuel,%,20.87
Canada,2015,Aggregate fuel,%,11.04
Canada,2015,Aggregate fuel,%,59.32
Canada,2015,Aggregate fuel,%,63.84
Canada,2015,Aggregate fuel,%,4.52
Canada,2015,Aggregate fuel,TWh,523.14
Canada,2015,Aggregate fuel,TWh,137.94
Canada,2015,Aggregate fuel,TWh,72.98
Canada,2015,Aggregate fuel,TWh,392.18
Canada,2015,Aggregate fuel,TWh,422.04
Canada,2015,Aggregate fuel,TWh,29.86
Canada,2015,Fuel,%,1.51
Canada,2015,Fuel,%,9.83
Canada,2015,Fuel,%,10.28
Canada,2015,Fuel,%,57.81
Canada,2015,Fuel,%,15.29
Canada,2015,Fuel,%,0.76
Canada,2015,Fuel,%,0.44
Canada,2015,Fuel,%,4.08
Canada,2015,Fuel,TWh,9.99
Canada,2015,Fuel,TWh,64.96
Canada,2015,Fuel,TWh,67.98
Canada,2015,Fuel,TWh,382.19
Canada,2015,Fuel,TWh,101.1
Canada,2015,Fuel,TWh,5.0
Canada,2015,Fuel,TWh,2.89
Canada,2015,Fuel,TWh,26.97
Canada,2015,Total,TWh,661.08
Canada,2015,Electricity imports,TWh,-59.53
Canada,2015,Aggregate fuel,mtCO2,12.11
Canada,2015,Aggregate fuel,mtCO2,109.77
Canada,2015,Aggregate fuel,mtCO2,52.36
Canada,2015,Aggregate fuel,mtCO2,11.24
Canada,2015,Aggregate fuel,mtCO2,11.64
Canada,2015,Aggregate fuel,mtCO2,0.4
Canada,2015,CO2 intensity,gCO2/kWh,184.37
Canada,2015,Fuel,mtCO2,2.16
Canada,2015,Fuel,mtCO2,57.41
Canada,2015,Fuel,mtCO2,49.07
Canada,2015,Fuel,mtCO2,9.08
Canada,2015,Fuel,mtCO2,0.47
Canada,2015,Fuel,mtCO2,3.29
Canada,2015,Fuel,mtCO2,0.14
Canada,2015,Fuel,mtCO2,0.26
Canada,2015,Total,mtCO2,121.88
Canada,2016,Aggregate fuel,GW,111.85
Canada,2016,Aggregate fuel,GW,30.74
Canada,2016,Aggregate fuel,GW,20.76
Canada,2016,Aggregate fuel,GW,82.79
Canada,2016,Aggregate fuel,GW,97.82
Canada,2016,Aggregate fuel,GW,15.03
Canada,2016,Fuel,GW,2.66
Canada,2016,Fuel,GW,9.98
Canada,2016,Fuel,GW,18.48
Canada,2016,Fuel,GW,80.13
Canada,2016,Fuel,GW,14.03
Canada,2016,Fuel,GW,2.28
Canada,2016,Fuel,GW,3.06
Canada,2016,Fuel,GW,11.97
Canada,2016,Demand,TWh,603.33
Canada,2016,Demand per capita,MWh,16.6
Canada,2016,Aggregate fuel,%,79.66
Canada,2016,Aggregate fuel,%,20.35
Canada,2016,Aggregate fuel,%,10.6
Canada,2016,Aggregate fuel,%,59.47
Canada,2016,Aggregate fuel,%,64.56
Canada,2016,Aggregate fuel,%,5.09
Canada,2016,Aggregate fuel,TWh,531.45
Canada,2016,Aggregate fuel,TWh,135.68
Canada,2016,Aggregate fuel,TWh,70.66
Canada,2016,Aggregate fuel,TWh,396.79
Canada,2016,Aggregate fuel,TWh,430.73
Canada,2016,Aggregate fuel,TWh,33.94
Canada,2016,Fuel,%,1.7
Canada,2016,Fuel,%,9.75
Canada,2016,Fuel,%,9.87
Canada,2016,Fuel,%,57.77
Canada,2016,Fuel,%,15.1
Canada,2016,Fuel,%,0.73
Canada,2016,Fuel,%,0.45
Canada,2016,Fuel,%,4.64
Canada,2016,Fuel,TWh,11.36
Canada,2016,Fuel,TWh,65.02
Canada,2016,Fuel,TWh,65.82
Canada,2016,Fuel,TWh,385.43
Canada,2016,Fuel,TWh,100.72
Canada,2016,Fuel,TWh,4.84
Canada,2016,Fuel,TWh,3.01
Canada,2016,Fuel,TWh,30.93
Canada,2016,Total,TWh,667.13
Canada,2016,Electricity imports,TWh,-63.8
Canada,2016,Aggregate fuel,mtCO2,12.52
Canada,2016,Aggregate fuel,mtCO2,108.15
Canada,2016,Aggregate fuel,mtCO2,50.69
Canada,2016,Aggregate fuel,mtCO2,11.62
Canada,2016,Aggregate fuel,mtCO2,12.05
Canada,2016,Aggregate fuel,mtCO2,0.43
Canada,2016,CO2 intensity,gCO2/kWh,180.88
Canada,2016,Fuel,mtCO2,2.46
Canada,2016,Fuel,mtCO2,57.46
Canada,2016,Fuel,mtCO2,47.51
Canada,2016,Fuel,mtCO2,9.16
Canada,2016,Fuel,mtCO2,0.47
Canada,2016,Fuel,mtCO2,3.18
Canada,2016,Fuel,mtCO2,0.14
Canada,2016,Fuel,mtCO2,0.29
Canada,2016,Total,mtCO2,120.67
Canada,2017,Aggregate fuel,GW,113.1
Canada,2017,Aggregate fuel,GW,31.04
Canada,2017,Aggregate fuel,GW,21.06
Canada,2017,Aggregate fuel,GW,83.4
Canada,2017,Aggregate fuel,GW,99.07
Canada,2017,Aggregate fuel,GW,15.67
Canada,2017,Fuel,GW,2.74
Canada,2017,Fuel,GW,9.98
Canada,2017,Fuel,GW,18.78
Canada,2017,Fuel,GW,80.66
Canada,2017,Fuel,GW,14.03
Canada,2017,Fuel,GW,2.28
Canada,2017,Fuel,GW,3.42
Canada,2017,Fuel,GW,12.25
Canada,2017,Demand,TWh,607.11
Canada,2017,Demand per capita,MWh,16.49
Canada,2017,Aggregate fuel,%,80.85
Canada,2017,Aggregate fuel,%,19.15
Canada,2017,Aggregate fuel,%,9.77
Canada,2017,Aggregate fuel,%,60.62
Canada,2017,Aggregate fuel,%,65.82
Canada,2017,Aggregate fuel,%,5.2
Canada,2017,Aggregate fuel,TWh,541.16
Canada,2017,Aggregate fuel,TWh,128.19
Canada,2017,Aggregate fuel,TWh,65.38
Canada,2017,Aggregate fuel,TWh,405.74
Canada,2017,Aggregate fuel,TWh,440.56
Canada,2017,Aggregate fuel,TWh,34.82
Canada,2017,Fuel,%,1.67
Canada,2017,Fuel,%,9.38
Canada,2017,Fuel,%,9.18
Canada,2017,Fuel,%,58.95
Canada,2017,Fuel,%,15.03
Canada,2017,Fuel,%,0.59
Canada,2017,Fuel,%,0.49
Canada,2017,Fuel,%,4.71
Canada,2017,Fuel,TWh,11.15
Canada,2017,Fuel,TWh,62.81
Canada,2017,Fuel,TWh,61.46
Canada,2017,Fuel,TWh,394.59
Canada,2017,Fuel,TWh,100.6
Canada,2017,Fuel,TWh,3.92
Canada,2017,Fuel,TWh,3.31
Canada,2017,Fuel,TWh,31.51
Canada,2017,Total,TWh,669.35
Canada,2017,Electricity imports,TWh,-62.24
Canada,2017,Aggregate fuel,mtCO2,12.72
Canada,2017,Aggregate fuel,mtCO2,102.45
Canada,2017,Aggregate fuel,mtCO2,46.94
Canada,2017,Aggregate fuel,mtCO2,11.79
Canada,2017,Aggregate fuel,mtCO2,12.25
Canada,2017,Aggregate fuel,mtCO2,0.46
Canada,2017,CO2 intensity,gCO2/kWh,172.06
Canada,2017,Fuel,mtCO2,2.41
Canada,2017,Fuel,mtCO2,55.51
Canada,2017,Fuel,mtCO2,44.36
Canada,2017,Fuel,mtCO2,9.38
Canada,2017,Fuel,mtCO2,0.47
Canada,2017,Fuel,mtCO2,2.58
Canada,2017,Fuel,mtCO2,0.16
Canada,2017,Fuel,mtCO2,0.3
Canada,2017,Total,mtCO2,115.17
Canada,2018,Aggregate fuel,GW,114.03
Canada,2018,Aggregate fuel,GW,30.38
Canada,2018,Aggregate fuel,GW,21.06
Canada,2018,Aggregate fuel,GW,84.15
Canada,2018,Aggregate fuel,GW,100.69
Canada,2018,Aggregate fuel,GW,16.54
Canada,2018,Fuel,GW,2.75
Canada,2018,Fuel,GW,9.32
Canada,2018,Fuel,GW,18.78
Canada,2018,Fuel,GW,81.4
Canada,2018,Fuel,GW,13.34
Canada,2018,Fuel,GW,2.28
Canada,2018,Fuel,GW,3.72
Canada,2018,Fuel,GW,12.82
Canada,2018,Demand,TWh,613.0
Canada,2018,Demand per capita,MWh,16.44
Canada,2018,Aggregate fuel,%,80.67
Canada,2018,Aggregate fuel,%,19.33
Canada,2018,Aggregate fuel,%,11.31
Canada,2018,Aggregate fuel,%,59.95
Canada,2018,Aggregate fuel,%,65.54
Canada,2018,Aggregate fuel,%,5.59
Canada,2018,Aggregate fuel,TWh,533.42
Canada,2018,Aggregate fuel,TWh,127.78
Canada,2018,Aggregate fuel,TWh,74.76
Canada,2018,Aggregate fuel,TWh,396.43
Canada,2018,Aggregate fuel,TWh,433.39
Canada,2018,Aggregate fuel,TWh,36.96
Canada,2018,Fuel,%,1.59
Canada,2018,Fuel,%,8.02
Canada,2018,Fuel,%,10.7
Canada,2018,Fuel,%,58.36
Canada,2018,Fuel,%,15.13
Canada,2018,Fuel,%,0.61
Canada,2018,Fuel,%,0.53
Canada,2018,Fuel,%,5.06
Canada,2018,Fuel,TWh,10.54
Canada,2018,Fuel,TWh,53.02
Canada,2018,Fuel,TWh,70.74
Canada,2018,Fuel,TWh,385.89
Canada,2018,Fuel,TWh,100.03
Canada,2018,Fuel,TWh,4.02
Canada,2018,Fuel,TWh,3.49
Canada,2018,Fuel,TWh,33.47
Canada,2018,Total,TWh,661.2
Canada,2018,Electricity imports,TWh,-48.2
Canada,2018,Aggregate fuel,mtCO2,12.41
Canada,2018,Aggregate fuel,mtCO2,100.56
Canada,2018,Aggregate fuel,mtCO2,53.71
Canada,2018,Aggregate fuel,mtCO2,11.45
Canada,2018,Aggregate fuel,mtCO2,11.94
Canada,2018,Aggregate fuel,mtCO2,0.49
Canada,2018,CO2 intensity,gCO2/kWh,170.86
Canada,2018,Fuel,mtCO2,2.28
Canada,2018,Fuel,mtCO2,46.85
Canada,2018,Fuel,mtCO2,51.06
Canada,2018,Fuel,mtCO2,9.17
Canada,2018,Fuel,mtCO2,0.47
Canada,2018,Fuel,mtCO2,2.65
Canada,2018,Fuel,mtCO2,0.17
Canada,2018,Fuel,mtCO2,0.32
Canada,2018,Total,mtCO2,112.97
Canada,2019,Aggregate fuel,GW,114.62
Canada,2019,Aggregate fuel,GW,30.58
Canada,2019,Aggregate fuel,GW,21.41
Canada,2019,Aggregate fuel,GW,84.05
Canada,2019,Aggregate fuel,GW,101.28
Canada,2019,Aggregate fuel,GW,17.23
Canada,2019,Fuel,GW,2.65
Canada,2019,Fuel,GW,9.17
Canada,2019,Fuel,GW,19.13
Canada,2019,Fuel,GW,81.4
Canada,2019,Fuel,GW,13.34
Canada,2019,Fuel,GW,2.28
Canada,2019,Fuel,GW,4.01
Canada,2019,Fuel,GW,13.22
Canada,2019,Demand,TWh,608.62
Canada,2019,Demand per capita,MWh,16.11
Canada,2019,Aggregate fuel,%,80.7
Canada,2019,Aggregate fuel,%,19.29
Canada,2019,Aggregate fuel,%,11.64
Canada,2019,Aggregate fuel,%,59.79
Canada,2019,Aggregate fuel,%,65.37
Canada,2019,Aggregate fuel,%,5.58
Canada,2019,Aggregate fuel,TWh,529.2
Canada,2019,Aggregate fuel,TWh,126.5
Canada,2019,Aggregate fuel,TWh,76.36
Canada,2019,Aggregate fuel,TWh,392.08
Canada,2019,Aggregate fuel,TWh,428.71
Canada,2019,Aggregate fuel,TWh,36.63
Canada,2019,Fuel,%,1.57
Canada,2019,Fuel,%,7.65
Canada,2019,Fuel,%,11.12
Canada,2019,Fuel,%,58.22
Canada,2019,Fuel,%,15.33
Canada,2019,Fuel,%,0.52
Canada,2019,Fuel,%,0.57
Canada,2019,Fuel,%,5.01
Canada,2019,Fuel,TWh,10.31
Canada,2019,Fuel,TWh,50.14
Canada,2019,Fuel,TWh,72.94
Canada,2019,Fuel,TWh,381.77
Canada,2019,Fuel,TWh,100.49
Canada,2019,Fuel,TWh,3.42
Canada,2019,Fuel,TWh,3.75
Canada,2019,Fuel,TWh,32.88
Canada,2019,Total,TWh,655.7
Canada,2019,Electricity imports,TWh,-47.08
Canada,2019,Aggregate fuel,mtCO2,12.26
Canada,2019,Aggregate fuel,mtCO2,99.2
Canada,2019,Aggregate fuel,mtCO2,54.9
Canada,2019,Aggregate fuel,mtCO2,11.3
Canada,2019,Aggregate fuel,mtCO2,11.79
Canada,2019,Aggregate fuel,mtCO2,0.49
Canada,2019,CO2 intensity,gCO2/kWh,169.99
Canada,2019,Fuel,mtCO2,2.23
Canada,2019,Fuel,mtCO2,44.3
Canada,2019,Fuel,mtCO2,52.65
Canada,2019,Fuel,mtCO2,9.07
Canada,2019,Fuel,mtCO2,0.47
Canada,2019,Fuel,mtCO2,2.25
Canada,2019,Fuel,mtCO2,0.18
Canada,2019,Fuel,mtCO2,0.31
Canada,2019,Total,mtCO2,111.46
Canada,2020,Aggregate fuel,GW,114.28
Canada,2020,Aggregate fuel,GW,31.31
Canada,2020,Aggregate fuel,GW,22.52
Canada,2020,Aggregate fuel,GW,83.86
Canada,2020,Aggregate fuel,GW,101.77
Canada,2020,Aggregate fuel,GW,17.91
Canada,2020,Fuel,GW,2.65
Canada,2020,Fuel,GW,8.79
Canada,2020,Fuel,GW,20.24
Canada,2020,Fuel,GW,81.21
Canada,2020,Fuel,GW,12.51
Canada,2020,Fuel,GW,2.28
Canada,2020,Fuel,GW,4.38
Canada,2020,Fuel,GW,13.53
Canada,2020,Demand,TWh,598.25
Canada,2020,Demand per capita,MWh,15.67
Canada,2020,Aggregate fuel,%,81.47
Canada,2020,Aggregate fuel,%,18.53
Canada,2020,Aggregate fuel,%,12.58
Canada,2020,Aggregate fuel,%,60.53
Canada,2020,Aggregate fuel,%,66.6
Canada,2020,Aggregate fuel,%,6.07
Canada,2020,Aggregate fuel,TWh,534.3
Canada,2020,Aggregate fuel,TWh,121.59
Canada,2020,Aggregate fuel,TWh,82.55
Canada,2020,Aggregate fuel,TWh,396.96
Canada,2020,Aggregate fuel,TWh,436.79
Canada,2020,Aggregate fuel,TWh,39.83
Canada,2020,Fuel,%,1.59
Canada,2020,Fuel,%,5.95
Canada,2020,Fuel,%,11.52
Canada,2020,Fuel,%,58.94
Canada,2020,Fuel,%,14.87
Canada,2020,Fuel,%,1.06
Canada,2020,Fuel,%,0.62
Canada,2020,Fuel,%,5.45
Canada,2020,Fuel,TWh,10.41
Canada,2020,Fuel,TWh,39.04
Canada,2020,Fuel,TWh,75.59
Canada,2020,Fuel,TWh,386.55
Canada,2020,Fuel,TWh,97.51
Canada,2020,Fuel,TWh,6.96
Canada,2020,Fuel,TWh,4.07
Canada,2020,Fuel,TWh,35.76
Canada,2020,Total,TWh,655.89
Canada,2020,Electricity imports,TWh,-57.64
Canada,2020,Aggregate fuel,mtCO2,12.42
Canada,2020,Aggregate fuel,mtCO2,93.63
Canada,2020,Aggregate fuel,mtCO2,59.14
Canada,2020,Aggregate fuel,mtCO2,11.43
Canada,2020,Aggregate fuel,mtCO2,11.96
Canada,2020,Aggregate fuel,mtCO2,0.53
Canada,2020,CO2 intensity,gCO2/kWh,161.69
Canada,2020,Fuel,mtCO2,2.25
Canada,2020,Fuel,mtCO2,34.49
Canada,2020,Fuel,mtCO2,54.56
Canada,2020,Fuel,mtCO2,9.18
Canada,2020,Fuel,mtCO2,0.46
Canada,2020,Fuel,mtCO2,4.58
Canada,2020,Fuel,mtCO2,0.19
Canada,2020,Fuel,mtCO2,0.34
Canada,2020,Total,mtCO2,106.05
Canada,2021,Aggregate fuel,GW,116.27
Canada,2021,Aggregate fuel,GW,30.54
Canada,2021,Aggregate fuel,GW,25.23
Canada,2021,Aggregate fuel,GW,84.78
Canada,2021,Aggregate fuel,GW,103.76
Canada,2021,Aggregate fuel,GW,18.98
Canada,2021,Fuel,GW,2.65
Canada,2021,Fuel,GW,5.31
Canada,2021,Fuel,GW,22.95
Canada,2021,Fuel,GW,82.13
Canada,2021,Fuel,GW,12.51
Canada,2021,Fuel,GW,2.28
Canada,2021,Fuel,GW,5.26
Canada,2021,Fuel,GW,13.72
Canada,2021,Demand,TWh,605.11
Canada,2021,Demand per capita,MWh,15.74
Canada,2021,Aggregate fuel,%,80.84
Canada,2021,Aggregate fuel,%,19.16
Canada,2021,Aggregate fuel,%,13.82
Canada,2021,Aggregate fuel,%,60.24
Canada,2021,Aggregate fuel,%,66.74
Canada,2021,Aggregate fuel,%,6.5
Canada,2021,Aggregate fuel,TWh,527.37
Canada,2021,Aggregate fuel,TWh,125.03
Canada,2021,Aggregate fuel,TWh,90.2
Canada,2021,Aggregate fuel,TWh,392.98
Canada,2021,Aggregate fuel,TWh,435.39
Canada,2021,Aggregate fuel,TWh,42.41
Canada,2021,Fuel,%,1.62
Canada,2021,Fuel,%,5.34
Canada,2021,Fuel,%,12.81
Canada,2021,Fuel,%,58.62
Canada,2021,Fuel,%,14.1
Canada,2021,Fuel,%,1.01
Canada,2021,Fuel,%,0.78
Canada,2021,Fuel,%,5.72
Canada,2021,Fuel,TWh,10.55
Canada,2021,Fuel,TWh,34.83
Canada,2021,Fuel,TWh,83.6
Canada,2021,Fuel,TWh,382.43
Canada,2021,Fuel,TWh,91.98
Canada,2021,Fuel,TWh,6.6
Canada,2021,Fuel,TWh,5.11
Canada,2021,Fuel,TWh,37.3
Canada,2021,Total,TWh,652.4
Canada,2021,Electricity imports,TWh,-47.29
Canada,2021,Aggregate fuel,mtCO2,12.39
Canada,2021,Aggregate fuel,mtCO2,95.5
Canada,2021,Aggregate fuel,mtCO2,64.68
Canada,2021,Aggregate fuel,mtCO2,11.37
Canada,2021,Aggregate fuel,mtCO2,11.96
Canada,2021,Aggregate fuel,mtCO2,0.59
Canada,2021,CO2 intensity,gCO2/kWh,165.37
Canada,2021,Fuel,mtCO2,2.28
Canada,2021,Fuel,mtCO2,30.82
Canada,2021,Fuel,mtCO2,60.34
Canada,2021,Fuel,mtCO2,9.09
Canada,2021,Fuel,mtCO2,0.43
Canada,2021,Fuel,mtCO2,4.34
Canada,2021,Fuel,mtCO2,0.24
Canada,2021,Fuel,mtCO2,0.35
Canada,2021,Total,mtCO2,107.89
Canada,2022,Aggregate fuel,GW,117.9
Canada,2022,Aggregate fuel,GW,30.22
Canada,2022,Aggregate fuel,GW,25.34
Canada,2022,Aggregate fuel,GW,85.8
Canada,2022,Aggregate fuel,GW,106.32
Canada,2022,Aggregate fuel,GW,20.52
Canada,2022,Fuel,GW,2.66
Canada,2022,Fuel,GW,4.88
Canada,2022,Fuel,GW,23.06
Canada,2022,Fuel,GW,83.14
Canada,2022,Fuel,GW,11.58
Canada,2022,Fuel,GW,2.28
Canada,2022,Fuel,GW,5.44
Canada,2022,Fuel,GW,15.08
Canada,2022,Demand,TWh,612.97
Canada,2022,Demand per capita,MWh,15.79
Canada,2022,Aggregate fuel,%,81.18
Canada,2022,Aggregate fuel,%,18.82
Canada,2022,Aggregate fuel,%,14.83
Canada,2022,Aggregate fuel,%,61.32
Canada,2022,Aggregate fuel,%,68.13
Canada,2022,Aggregate fuel,%,6.81
Canada,2022,Aggregate fuel,TWh,539.1
Canada,2022,Aggregate fuel,TWh,124.98
Canada,2022,Aggregate fuel,TWh,98.49
Canada,2022,Aggregate fuel,TWh,407.25
Canada,2022,Aggregate fuel,TWh,452.47
Canada,2022,Aggregate fuel,TWh,45.22
Canada,2022,Fuel,%,1.43
Canada,2022,Fuel,%,3.99
Canada,2022,Fuel,%,13.62
Canada,2022,Fuel,%,59.89
Canada,2022,Fuel,%,13.05
Canada,2022,Fuel,%,1.21
Canada,2022,Fuel,%,0.86
Canada,2022,Fuel,%,5.95
Canada,2022,Fuel,TWh,9.52
Canada,2022,Fuel,TWh,26.49
Canada,2022,Fuel,TWh,90.44
Canada,2022,Fuel,TWh,397.73
Canada,2022,Fuel,TWh,86.63
Canada,2022,Fuel,TWh,8.05
Canada,2022,Fuel,TWh,5.74
Canada,2022,Fuel,TWh,39.48
Canada,2022,Total,TWh,664.08
Canada,2022,Electricity imports,TWh,-51.11
Canada,2022,Aggregate fuel,mtCO2,12.57
Canada,2022,Aggregate fuel,mtCO2,94.08
Canada,2022,Aggregate fuel,mtCO2,70.58
Canada,2022,Aggregate fuel,mtCO2,11.51
Canada,2022,Aggregate fuel,mtCO2,12.16
Canada,2022,Aggregate fuel,mtCO2,0.65
Canada,2022,CO2 intensity,gCO2/kWh,160.6
Canada,2022,Fuel,mtCO2,2.06
Canada,2022,Fuel,mtCO2,23.5
Canada,2022,Fuel,mtCO2,65.28
Canada,2022,Fuel,mtCO2,9.45
Canada,2022,Fuel,mtCO2,0.41
Canada,2022,Fuel,mtCO2,5.3
Canada,2022,Fuel,mtCO2,0.27
Canada,2022,Fuel,mtCO2,0.38
Canada,2022,Total,mtCO2,106.65
Canada,2023,Aggregate fuel,GW,120.39
Canada,2023,Aggregate fuel,GW,30.16
Canada,2023,Aggregate fuel,GW,25.9
Canada,2023,Aggregate fuel,GW,85.94
Canada,2023,Aggregate fuel,GW,108.81
Canada,2023,Aggregate fuel,GW,22.87
Canada,2023,Fuel,GW,2.66
Canada,2023,Fuel,GW,4.26
Canada,2023,Fuel,GW,23.62
Canada,2023,Fuel,GW,83.28
Canada,2023,Fuel,GW,11.58
Canada,2023,Fuel,GW,2.28
Canada,2023,Fuel,GW,5.88
Canada,2023,Fuel,GW,16.99
Canada,2023,Demand,TWh,613.72
Canada,2023,Demand per capita,MWh,15.62
Canada,2023,Aggregate fuel,%,79.19
Canada,2023,Aggregate fuel,%,20.81
Canada,2023,Aggregate fuel,%,17.11
Canada,2023,Aggregate fuel,%,57.77
Canada,2023,Aggregate fuel,%,65.4
Canada,2023,Aggregate fuel,%,7.63
Canada,2023,Aggregate fuel,TWh,507.88
Canada,2023,Aggregate fuel,TWh,133.51
Canada,2023,Aggregate fuel,TWh,109.77
Canada,2023,Aggregate fuel,TWh,370.54
Canada,2023,Aggregate fuel,TWh,419.45
Canada,2023,Aggregate fuel,TWh,48.91
Canada,2023,Fuel,%,1.53
Canada,2023,Fuel,%,3.7
Canada,2023,Fuel,%,16.04
Canada,2023,Fuel,%,56.24
Canada,2023,Fuel,%,13.79
Canada,2023,Fuel,%,1.07
Canada,2023,Fuel,%,1.31
Canada,2023,Fuel,%,6.32
Canada,2023,Fuel,TWh,9.8
Canada,2023,Fuel,TWh,23.74
Canada,2023,Fuel,TWh,102.88
Canada,2023,Fuel,TWh,360.74
Canada,2023,Fuel,TWh,88.43
Canada,2023,Fuel,TWh,6.89
Canada,2023,Fuel,TWh,8.4
Canada,2023,Fuel,TWh,40.51
Canada,2023,Total,TWh,641.39
Canada,2023,Electricity imports,TWh,-27.67
Canada,2023,Aggregate fuel,mtCO2,11.89
Canada,2023,Aggregate fuel,mtCO2,99.95
Canada,2023,Aggregate fuel,mtCO2,78.79
Canada,2023,Aggregate fuel,mtCO2,10.69
Canada,2023,Aggregate fuel,mtCO2,11.48
Canada,2023,Aggregate fuel,mtCO2,0.79
Canada,2023,CO2 intensity,gCO2/kWh,174.37
Canada,2023,Fuel,mtCO2,2.12
Canada,2023,Fuel,mtCO2,21.16
Canada,2023,Fuel,mtCO2,74.26
Canada,2023,Fuel,mtCO2,8.57
Canada,2023,Fuel,mtCO2,0.41
Canada,2023,Fuel,mtCO2,4.53
Canada,2023,Fuel,mtCO2,0.4
Canada,2023,Fuel,mtCO2,0.39
Canada,2023,Total,mtCO2,111.84
Canada,2024,Aggregate fuel,GW,122.01
Canada,2024,Aggregate fuel,GW,31.3
Canada,2024,Aggregate fuel,GW,27.92
Canada,2024,Aggregate fuel,GW,85.94
Canada,2024,Aggregate fuel,GW,110.43
Canada,2024,Aggregate fuel,GW,24.49
Canada,2024,Fuel,GW,2.66
Canada,2024,Fuel,GW,3.38
Canada,2024,Fuel,GW,25.64
Canada,2024,Fuel,GW,83.28
Canada,2024,Fuel,GW,11.58
Canada,2024,Fuel,GW,2.28
Canada,2024,Fuel,GW,6.11
Canada,2024,Fuel,GW,18.38
Canada,2024,Demand,TWh,624.29
Canada,2024,Demand per capita,MWh,15.71
Canada,2024,Aggregate fuel,%,77.69
Canada,2024,Aggregate fuel,%,22.31
Canada,2024,Aggregate fuel,%,18.36
Canada,2024,Aggregate fuel,%,55.44
Canada,2024,Aggregate fuel,%,64.27
Canada,2024,Aggregate fuel,%,8.83
Canada,2024,Aggregate fuel,TWh,494.75
Canada,2024,Aggregate fuel,TWh,142.04
Canada,2024,Aggregate fuel,TWh,116.9
Canada,2024,Aggregate fuel,TWh,353.03
Canada,2024,Aggregate fuel,TWh,409.28
Canada,2024,Aggregate fuel,TWh,56.25
Canada,2024,Fuel,%,1.54
Canada,2024,Fuel,%,3.95
Canada,2024,Fuel,%,17.21
Canada,2024,Fuel,%,53.9
Canada,2024,Fuel,%,13.42
Canada,2024,Fuel,%,1.15
Canada,2024,Fuel,%,1.48
Canada,2024,Fuel,%,7.35
Canada,2024,Fuel,TWh,9.83
Canada,2024,Fuel,TWh,25.14
Canada,2024,Fuel,TWh,109.6
Canada,2024,Fuel,TWh,343.2
Canada,2024,Fuel,TWh,85.47
Canada,2024,Fuel,TWh,7.3
Canada,2024,Fuel,TWh,9.42
Canada,2024,Fuel,TWh,46.83
Canada,2024,Total,TWh,636.79
Canada,2024,Electricity imports,TWh,-12.5
Canada,2024,Aggregate fuel,mtCO2,11.58
Canada,2024,Aggregate fuel,mtCO2,106.45
Canada,2024,Aggregate fuel,mtCO2,83.91
Canada,2024,Aggregate fuel,mtCO2,10.28
Canada,2024,Aggregate fuel,mtCO2,11.18
Canada,2024,Aggregate fuel,mtCO2,0.9
Canada,2024,CO2 intensity,gCO2/kWh,185.35
Canada,2024,Fuel,mtCO2,2.13
Canada,2024,Fuel,mtCO2,22.54
Canada,2024,Fuel,mtCO2,79.11
Canada,2024,Fuel,mtCO2,8.15
Canada,2024,Fuel,mtCO2,0.4
Canada,2024,Fuel,mtCO2,4.8
Canada,2024,Fuel,mtCO2,0.45
Canada,2024,Fuel,mtCO2,0.45
Canada,2024,Total,mtCO2,118.03
Egypt,2000,Aggregate fuel,GW,2.93
Egypt,2000,Aggregate fuel,GW,10.44
Egypt,2000,Aggregate fuel,GW,10.44
Egypt,2000,Aggregate fuel,GW,2.86
Egypt,2000,Aggregate fuel,GW,2.93
Egypt,2000,Aggregate fuel,GW,0.07
Egypt,2000,Fuel,GW,0.07
Egypt,2000,Fuel,GW,
Egypt,2000,Fuel,GW,10.44
Egypt,2000,Fuel,GW,2.79
Egypt,2000,Fuel,GW,
Egypt,2000,Fuel,GW,0.0
Egypt,2000,Fuel,GW,0.07
Egypt,2000,Demand,TWh,73.17
Egypt,2000,Demand per capita,MWh,1.0
Egypt,2000,Aggregate fuel,%,19.45
Egypt,2000,Aggregate fuel,%,80.55
Egypt,2000,Aggregate fuel,%,80.55
Egypt,2000,Aggregate fuel,%,19.34
Egypt,2000,Aggregate fuel,%,19.45
Egypt,2000,Aggregate fuel,%,0.11
Egypt,2000,Aggregate fuel,TWh,14.26
Egypt,2000,Aggregate fuel,TWh,59.06
Egypt,2000,Aggregate fuel,TWh,59.06
Egypt,2000,Aggregate fuel,TWh,14.18
Egypt,2000,Aggregate fuel,TWh,14.26
Egypt,2000,Aggregate fuel,TWh,0.08
Egypt,2000,Fuel,%,0.0
Egypt,2000,Fuel,%,0.0
Egypt,2000,Fuel,%,57.54
Egypt,2000,Fuel,%,19.34
Egypt,2000,Fuel,%,23.01
Egypt,2000,Fuel,%,0.0
Egypt,2000,Fuel,%,0.11
Egypt,2000,Fuel,TWh,0.0
Egypt,2000,Fuel,TWh,0.0
Egypt,2000,Fuel,TWh,42.19
Egypt,2000,Fuel,TWh,14.18
Egypt,2000,Fuel,TWh,16.87
Egypt,2000,Fuel,TWh,0.0
Egypt,2000,Fuel,TWh,0.08
Egypt,2000,Total,TWh,73.32
Egypt,2000,Electricity imports,TWh,-0.15
Egypt,2000,Aggregate fuel,mtCO2,0.34
Egypt,2000,Aggregate fuel,mtCO2,38.2
Egypt,2000,Aggregate fuel,mtCO2,38.2
Egypt,2000,Aggregate fuel,mtCO2,0.34
Egypt,2000,Aggregate fuel,mtCO2,0.34
Egypt,2000,Aggregate fuel,mtCO2,0.0
Egypt,2000,CO2 intensity,gCO2/kWh,525.64
Egypt,2000,Fuel,mtCO2,0.0
Egypt,2000,Fuel,mtCO2,0.0
Egypt,2000,Fuel,mtCO2,27.1
Egypt,2000,Fuel,mtCO2,0.34
Egypt,2000,Fuel,mtCO2,11.1
Egypt,2000,Fuel,mtCO2,0.0
Egypt,2000,Fuel,mtCO2,0.0
Egypt,2000,Total,mtCO2,38.54
Egypt,2001,Aggregate fuel,GW,2.93
Egypt,2001,Aggregate fuel,GW,11.14
Egypt,2001,Aggregate fuel,GW,11.14
Egypt,2001,Aggregate fuel,GW,2.86
Egypt,2001,Aggregate fuel,GW,2.93
Egypt,2001,Aggregate fuel,GW,0.07
Egypt,2001,Fuel,GW,0.07
Egypt,2001,Fuel,GW,
Egypt,2001,Fuel,GW,11.14
Egypt,2001,Fuel,GW,2.79
Egypt,2001,Fuel,GW,
Egypt,2001,Fuel,GW,0.0
Egypt,2001,Fuel,GW,0.07
Egypt,2001,Demand,TWh,80.5
Egypt,2001,Demand per capita,MWh,1.08
Egypt,2001,Aggregate fuel,%,18.07
Egypt,2001,Aggregate fuel,%,81.92
Egypt,2001,Aggregate fuel,%,81.92
Egypt,2001,Aggregate fuel,%,17.85
Egypt,2001,Aggregate fuel,%,18.07
Egypt,2001,Aggregate fuel,%,0.22
Egypt,2001,Aggregate fuel,TWh,14.59
Egypt,2001,Aggregate fuel,TWh,66.12
Egypt,2001,Aggregate fuel,TWh,66.12
Egypt,2001,Aggregate fuel,TWh,14.41
Egypt,2001,Aggregate fuel,TWh,14.59
Egypt,2001,Aggregate fuel,TWh,0.18
Egypt,2001,Fuel,%,0.0
Egypt,2001,Fuel,%,0.0
Egypt,2001,Fuel,%,60.05
Egypt,2001,Fuel,%,17.85
Egypt,2001,Fuel,%,21.87
Egypt,2001,Fuel,%,0.0
Egypt,2001,Fuel,%,0.22
Egypt,2001,Fuel,TWh,0.0
Egypt,2001,Fuel,TWh,0.0
Egypt,2001,Fuel,TWh,48.47
Egypt,2001,Fuel,TWh,14.41
Egypt,2001,Fuel,TWh,17.65
Egypt,2001,Fuel,TWh,0.0
Egypt,2001,Fuel,TWh,0.18
Egypt,2001,Total,TWh,80.71
Egypt,2001,Electricity imports,TWh,-0.21
Egypt,2001,Aggregate fuel,mtCO2,0.34
Egypt,2001,Aggregate fuel,mtCO2,42.74
Egypt,2001,Aggregate fuel,mtCO2,42.74
Egypt,2001,Aggregate fuel,mtCO2,0.34
Egypt,2001,Aggregate fuel,mtCO2,0.34
Egypt,2001,Aggregate fuel,mtCO2,0.0
Egypt,2001,CO2 intensity,gCO2/kWh,533.76
Egypt,2001,Fuel,mtCO2,0.0
Egypt,2001,Fuel,mtCO2,0.0
Egypt,2001,Fuel,mtCO2,31.13
Egypt,2001,Fuel,mtCO2,0.34
Egypt,2001,Fuel,mtCO2,11.61
Egypt,2001,Fuel,mtCO2,0.0
Egypt,2001,Fuel,mtCO2,0.0
Egypt,2001,Total,mtCO2,43.08
Egypt,2002,Aggregate fuel,GW,2.93
Egypt,2002,Aggregate fuel,GW,11.82
Egypt,2002,Aggregate fuel,GW,11.82
Egypt,2002,Aggregate fuel,GW,2.86
Egypt,2002,Aggregate fuel,GW,2.93
Egypt,2002,Aggregate fuel,GW,0.07
Egypt,2002,Fuel,GW,0.07
Egypt,2002,Fuel,GW,
Egypt,2002,Fuel,GW,11.82
Egypt,2002,Fuel,GW,2.79
Egypt,2002,Fuel,GW,
Egypt,2002,Fuel,GW,0.0
Egypt,2002,Fuel,GW,0.07
Egypt,2002,Demand,TWh,85.45
Egypt,2002,Demand per capita,MWh,1.12
Egypt,2002,Aggregate fuel,%,16.46
Egypt,2002,Aggregate fuel,%,83.53
Egypt,2002,Aggregate fuel,%,83.53
Egypt,2002,Aggregate fuel,%,16.22
Egypt,2002,Aggregate fuel,%,16.46
Egypt,2002,Aggregate fuel,%,0.24
Egypt,2002,Aggregate fuel,TWh,14.2
Egypt,2002,Aggregate fuel,TWh,72.03
Egypt,2002,Aggregate fuel,TWh,72.03
Egypt,2002,Aggregate fuel,TWh,13.99
Egypt,2002,Aggregate fuel,TWh,14.2
Egypt,2002,Aggregate fuel,TWh,0.21
Egypt,2002,Fuel,%,0.0
Egypt,2002,Fuel,%,0.0
Egypt,2002,Fuel,%,66.62
Egypt,2002,Fuel,%,16.22
Egypt,2002,Fuel,%,16.91
Egypt,2002,Fuel,%,0.0
Egypt,2002,Fuel,%,0.24
Egypt,2002,Fuel,TWh,0.0
Egypt,2002,Fuel,TWh,0.0
Egypt,2002,Fuel,TWh,57.45
Egypt,2002,Fuel,TWh,13.99
Egypt,2002,Fuel,TWh,14.58
Egypt,2002,Fuel,TWh,0.0
Egypt,2002,Fuel,TWh,0.21
Egypt,2002,Total,TWh,86.23
Egypt,2002,Electricity imports,TWh,-0.78
Egypt,2002,Aggregate fuel,mtCO2,0.33
Egypt,2002,Aggregate fuel,mtCO2,46.49
Egypt,2002,Aggregate fuel,mtCO2,46.49
Egypt,2002,Aggregate fuel,mtCO2,0.33
Egypt,2002,Aggregate fuel,mtCO2,0.33
Egypt,2002,Aggregate fuel,mtCO2,0.0
Egypt,2002,CO2 intensity,gCO2/kWh,542.97
Egypt,2002,Fuel,mtCO2,0.0
Egypt,2002,Fuel,mtCO2,0.0
Egypt,2002,Fuel,mtCO2,36.9
Egypt,2002,Fuel,mtCO2,0.33
Egypt,2002,Fuel,mtCO2,9.59
Egypt,2002,Fuel,mtCO2,0.0
Egypt,2002,Fuel,mtCO2,0.0
Egypt,2002,Total,mtCO2,46.82
Egypt,2003,Aggregate fuel,GW,2.93
Egypt,2003,Aggregate fuel,GW,13.19
Egypt,2003,Aggregate fuel,GW,13.19
Egypt,2003,Aggregate fuel,GW,2.86
Egypt,2003,Aggregate fuel,GW,2.93
Egypt,2003,Aggregate fuel,GW,0.07
Egypt,2003,Fuel,GW,0.07
Egypt,2003,Fuel,GW,
Egypt,2003,Fuel,GW,13.19
Egypt,2003,Fuel,GW,2.79
Egypt,2003,Fuel,GW,
Egypt,2003,Fuel,GW,0.0
Egypt,2003,Fuel,GW,0.07
Egypt,2003,Demand,TWh,91.27
Egypt,2003,Demand per capita,MWh,1.17
Egypt,2003,Aggregate fuel,%,14.35
Egypt,2003,Aggregate fuel,%,85.65
Egypt,2003,Aggregate fuel,%,85.65
Egypt,2003,Aggregate fuel,%,14.04
Egypt,2003,Aggregate fuel,%,14.35
Egypt,2003,Aggregate fuel,%,0.31
Egypt,2003,Aggregate fuel,TWh,13.23
Egypt,2003,Aggregate fuel,TWh,78.96
Egypt,2003,Aggregate fuel,TWh,78.96
Egypt,2003,Aggregate fuel,TWh,12.94
Egypt,2003,Aggregate fuel,TWh,13.23
Egypt,2003,Aggregate fuel,TWh,0.29
Egypt,2003,Fuel,%,0.0
Egypt,2003,Fuel,%,0.0
Egypt,2003,Fuel,%,69.44
Egypt,2003,Fuel,%,14.04
Egypt,2003,Fuel,%,16.21
Egypt,2003,Fuel,%,0.0
Egypt,2003,Fuel,%,0.31
Egypt,2003,Fuel,TWh,0.0
Egypt,2003,Fuel,TWh,0.0
Egypt,2003,Fuel,TWh,64.02
Egypt,2003,Fuel,TWh,12.94
Egypt,2003,Fuel,TWh,14.94
Egypt,2003,Fuel,TWh,0.0
Egypt,2003,Fuel,TWh,0.29
Egypt,2003,Total,TWh,92.19
Egypt,2003,Electricity imports,TWh,-0.92
Egypt,2003,Aggregate fuel,mtCO2,0.31
Egypt,2003,Aggregate fuel,mtCO2,50.95
Egypt,2003,Aggregate fuel,mtCO2,50.95
Egypt,2003,Aggregate fuel,mtCO2,0.31
Egypt,2003,Aggregate fuel,mtCO2,0.31
Egypt,2003,Aggregate fuel,mtCO2,0.0
Egypt,2003,CO2 intensity,gCO2/kWh,556.03
Egypt,2003,Fuel,mtCO2,0.0
Egypt,2003,Fuel,mtCO2,0.0
Egypt,2003,Fuel,mtCO2,41.12
Egypt,2003,Fuel,mtCO2,0.31
Egypt,2003,Fuel,mtCO2,9.83
Egypt,2003,Fuel,mtCO2,0.0
Egypt,2003,Fuel,mtCO2,0.0
Egypt,2003,Total,mtCO2,51.26
Egypt,2004,Aggregate fuel,GW,3.01
Egypt,2004,Aggregate fuel,GW,13.19
Egypt,2004,Aggregate fuel,GW,13.19
Egypt,2004,Aggregate fuel,GW,2.86
Egypt,2004,Aggregate fuel,GW,3.01
Egypt,2004,Aggregate fuel,GW,0.15
Egypt,2004,Fuel,GW,0.07
Egypt,2004,Fuel,GW,
Egypt,2004,Fuel,GW,13.19
Egypt,2004,Fuel,GW,2.79
Egypt,2004,Fuel,GW,
Egypt,2004,Fuel,GW,0.0
Egypt,2004,Fuel,GW,0.15
Egypt,2004,Demand,TWh,97.55
Egypt,2004,Demand per capita,MWh,1.23
Egypt,2004,Aggregate fuel,%,13.57
Egypt,2004,Aggregate fuel,%,86.44
Egypt,2004,Aggregate fuel,%,86.44
Egypt,2004,Aggregate fuel,%,13.06
Egypt,2004,Aggregate fuel,%,13.57
Egypt,2004,Aggregate fuel,%,0.51
Egypt,2004,Aggregate fuel,TWh,13.33
Egypt,2004,Aggregate fuel,TWh,84.92
Egypt,2004,Aggregate fuel,TWh,84.92
Egypt,2004,Aggregate fuel,TWh,12.83
Egypt,2004,Aggregate fuel,TWh,13.33
Egypt,2004,Aggregate fuel,TWh,0.5
Egypt,2004,Fuel,%,0.0
Egypt,2004,Fuel,%,0.0
Egypt,2004,Fuel,%,75.78
Egypt,2004,Fuel,%,13.06
Egypt,2004,Fuel,%,10.66
Egypt,2004,Fuel,%,0.0
Egypt,2004,Fuel,%,0.51
Egypt,2004,Fuel,TWh,0.0
Egypt,2004,Fuel,TWh,0.0
Egypt,2004,Fuel,TWh,74.45
Egypt,2004,Fuel,TWh,12.83
Egypt,2004,Fuel,TWh,10.47
Egypt,2004,Fuel,TWh,0.0
Egypt,2004,Fuel,TWh,0.5
Egypt,2004,Total,TWh,98.25
Egypt,2004,Electricity imports,TWh,-0.7
Egypt,2004,Aggregate fuel,mtCO2,0.3
Egypt,2004,Aggregate fuel,mtCO2,54.71
Egypt,2004,Aggregate fuel,mtCO2,54.71
Egypt,2004,Aggregate fuel,mtCO2,0.3
Egypt,2004,Aggregate fuel,mtCO2,0.3
Egypt,2004,Aggregate fuel,mtCO2,0.0
Egypt,2004,CO2 intensity,gCO2/kWh,559.9
Egypt,2004,Fuel,mtCO2,0.0
Egypt,2004,Fuel,mtCO2,0.0
Egypt,2004,Fuel,mtCO2,47.82
Egypt,2004,Fuel,mtCO2,0.3
Egypt,2004,Fuel,mtCO2,6.89
Egypt,2004,Fuel,mtCO2,0.0
Egypt,2004,Fuel,mtCO2,0.0
Egypt,2004,Total,mtCO2,55.01
Egypt,2005,Aggregate fuel,GW,3.01
Egypt,2005,Aggregate fuel,GW,13.19
Egypt,2005,Aggregate fuel,GW,13.19
Egypt,2005,Aggregate fuel,GW,2.86
Egypt,2005,Aggregate fuel,GW,3.01
Egypt,2005,Aggregate fuel,GW,0.15
Egypt,2005,Fuel,GW,0.07
Egypt,2005,Fuel,GW,
Egypt,2005,Fuel,GW,13.19
Egypt,2005,Fuel,GW,2.79
Egypt,2005,Fuel,GW,
Egypt,2005,Fuel,GW,0.0
Egypt,2005,Fuel,GW,0.15
Egypt,2005,Demand,TWh,104.16
Egypt,2005,Demand per capita,MWh,1.28
Egypt,2005,Aggregate fuel,%,12.53
Egypt,2005,Aggregate fuel,%,87.47
Egypt,2005,Aggregate fuel,%,87.47
Egypt,2005,Aggregate fuel,%,12.04
Egypt,2005,Aggregate fuel,%,12.53
Egypt,2005,Aggregate fuel,%,0.49
Egypt,2005,Aggregate fuel,TWh,13.15
Egypt,2005,Aggregate fuel,TWh,91.79
Egypt,2005,Aggregate fuel,TWh,91.79
Egypt,2005,Aggregate fuel,TWh,12.64
Egypt,2005,Aggregate fuel,TWh,13.15
Egypt,2005,Aggregate fuel,TWh,0.51
Egypt,2005,Fuel,%,0.0
Egypt,2005,Fuel,%,0.0
Egypt,2005,Fuel,%,73.18
Egypt,2005,Fuel,%,12.04
Egypt,2005,Fuel,%,14.29
Egypt,2005,Fuel,%,0.0
Egypt,2005,Fuel,%,0.49
Egypt,2005,Fuel,TWh,0.0
Egypt,2005,Fuel,TWh,0.0
Egypt,2005,Fuel,TWh,76.79
Egypt,2005,Fuel,TWh,12.64
Egypt,2005,Fuel,TWh,15.0
Egypt,2005,Fuel,TWh,0.0
Egypt,2005,Fuel,TWh,0.51
Egypt,2005,Total,TWh,104.94
Egypt,2005,Electricity imports,TWh,-0.78
Egypt,2005,Aggregate fuel,mtCO2,0.3
Egypt,2005,Aggregate fuel,mtCO2,59.2
Egypt,2005,Aggregate fuel,mtCO2,59.2
Egypt,2005,Aggregate fuel,mtCO2,0.3
Egypt,2005,Aggregate fuel,mtCO2,0.3
Egypt,2005,Aggregate fuel,mtCO2,0.0
Egypt,2005,CO2 intensity,gCO2/kWh,566.99
Egypt,2005,Fuel,mtCO2,0.0
Egypt,2005,Fuel,mtCO2,0.0
Egypt,2005,Fuel,mtCO2,49.33
Egypt,2005,Fuel,mtCO2,0.3
Egypt,2005,Fuel,mtCO2,9.87
Egypt,2005,Fuel,mtCO2,0.0
Egypt,2005,Fuel,mtCO2,0.0
Egypt,2005,Total,mtCO2,59.5
Egypt,2006,Aggregate fuel,GW,3.09
Egypt,2006,Aggregate fuel,GW,14.69
Egypt,2006,Aggregate fuel,GW,14.69
Egypt,2006,Aggregate fuel,GW,2.86
Egypt,2006,Aggregate fuel,GW,3.09
Egypt,2006,Aggregate fuel,GW,0.23
Egypt,2006,Fuel,GW,0.07
Egypt,2006,Fuel,GW,
Egypt,2006,Fuel,GW,14.69
Egypt,2006,Fuel,GW,2.79
Egypt,2006,Fuel,GW,
Egypt,2006,Fuel,GW,0.0
Egypt,2006,Fuel,GW,0.23
Egypt,2006,Demand,TWh,111.31
Egypt,2006,Demand per capita,MWh,1.35
Egypt,2006,Aggregate fuel,%,12.0
Egypt,2006,Aggregate fuel,%,88.01
Egypt,2006,Aggregate fuel,%,88.01
Egypt,2006,Aggregate fuel,%,11.45
Egypt,2006,Aggregate fuel,%,12.0
Egypt,2006,Aggregate fuel,%,0.55
Egypt,2006,Aggregate fuel,TWh,13.39
Egypt,2006,Aggregate fuel,TWh,98.27
Egypt,2006,Aggregate fuel,TWh,98.27
Egypt,2006,Aggregate fuel,TWh,12.78
Egypt,2006,Aggregate fuel,TWh,13.39
Egypt,2006,Aggregate fuel,TWh,0.61
Egypt,2006,Fuel,%,0.0
Egypt,2006,Fuel,%,0.0
Egypt,2006,Fuel,%,74.39
Egypt,2006,Fuel,%,11.45
Egypt,2006,Fuel,%,13.62
Egypt,2006,Fuel,%,0.0
Egypt,2006,Fuel,%,0.55
Egypt,2006,Fuel,TWh,0.0
Egypt,2006,Fuel,TWh,0.0
Egypt,2006,Fuel,TWh,83.06
Egypt,2006,Fuel,TWh,12.78
Egypt,2006,Fuel,TWh,15.21
Egypt,2006,Fuel,TWh,0.0
Egypt,2006,Fuel,TWh,0.61
Egypt,2006,Total,TWh,111.66
Egypt,2006,Electricity imports,TWh,-0.35
Egypt,2006,Aggregate fuel,mtCO2,0.31
Egypt,2006,Aggregate fuel,mtCO2,63.36
Egypt,2006,Aggregate fuel,mtCO2,63.36
Egypt,2006,Aggregate fuel,mtCO2,0.3
Egypt,2006,Aggregate fuel,mtCO2,0.31
Egypt,2006,Aggregate fuel,mtCO2,0.01
Egypt,2006,CO2 intensity,gCO2/kWh,570.21
Egypt,2006,Fuel,mtCO2,0.0
Egypt,2006,Fuel,mtCO2,0.0
Egypt,2006,Fuel,mtCO2,53.35
Egypt,2006,Fuel,mtCO2,0.3
Egypt,2006,Fuel,mtCO2,10.01
Egypt,2006,Fuel,mtCO2,0.0
Egypt,2006,Fuel,mtCO2,0.01
Egypt,2006,Total,mtCO2,63.67
Egypt,2007,Aggregate fuel,GW,3.17
Egypt,2007,Aggregate fuel,GW,14.69
Egypt,2007,Aggregate fuel,GW,14.69
Egypt,2007,Aggregate fuel,GW,2.86
Egypt,2007,Aggregate fuel,GW,3.17
Egypt,2007,Aggregate fuel,GW,0.31
Egypt,2007,Fuel,GW,0.07
Egypt,2007,Fuel,GW,
Egypt,2007,Fuel,GW,14.69
Egypt,2007,Fuel,GW,2.79
Egypt,2007,Fuel,GW,
Egypt,2007,Fuel,GW,0.0
Egypt,2007,Fuel,GW,0.31
Egypt,2007,Demand,TWh,119.3
Egypt,2007,Demand per capita,MWh,1.42
Egypt,2007,Aggregate fuel,%,12.41
Egypt,2007,Aggregate fuel,%,87.59
Egypt,2007,Aggregate fuel,%,87.59
Egypt,2007,Aggregate fuel,%,11.86
Egypt,2007,Aggregate fuel,%,12.41
Egypt,2007,Aggregate fuel,%,0.55
Egypt,2007,Aggregate fuel,TWh,14.88
Egypt,2007,Aggregate fuel,TWh,104.98
Egypt,2007,Aggregate fuel,TWh,104.98
Egypt,2007,Aggregate fuel,TWh,14.22
Egypt,2007,Aggregate fuel,TWh,14.88
Egypt,2007,Aggregate fuel,TWh,0.66
Egypt,2007,Fuel,%,0.0
Egypt,2007,Fuel,%,0.0
Egypt,2007,Fuel,%,74.43
Egypt,2007,Fuel,%,11.86
Egypt,2007,Fuel,%,13.16
Egypt,2007,Fuel,%,0.0
Egypt,2007,Fuel,%,0.55
Egypt,2007,Fuel,TWh,0.0
Egypt,2007,Fuel,TWh,0.0
Egypt,2007,Fuel,TWh,89.21
Egypt,2007,Fuel,TWh,14.22
Egypt,2007,Fuel,TWh,15.77
Egypt,2007,Fuel,TWh,0.0
Egypt,2007,Fuel,TWh,0.66
Egypt,2007,Total,TWh,119.86
Egypt,2007,Electricity imports,TWh,-0.56
Egypt,2007,Aggregate fuel,mtCO2,0.35
Egypt,2007,Aggregate fuel,mtCO2,67.68
Egypt,2007,Aggregate fuel,mtCO2,67.68
Egypt,2007,Aggregate fuel,mtCO2,0.34
Egypt,2007,Aggregate fuel,mtCO2,0.35
Egypt,2007,Aggregate fuel,mtCO2,0.01
Egypt,2007,CO2 intensity,gCO2/kWh,567.58
Egypt,2007,Fuel,mtCO2,0.0
Egypt,2007,Fuel,mtCO2,0.0
Egypt,2007,Fuel,mtCO2,57.3
Egypt,2007,Fuel,mtCO2,0.34
Egypt,2007,Fuel,mtCO2,10.38
Egypt,2007,Fuel,mtCO2,0.0
Egypt,2007,Fuel,mtCO2,0.01
Egypt,2007,Total,mtCO2,68.03
Egypt,2008,Aggregate fuel,GW,3.27
Egypt,2008,Aggregate fuel,GW,16.19
Egypt,2008,Aggregate fuel,GW,16.19
Egypt,2008,Aggregate fuel,GW,2.87
Egypt,2008,Aggregate fuel,GW,3.27
Egypt,2008,Aggregate fuel,GW,0.4
Egypt,2008,Fuel,GW,0.07
Egypt,2008,Fuel,GW,
Egypt,2008,Fuel,GW,16.19
Egypt,2008,Fuel,GW,2.8
Egypt,2008,Fuel,GW,
Egypt,2008,Fuel,GW,0.0
Egypt,2008,Fuel,GW,0.4
Egypt,2008,Demand,TWh,127.9
Egypt,2008,Demand per capita,MWh,1.49
Egypt,2008,Aggregate fuel,%,12.44
Egypt,2008,Aggregate fuel,%,87.56
Egypt,2008,Aggregate fuel,%,87.56
Egypt,2008,Aggregate fuel,%,11.72
Egypt,2008,Aggregate fuel,%,12.44
Egypt,2008,Aggregate fuel,%,0.72
Egypt,2008,Aggregate fuel,TWh,16.03
Egypt,2008,Aggregate fuel,TWh,112.77
Egypt,2008,Aggregate fuel,TWh,112.77
Egypt,2008,Aggregate fuel,TWh,15.1
Egypt,2008,Aggregate fuel,TWh,16.03
Egypt,2008,Aggregate fuel,TWh,0.93
Egypt,2008,Fuel,%,0.0
Egypt,2008,Fuel,%,0.0
Egypt,2008,Fuel,%,73.65
Egypt,2008,Fuel,%,11.72
Egypt,2008,Fuel,%,13.91
Egypt,2008,Fuel,%,0.0
Egypt,2008,Fuel,%,0.72
Egypt,2008,Fuel,TWh,0.0
Egypt,2008,Fuel,TWh,0.0
Egypt,2008,Fuel,TWh,94.86
Egypt,2008,Fuel,TWh,15.1
Egypt,2008,Fuel,TWh,17.91
Egypt,2008,Fuel,TWh,0.0
Egypt,2008,Fuel,TWh,0.93
Egypt,2008,Total,TWh,128.8
Egypt,2008,Electricity imports,TWh,-0.9
Egypt,2008,Aggregate fuel,mtCO2,0.37
Egypt,2008,Aggregate fuel,mtCO2,72.71
Egypt,2008,Aggregate fuel,mtCO2,72.71
Egypt,2008,Aggregate fuel,mtCO2,0.36
Egypt,2008,Aggregate fuel,mtCO2,0.37
Egypt,2008,Aggregate fuel,mtCO2,0.01
Egypt,2008,CO2 intensity,gCO2/kWh,567.39
Egypt,2008,Fuel,mtCO2,0.0
Egypt,2008,Fuel,mtCO2,0.0
Egypt,2008,Fuel,mtCO2,60.93
Egypt,2008,Fuel,mtCO2,0.36
Egypt,2008,Fuel,mtCO2,11.78
Egypt,2008,Fuel,mtCO2,0.0
Egypt,2008,Fuel,mtCO2,0.01
Egypt,2008,Total,mtCO2,73.08
Egypt,2009,Aggregate fuel,GW,3.31
Egypt,2009,Aggregate fuel,GW,16.94
Egypt,2009,Aggregate fuel,GW,16.94
Egypt,2009,Aggregate fuel,GW,2.87
Egypt,2009,Aggregate fuel,GW,3.31
Egypt,2009,Aggregate fuel,GW,0.44
Egypt,2009,Fuel,GW,0.07
Egypt,2009,Fuel,GW,
Egypt,2009,Fuel,GW,16.94
Egypt,2009,Fuel,GW,2.8
Egypt,2009,Fuel,GW,
Egypt,2009,Fuel,GW,0.0
Egypt,2009,Fuel,GW,0.44
Egypt,2009,Demand,TWh,133.33
Egypt,2009,Demand per capita,MWh,1.52
Egypt,2009,Aggregate fuel,%,11.03
Egypt,2009,Aggregate fuel,%,88.97
Egypt,2009,Aggregate fuel,%,88.97
Egypt,2009,Aggregate fuel,%,10.26
Egypt,2009,Aggregate fuel,%,11.03
Egypt,2009,Aggregate fuel,%,0.77
Egypt,2009,Aggregate fuel,TWh,14.81
Egypt,2009,Aggregate fuel,TWh,119.46
Egypt,2009,Aggregate fuel,TWh,119.46
Egypt,2009,Aggregate fuel,TWh,13.77
Egypt,2009,Aggregate fuel,TWh,14.81
Egypt,2009,Aggregate fuel,TWh,1.04
Egypt,2009,Fuel,%,0.0
Egypt,2009,Fuel,%,0.0
Egypt,2009,Fuel,%,73.54
Egypt,2009,Fuel,%,10.26
Egypt,2009,Fuel,%,15.43
Egypt,2009,Fuel,%,0.0
Egypt,2009,Fuel,%,0.77
Egypt,2009,Fuel,TWh,0.0
Egypt,2009,Fuel,TWh,0.0
Egypt,2009,Fuel,TWh,98.74
Egypt,2009,Fuel,TWh,13.77
Egypt,2009,Fuel,TWh,20.72
Egypt,2009,Fuel,TWh,0.0
Egypt,2009,Fuel,TWh,1.04
Egypt,2009,Total,TWh,134.27
Egypt,2009,Electricity imports,TWh,-0.94
Egypt,2009,Aggregate fuel,mtCO2,0.34
Egypt,2009,Aggregate fuel,mtCO2,77.06
Egypt,2009,Aggregate fuel,mtCO2,77.06
Egypt,2009,Aggregate fuel,mtCO2,0.33
Egypt,2009,Aggregate fuel,mtCO2,0.34
Egypt,2009,Aggregate fuel,mtCO2,0.01
Egypt,2009,CO2 intensity,gCO2/kWh,576.45
Egypt,2009,Fuel,mtCO2,0.0
Egypt,2009,Fuel,mtCO2,0.0
Egypt,2009,Fuel,mtCO2,63.43
Egypt,2009,Fuel,mtCO2,0.33
Egypt,2009,Fuel,mtCO2,13.63
Egypt,2009,Fuel,mtCO2,0.0
Egypt,2009,Fuel,mtCO2,0.01
Egypt,2009,Total,mtCO2,77.4
Egypt,2010,Aggregate fuel,GW,3.44
Egypt,2010,Aggregate fuel,GW,20.64
Egypt,2010,Aggregate fuel,GW,20.64
Egypt,2010,Aggregate fuel,GW,2.87
Egypt,2010,Aggregate fuel,GW,3.44
Egypt,2010,Aggregate fuel,GW,0.57
Egypt,2010,Fuel,GW,0.07
Egypt,2010,Fuel,GW,
Egypt,2010,Fuel,GW,20.64
Egypt,2010,Fuel,GW,2.8
Egypt,2010,Fuel,GW,
Egypt,2010,Fuel,GW,0.01
Egypt,2010,Fuel,GW,0.56
Egypt,2010,Demand,TWh,142.99
Egypt,2010,Demand per capita,MWh,1.6
Egypt,2010,Aggregate fuel,%,9.97
Egypt,2010,Aggregate fuel,%,90.04
Egypt,2010,Aggregate fuel,%,90.04
Egypt,2010,Aggregate fuel,%,8.97
Egypt,2010,Aggregate fuel,%,9.97
Egypt,2010,Aggregate fuel,%,1.0
Egypt,2010,Aggregate fuel,TWh,14.39
Egypt,2010,Aggregate fuel,TWh,130.04
Egypt,2010,Aggregate fuel,TWh,130.04
Egypt,2010,Aggregate fuel,TWh,12.95
Egypt,2010,Aggregate fuel,TWh,14.39
Egypt,2010,Aggregate fuel,TWh,1.44
Egypt,2010,Fuel,%,0.0
Egypt,2010,Fuel,%,0.0
Egypt,2010,Fuel,%,76.23
Egypt,2010,Fuel,%,8.97
Egypt,2010,Fuel,%,13.81
Egypt,2010,Fuel,%,0.02
Egypt,2010,Fuel,%,0.98
Egypt,2010,Fuel,TWh,0.0
Egypt,2010,Fuel,TWh,0.0
Egypt,2010,Fuel,TWh,110.1
Egypt,2010,Fuel,TWh,12.95
Egypt,2010,Fuel,TWh,19.94
Egypt,2010,Fuel,TWh,0.03
Egypt,2010,Fuel,TWh,1.41
Egypt,2010,Total,TWh,144.43
Egypt,2010,Electricity imports,TWh,-1.44
Egypt,2010,Aggregate fuel,mtCO2,0.32
Egypt,2010,Aggregate fuel,mtCO2,83.84
Egypt,2010,Aggregate fuel,mtCO2,83.84
Egypt,2010,Aggregate fuel,mtCO2,0.31
Egypt,2010,Aggregate fuel,mtCO2,0.32
Egypt,2010,Aggregate fuel,mtCO2,0.01
Egypt,2010,CO2 intensity,gCO2/kWh,582.7
Egypt,2010,Fuel,mtCO2,0.0
Egypt,2010,Fuel,mtCO2,0.0
Egypt,2010,Fuel,mtCO2,70.72
Egypt,2010,Fuel,mtCO2,0.31
Egypt,2010,Fuel,mtCO2,13.12
Egypt,2010,Fuel,mtCO2,0.0
Egypt,2010,Fuel,mtCO2,0.01
Egypt,2010,Total,mtCO2,84.16
Egypt,2011,Aggregate fuel,GW,3.46
Egypt,2011,Aggregate fuel,GW,22.82
Egypt,2011,Aggregate fuel,GW,22.82
Egypt,2011,Aggregate fuel,GW,2.87
Egypt,2011,Aggregate fuel,GW,3.46
Egypt,2011,Aggregate fuel,GW,0.59
Egypt,2011,Fuel,GW,0.07
Egypt,2011,Fuel,GW,
Egypt,2011,Fuel,GW,22.82
Egypt,2011,Fuel,GW,2.8
Egypt,2011,Fuel,GW,
Egypt,2011,Fuel,GW,0.03
Egypt,2011,Fuel,GW,0.56
Egypt,2011,Demand,TWh,147.98
Egypt,2011,Demand per capita,MWh,1.62
Egypt,2011,Aggregate fuel,%,9.85
Egypt,2011,Aggregate fuel,%,90.16
Egypt,2011,Aggregate fuel,%,90.16
Egypt,2011,Aggregate fuel,%,8.69
Egypt,2011,Aggregate fuel,%,9.85
Egypt,2011,Aggregate fuel,%,1.16
Egypt,2011,Aggregate fuel,TWh,14.72
Egypt,2011,Aggregate fuel,TWh,134.84
Egypt,2011,Aggregate fuel,TWh,134.84
Egypt,2011,Aggregate fuel,TWh,12.99
Egypt,2011,Aggregate fuel,TWh,14.72
Egypt,2011,Aggregate fuel,TWh,1.73
Egypt,2011,Fuel,%,0.0
Egypt,2011,Fuel,%,0.0
Egypt,2011,Fuel,%,78.54
Egypt,2011,Fuel,%,8.69
Egypt,2011,Fuel,%,11.62
Egypt,2011,Fuel,%,0.16
Egypt,2011,Fuel,%,1.0
Egypt,2011,Fuel,TWh,0.0
Egypt,2011,Fuel,TWh,0.0
Egypt,2011,Fuel,TWh,117.46
Egypt,2011,Fuel,TWh,12.99
Egypt,2011,Fuel,TWh,17.38
Egypt,2011,Fuel,TWh,0.24
Egypt,2011,Fuel,TWh,1.49
Egypt,2011,Total,TWh,149.56
Egypt,2011,Electricity imports,TWh,-1.58
Egypt,2011,Aggregate fuel,mtCO2,0.33
Egypt,2011,Aggregate fuel,mtCO2,86.89
Egypt,2011,Aggregate fuel,mtCO2,86.89
Egypt,2011,Aggregate fuel,mtCO2,0.31
Egypt,2011,Aggregate fuel,mtCO2,0.33
Egypt,2011,Aggregate fuel,mtCO2,0.02
Egypt,2011,CO2 intensity,gCO2/kWh,583.18
Egypt,2011,Fuel,mtCO2,0.0
Egypt,2011,Fuel,mtCO2,0.0
Egypt,2011,Fuel,mtCO2,75.45
Egypt,2011,Fuel,mtCO2,0.31
Egypt,2011,Fuel,mtCO2,11.44
Egypt,2011,Fuel,mtCO2,0.01
Egypt,2011,Fuel,mtCO2,0.01
Egypt,2011,Total,mtCO2,87.22
Egypt,2012,Aggregate fuel,GW,3.46
Egypt,2012,Aggregate fuel,GW,24.07
Egypt,2012,Aggregate fuel,GW,24.07
Egypt,2012,Aggregate fuel,GW,2.87
Egypt,2012,Aggregate fuel,GW,3.46
Egypt,2012,Aggregate fuel,GW,0.59
Egypt,2012,Fuel,GW,0.07
Egypt,2012,Fuel,GW,
Egypt,2012,Fuel,GW,24.07
Egypt,2012,Fuel,GW,2.8
Egypt,2012,Fuel,GW,
Egypt,2012,Fuel,GW,0.03
Egypt,2012,Fuel,GW,0.56
Egypt,2012,Demand,TWh,162.44
Egypt,2012,Demand per capita,MWh,1.74
Egypt,2012,Aggregate fuel,%,9.13
Egypt,2012,Aggregate fuel,%,90.87
Egypt,2012,Aggregate fuel,%,90.87
Egypt,2012,Aggregate fuel,%,8.0
Egypt,2012,Aggregate fuel,%,9.13
Egypt,2012,Aggregate fuel,%,1.13
Egypt,2012,Aggregate fuel,TWh,14.87
Egypt,2012,Aggregate fuel,TWh,147.97
Egypt,2012,Aggregate fuel,TWh,147.97
Egypt,2012,Aggregate fuel,TWh,13.03
Egypt,2012,Aggregate fuel,TWh,14.87
Egypt,2012,Aggregate fuel,TWh,1.84
Egypt,2012,Fuel,%,0.0
Egypt,2012,Fuel,%,0.0
Egypt,2012,Fuel,%,77.72
Egypt,2012,Fuel,%,8.0
Egypt,2012,Fuel,%,13.15
Egypt,2012,Fuel,%,0.31
Egypt,2012,Fuel,%,0.82
Egypt,2012,Fuel,TWh,0.0
Egypt,2012,Fuel,TWh,0.0
Egypt,2012,Fuel,TWh,126.56
Egypt,2012,Fuel,TWh,13.03
Egypt,2012,Fuel,TWh,21.41
Egypt,2012,Fuel,TWh,0.5
Egypt,2012,Fuel,TWh,1.34
Egypt,2012,Total,TWh,162.84
Egypt,2012,Electricity imports,TWh,-0.4
Egypt,2012,Aggregate fuel,mtCO2,0.34
Egypt,2012,Aggregate fuel,mtCO2,95.39
Egypt,2012,Aggregate fuel,mtCO2,95.39
Egypt,2012,Aggregate fuel,mtCO2,0.31
Egypt,2012,Aggregate fuel,mtCO2,0.34
Egypt,2012,Aggregate fuel,mtCO2,0.03
Egypt,2012,CO2 intensity,gCO2/kWh,587.88
Egypt,2012,Fuel,mtCO2,0.0
Egypt,2012,Fuel,mtCO2,0.0
Egypt,2012,Fuel,mtCO2,81.3
Egypt,2012,Fuel,mtCO2,0.31
Egypt,2012,Fuel,mtCO2,14.09
Egypt,2012,Fuel,mtCO2,0.02
Egypt,2012,Fuel,mtCO2,0.01
Egypt,2012,Total,mtCO2,95.73
Egypt,2013,Aggregate fuel,GW,3.46
Egypt,2013,Aggregate fuel,GW,24.72
Egypt,2013,Aggregate fuel,GW,24.72
Egypt,2013,Aggregate fuel,GW,2.87
Egypt,2013,Aggregate fuel,GW,3.46
Egypt,2013,Aggregate fuel,GW,0.59
Egypt,2013,Fuel,GW,0.07
Egypt,2013,Fuel,GW,
Egypt,2013,Fuel,GW,24.72
Egypt,2013,Fuel,GW,2.8
Egypt,2013,Fuel,GW,
Egypt,2013,Fuel,GW,0.03
Egypt,2013,Fuel,GW,0.56
Egypt,2013,Demand,TWh,164.68
Egypt,2013,Demand per capita,MWh,1.73
Egypt,2013,Aggregate fuel,%,9.0
Egypt,2013,Aggregate fuel,%,91.0
Egypt,2013,Aggregate fuel,%,91.0
Egypt,2013,Aggregate fuel,%,8.02
Egypt,2013,Aggregate fuel,%,9.0
Egypt,2013,Aggregate fuel,%,0.98
Egypt,2013,Aggregate fuel,TWh,14.85
Egypt,2013,Aggregate fuel,TWh,150.23
Egypt,2013,Aggregate fuel,TWh,150.23
Egypt,2013,Aggregate fuel,TWh,13.24
Egypt,2013,Aggregate fuel,TWh,14.85
Egypt,2013,Aggregate fuel,TWh,1.61
Egypt,2013,Fuel,%,0.0
Egypt,2013,Fuel,%,0.0
Egypt,2013,Fuel,%,74.61
Egypt,2013,Fuel,%,8.02
Egypt,2013,Fuel,%,16.39
Egypt,2013,Fuel,%,0.02
Egypt,2013,Fuel,%,0.96
Egypt,2013,Fuel,TWh,0.0
Egypt,2013,Fuel,TWh,0.0
Egypt,2013,Fuel,TWh,123.17
Egypt,2013,Fuel,TWh,13.24
Egypt,2013,Fuel,TWh,27.06
Egypt,2013,Fuel,TWh,0.03
Egypt,2013,Fuel,TWh,1.58
Egypt,2013,Total,TWh,165.08
Egypt,2013,Electricity imports,TWh,-0.4
Egypt,2013,Aggregate fuel,mtCO2,0.33
Egypt,2013,Aggregate fuel,mtCO2,96.93
Egypt,2013,Aggregate fuel,mtCO2,96.93
Egypt,2013,Aggregate fuel,mtCO2,0.31
Egypt,2013,Aggregate fuel,mtCO2,0.33
Egypt,2013,Aggregate fuel,mtCO2,0.02
Egypt,2013,CO2 intensity,gCO2/kWh,589.17
Egypt,2013,Fuel,mtCO2,0.0
Egypt,2013,Fuel,mtCO2,0.0
Egypt,2013,Fuel,mtCO2,79.12
Egypt,2013,Fuel,mtCO2,0.31
Egypt,2013,Fuel,mtCO2,17.81
Egypt,2013,Fuel,mtCO2,0.0
Egypt,2013,Fuel,mtCO2,0.02
Egypt,2013,Total,mtCO2,97.26
Egypt,2014,Aggregate fuel,GW,3.46
Egypt,2014,Aggregate fuel,GW,25.47
Egypt,2014,Aggregate fuel,GW,25.47
Egypt,2014,Aggregate fuel,GW,2.87
Egypt,2014,Aggregate fuel,GW,3.46
Egypt,2014,Aggregate fuel,GW,0.59
Egypt,2014,Fuel,GW,0.07
Egypt,2014,Fuel,GW,
Egypt,2014,Fuel,GW,25.47
Egypt,2014,Fuel,GW,2.8
Egypt,2014,Fuel,GW,
Egypt,2014,Fuel,GW,0.03
Egypt,2014,Fuel,GW,0.56
Egypt,2014,Demand,TWh,170.56
Egypt,2014,Demand per capita,MWh,1.75
Egypt,2014,Aggregate fuel,%,8.62
Egypt,2014,Aggregate fuel,%,91.38
Egypt,2014,Aggregate fuel,%,91.38
Egypt,2014,Aggregate fuel,%,7.94
Egypt,2014,Aggregate fuel,%,8.62
Egypt,2014,Aggregate fuel,%,0.68
Egypt,2014,Aggregate fuel,TWh,14.76
Egypt,2014,Aggregate fuel,TWh,156.48
Egypt,2014,Aggregate fuel,TWh,156.48
Egypt,2014,Aggregate fuel,TWh,13.59
Egypt,2014,Aggregate fuel,TWh,14.76
Egypt,2014,Aggregate fuel,TWh,1.17
Egypt,2014,Fuel,%,0.0
Egypt,2014,Fuel,%,0.0
Egypt,2014,Fuel,%,72.79
Egypt,2014,Fuel,%,7.94
Egypt,2014,Fuel,%,18.59
Egypt,2014,Fuel,%,0.08
Egypt,2014,Fuel,%,0.6
Egypt,2014,Fuel,TWh,0.0
Egypt,2014,Fuel,TWh,0.0
Egypt,2014,Fuel,TWh,124.64
Egypt,2014,Fuel,TWh,13.59
Egypt,2014,Fuel,TWh,31.84
Egypt,2014,Fuel,TWh,0.14
Egypt,2014,Fuel,TWh,1.03
Egypt,2014,Total,TWh,171.24
Egypt,2014,Electricity imports,TWh,-0.68
Egypt,2014,Aggregate fuel,mtCO2,0.34
Egypt,2014,Aggregate fuel,mtCO2,101.01
Egypt,2014,Aggregate fuel,mtCO2,101.01
Egypt,2014,Aggregate fuel,mtCO2,0.32
Egypt,2014,Aggregate fuel,mtCO2,0.34
Egypt,2014,Aggregate fuel,mtCO2,0.02
Egypt,2014,CO2 intensity,gCO2/kWh,591.86
Egypt,2014,Fuel,mtCO2,0.0
Egypt,2014,Fuel,mtCO2,0.0
Egypt,2014,Fuel,mtCO2,80.06
Egypt,2014,Fuel,mtCO2,0.32
Egypt,2014,Fuel,mtCO2,20.95
Egypt,2014,Fuel,mtCO2,0.01
Egypt,2014,Fuel,mtCO2,0.01
Egypt,2014,Total,mtCO2,101.35
Egypt,2015,Aggregate fuel,GW,3.66
Egypt,2015,Aggregate fuel,GW,29.66
Egypt,2015,Aggregate fuel,GW,29.66
Egypt,2015,Aggregate fuel,GW,2.87
Egypt,2015,Aggregate fuel,GW,3.66
Egypt,2015,Aggregate fuel,GW,0.79
Egypt,2015,Fuel,GW,0.07
Egypt,2015,Fuel,GW,
Egypt,2015,Fuel,GW,29.66
Egypt,2015,Fuel,GW,2.8
Egypt,2015,Fuel,GW,
Egypt,2015,Fuel,GW,0.04
Egypt,2015,Fuel,GW,0.75
Egypt,2015,Demand,TWh,181.14
Egypt,2015,Demand per capita,MWh,1.82
Egypt,2015,Aggregate fuel,%,8.58
Egypt,2015,Aggregate fuel,%,91.41
Egypt,2015,Aggregate fuel,%,91.41
Egypt,2015,Aggregate fuel,%,7.52
Egypt,2015,Aggregate fuel,%,8.58
Egypt,2015,Aggregate fuel,%,1.06
Egypt,2015,Aggregate fuel,TWh,15.61
Egypt,2015,Aggregate fuel,TWh,166.22
Egypt,2015,Aggregate fuel,TWh,166.22
Egypt,2015,Aggregate fuel,TWh,13.68
Egypt,2015,Aggregate fuel,TWh,15.61
Egypt,2015,Aggregate fuel,TWh,1.93
Egypt,2015,Fuel,%,0.0
Egypt,2015,Fuel,%,0.0
Egypt,2015,Fuel,%,71.39
Egypt,2015,Fuel,%,7.52
Egypt,2015,Fuel,%,20.02
Egypt,2015,Fuel,%,0.02
Egypt,2015,Fuel,%,1.04
Egypt,2015,Fuel,TWh,0.0
Egypt,2015,Fuel,TWh,0.0
Egypt,2015,Fuel,TWh,129.81
Egypt,2015,Fuel,TWh,13.68
Egypt,2015,Fuel,TWh,36.41
Egypt,2015,Fuel,TWh,0.04
Egypt,2015,Fuel,TWh,1.89
Egypt,2015,Total,TWh,181.83
Egypt,2015,Electricity imports,TWh,-0.69
Egypt,2015,Aggregate fuel,mtCO2,0.35
Egypt,2015,Aggregate fuel,mtCO2,107.34
Egypt,2015,Aggregate fuel,mtCO2,107.34
Egypt,2015,Aggregate fuel,mtCO2,0.33
Egypt,2015,Aggregate fuel,mtCO2,0.35
Egypt,2015,Aggregate fuel,mtCO2,0.02
Egypt,2015,CO2 intensity,gCO2/kWh,592.26
Egypt,2015,Fuel,mtCO2,0.0
Egypt,2015,Fuel,mtCO2,0.0
Egypt,2015,Fuel,mtCO2,83.38
Egypt,2015,Fuel,mtCO2,0.33
Egypt,2015,Fuel,mtCO2,23.96
Egypt,2015,Fuel,mtCO2,0.0
Egypt,2015,Fuel,mtCO2,0.02
Egypt,2015,Total,mtCO2,107.69
Egypt,2016,Aggregate fuel,GW,3.68
Egypt,2016,Aggregate fuel,GW,29.99
Egypt,2016,Aggregate fuel,GW,29.99
Egypt,2016,Aggregate fuel,GW,2.87
Egypt,2016,Aggregate fuel,GW,3.68
Egypt,2016,Aggregate fuel,GW,0.81
Egypt,2016,Fuel,GW,0.07
Egypt,2016,Fuel,GW,
Egypt,2016,Fuel,GW,29.99
Egypt,2016,Fuel,GW,2.8
Egypt,2016,Fuel,GW,
Egypt,2016,Fuel,GW,0.06
Egypt,2016,Fuel,GW,0.75
Egypt,2016,Demand,TWh,187.92
Egypt,2016,Demand per capita,MWh,1.85
Egypt,2016,Aggregate fuel,%,8.41
Egypt,2016,Aggregate fuel,%,91.59
Egypt,2016,Aggregate fuel,%,91.59
Egypt,2016,Aggregate fuel,%,7.01
Egypt,2016,Aggregate fuel,%,8.41
Egypt,2016,Aggregate fuel,%,1.4
Egypt,2016,Aggregate fuel,TWh,15.83
Egypt,2016,Aggregate fuel,TWh,172.36
Egypt,2016,Aggregate fuel,TWh,172.36
Egypt,2016,Aggregate fuel,TWh,13.2
Egypt,2016,Aggregate fuel,TWh,15.83
Egypt,2016,Aggregate fuel,TWh,2.63
Egypt,2016,Fuel,%,0.0
Egypt,2016,Fuel,%,0.0
Egypt,2016,Fuel,%,73.58
Egypt,2016,Fuel,%,7.01
Egypt,2016,Fuel,%,18.01
Egypt,2016,Fuel,%,0.12
Egypt,2016,Fuel,%,1.28
Egypt,2016,Fuel,TWh,0.0
Egypt,2016,Fuel,TWh,0.0
Egypt,2016,Fuel,TWh,138.47
Egypt,2016,Fuel,TWh,13.2
Egypt,2016,Fuel,TWh,33.89
Egypt,2016,Fuel,TWh,0.23
Egypt,2016,Fuel,TWh,2.4
Egypt,2016,Total,TWh,188.19
Egypt,2016,Electricity imports,TWh,-0.27
Egypt,2016,Aggregate fuel,mtCO2,0.34
Egypt,2016,Aggregate fuel,mtCO2,111.25
Egypt,2016,Aggregate fuel,mtCO2,111.25
Egypt,2016,Aggregate fuel,mtCO2,0.31
Egypt,2016,Aggregate fuel,mtCO2,0.34
Egypt,2016,Aggregate fuel,mtCO2,0.03
Egypt,2016,CO2 intensity,gCO2/kWh,592.97
Egypt,2016,Fuel,mtCO2,0.0
Egypt,2016,Fuel,mtCO2,0.0
Egypt,2016,Fuel,mtCO2,88.95
Egypt,2016,Fuel,mtCO2,0.31
Egypt,2016,Fuel,mtCO2,22.3
Egypt,2016,Fuel,mtCO2,0.01
Egypt,2016,Fuel,mtCO2,0.02
Egypt,2016,Total,mtCO2,111.59
Egypt,2017,Aggregate fuel,GW,3.8
Egypt,2017,Aggregate fuel,GW,33.19
Egypt,2017,Aggregate fuel,GW,33.19
Egypt,2017,Aggregate fuel,GW,2.87
Egypt,2017,Aggregate fuel,GW,3.8
Egypt,2017,Aggregate fuel,GW,0.93
Egypt,2017,Fuel,GW,0.07
Egypt,2017,Fuel,GW,
Egypt,2017,Fuel,GW,33.19
Egypt,2017,Fuel,GW,2.8
Egypt,2017,Fuel,GW,
Egypt,2017,Fuel,GW,0.18
Egypt,2017,Fuel,GW,0.75
Egypt,2017,Demand,TWh,192.87
Egypt,2017,Demand per capita,MWh,1.86
Egypt,2017,Aggregate fuel,%,8.02
Egypt,2017,Aggregate fuel,%,91.97
Egypt,2017,Aggregate fuel,%,91.97
Egypt,2017,Aggregate fuel,%,6.62
Egypt,2017,Aggregate fuel,%,8.02
Egypt,2017,Aggregate fuel,%,1.4
Egypt,2017,Aggregate fuel,TWh,15.5
Egypt,2017,Aggregate fuel,TWh,177.71
Egypt,2017,Aggregate fuel,TWh,177.71
Egypt,2017,Aggregate fuel,TWh,12.79
Egypt,2017,Aggregate fuel,TWh,15.5
Egypt,2017,Aggregate fuel,TWh,2.71
Egypt,2017,Fuel,%,0.0
Egypt,2017,Fuel,%,0.0
Egypt,2017,Fuel,%,78.63
Egypt,2017,Fuel,%,6.62
Egypt,2017,Fuel,%,13.34
Egypt,2017,Fuel,%,0.31
Egypt,2017,Fuel,%,1.09
Egypt,2017,Fuel,TWh,0.0
Egypt,2017,Fuel,TWh,0.0
Egypt,2017,Fuel,TWh,151.93
Egypt,2017,Fuel,TWh,12.79
Egypt,2017,Fuel,TWh,25.78
Egypt,2017,Fuel,TWh,0.6
Egypt,2017,Fuel,TWh,2.11
Egypt,2017,Total,TWh,193.21
Egypt,2017,Electricity imports,TWh,-0.34
Egypt,2017,Aggregate fuel,mtCO2,0.35
Egypt,2017,Aggregate fuel,mtCO2,114.55
Egypt,2017,Aggregate fuel,mtCO2,114.55
Egypt,2017,Aggregate fuel,mtCO2,0.3
Egypt,2017,Aggregate fuel,mtCO2,0.35
Egypt,2017,Aggregate fuel,mtCO2,0.05
Egypt,2017,CO2 intensity,gCO2/kWh,594.69
Egypt,2017,Fuel,mtCO2,0.0
Egypt,2017,Fuel,mtCO2,0.0
Egypt,2017,Fuel,mtCO2,97.59
Egypt,2017,Fuel,mtCO2,0.3
Egypt,2017,Fuel,mtCO2,16.96
Egypt,2017,Fuel,mtCO2,0.03
Egypt,2017,Fuel,mtCO2,0.02
Egypt,2017,Total,mtCO2,114.9
Egypt,2018,Aggregate fuel,GW,4.79
Egypt,2018,Aggregate fuel,GW,48.84
Egypt,2018,Aggregate fuel,GW,48.84
Egypt,2018,Aggregate fuel,GW,2.9
Egypt,2018,Aggregate fuel,GW,4.79
Egypt,2018,Aggregate fuel,GW,1.89
Egypt,2018,Fuel,GW,0.07
Egypt,2018,Fuel,GW,
Egypt,2018,Fuel,GW,48.84
Egypt,2018,Fuel,GW,2.83
Egypt,2018,Fuel,GW,
Egypt,2018,Fuel,GW,0.76
Egypt,2018,Fuel,GW,1.13
Egypt,2018,Demand,TWh,198.82
Egypt,2018,Demand per capita,MWh,1.88
Egypt,2018,Aggregate fuel,%,8.26
Egypt,2018,Aggregate fuel,%,91.75
Egypt,2018,Aggregate fuel,%,91.75
Egypt,2018,Aggregate fuel,%,6.48
Egypt,2018,Aggregate fuel,%,8.26
Egypt,2018,Aggregate fuel,%,1.78
Egypt,2018,Aggregate fuel,TWh,16.46
Egypt,2018,Aggregate fuel,TWh,182.93
Egypt,2018,Aggregate fuel,TWh,182.93
Egypt,2018,Aggregate fuel,TWh,12.92
Egypt,2018,Aggregate fuel,TWh,16.46
Egypt,2018,Aggregate fuel,TWh,3.54
Egypt,2018,Fuel,%,0.0
Egypt,2018,Fuel,%,0.0
Egypt,2018,Fuel,%,83.85
Egypt,2018,Fuel,%,6.48
Egypt,2018,Fuel,%,7.9
Egypt,2018,Fuel,%,0.28
Egypt,2018,Fuel,%,1.5
Egypt,2018,Fuel,TWh,0.0
Egypt,2018,Fuel,TWh,0.0
Egypt,2018,Fuel,TWh,167.18
Egypt,2018,Fuel,TWh,12.92
Egypt,2018,Fuel,TWh,15.75
Egypt,2018,Fuel,TWh,0.55
Egypt,2018,Fuel,TWh,2.99
Egypt,2018,Total,TWh,199.39
Egypt,2018,Electricity imports,TWh,-0.57
Egypt,2018,Aggregate fuel,mtCO2,0.37
Egypt,2018,Aggregate fuel,mtCO2,117.75
Egypt,2018,Aggregate fuel,mtCO2,117.75
Egypt,2018,Aggregate fuel,mtCO2,0.31
Egypt,2018,Aggregate fuel,mtCO2,0.37
Egypt,2018,Aggregate fuel,mtCO2,0.06
Egypt,2018,CO2 intensity,gCO2/kWh,592.41
Egypt,2018,Fuel,mtCO2,0.0
Egypt,2018,Fuel,mtCO2,0.0
Egypt,2018,Fuel,mtCO2,107.39
Egypt,2018,Fuel,mtCO2,0.31
Egypt,2018,Fuel,mtCO2,10.36
Egypt,2018,Fuel,mtCO2,0.03
Egypt,2018,Fuel,mtCO2,0.03
Egypt,2018,Total,mtCO2,118.12
Egypt,2019,Aggregate fuel,GW,5.69
Egypt,2019,Aggregate fuel,GW,51.81
Egypt,2019,Aggregate fuel,GW,51.81
Egypt,2019,Aggregate fuel,GW,2.91
Egypt,2019,Aggregate fuel,GW,5.69
Egypt,2019,Aggregate fuel,GW,2.78
Egypt,2019,Fuel,GW,0.08
Egypt,2019,Fuel,GW,
Egypt,2019,Fuel,GW,51.81
Egypt,2019,Fuel,GW,2.83
Egypt,2019,Fuel,GW,
Egypt,2019,Fuel,GW,1.65
Egypt,2019,Fuel,GW,1.13
Egypt,2019,Demand,TWh,199.78
Egypt,2019,Demand per capita,MWh,1.86
Egypt,2019,Aggregate fuel,%,9.76
Egypt,2019,Aggregate fuel,%,90.24
Egypt,2019,Aggregate fuel,%,90.24
Egypt,2019,Aggregate fuel,%,6.54
Egypt,2019,Aggregate fuel,%,9.76
Egypt,2019,Aggregate fuel,%,3.22
Egypt,2019,Aggregate fuel,TWh,19.59
Egypt,2019,Aggregate fuel,TWh,180.98
Egypt,2019,Aggregate fuel,TWh,180.98
Egypt,2019,Aggregate fuel,TWh,13.12
Egypt,2019,Aggregate fuel,TWh,19.59
Egypt,2019,Aggregate fuel,TWh,6.47
Egypt,2019,Fuel,%,0.0
Egypt,2019,Fuel,%,0.0
Egypt,2019,Fuel,%,85.67
Egypt,2019,Fuel,%,6.54
Egypt,2019,Fuel,%,4.57
Egypt,2019,Fuel,%,0.74
Egypt,2019,Fuel,%,2.48
Egypt,2019,Fuel,TWh,0.0
Egypt,2019,Fuel,TWh,0.0
Egypt,2019,Fuel,TWh,171.82
Egypt,2019,Fuel,TWh,13.12
Egypt,2019,Fuel,TWh,9.16
Egypt,2019,Fuel,TWh,1.49
Egypt,2019,Fuel,TWh,4.98
Egypt,2019,Total,TWh,200.57
Egypt,2019,Electricity imports,TWh,-0.79
Egypt,2019,Aggregate fuel,mtCO2,0.43
Egypt,2019,Aggregate fuel,mtCO2,116.4
Egypt,2019,Aggregate fuel,mtCO2,116.4
Egypt,2019,Aggregate fuel,mtCO2,0.31
Egypt,2019,Aggregate fuel,mtCO2,0.43
Egypt,2019,Aggregate fuel,mtCO2,0.12
Egypt,2019,CO2 intensity,gCO2/kWh,582.49
Egypt,2019,Fuel,mtCO2,0.0
Egypt,2019,Fuel,mtCO2,0.0
Egypt,2019,Fuel,mtCO2,110.37
Egypt,2019,Fuel,mtCO2,0.31
Egypt,2019,Fuel,mtCO2,6.03
Egypt,2019,Fuel,mtCO2,0.07
Egypt,2019,Fuel,mtCO2,0.05
Egypt,2019,Total,mtCO2,116.83
Egypt,2020,Aggregate fuel,GW,5.93
Egypt,2020,Aggregate fuel,GW,52.56
Egypt,2020,Aggregate fuel,GW,52.56
Egypt,2020,Aggregate fuel,GW,2.91
Egypt,2020,Aggregate fuel,GW,5.93
Egypt,2020,Aggregate fuel,GW,3.02
Egypt,2020,Fuel,GW,0.08
Egypt,2020,Fuel,GW,
Egypt,2020,Fuel,GW,52.56
Egypt,2020,Fuel,GW,2.83
Egypt,2020,Fuel,GW,
Egypt,2020,Fuel,GW,1.64
Egypt,2020,Fuel,GW,1.38
Egypt,2020,Demand,TWh,197.18
Egypt,2020,Demand per capita,MWh,1.8
Egypt,2020,Aggregate fuel,%,11.96
Egypt,2020,Aggregate fuel,%,88.04
Egypt,2020,Aggregate fuel,%,88.04
Egypt,2020,Aggregate fuel,%,7.09
Egypt,2020,Aggregate fuel,%,11.96
Egypt,2020,Aggregate fuel,%,4.87
Egypt,2020,Aggregate fuel,TWh,23.76
Egypt,2020,Aggregate fuel,TWh,174.84
Egypt,2020,Aggregate fuel,TWh,174.84
Egypt,2020,Aggregate fuel,TWh,14.08
Egypt,2020,Aggregate fuel,TWh,23.76
Egypt,2020,Aggregate fuel,TWh,9.68
Egypt,2020,Fuel,%,0.0
Egypt,2020,Fuel,%,0.0
Egypt,2020,Fuel,%,84.02
Egypt,2020,Fuel,%,7.09
Egypt,2020,Fuel,%,4.02
Egypt,2020,Fuel,%,2.24
Egypt,2020,Fuel,%,2.63
Egypt,2020,Fuel,TWh,0.0
Egypt,2020,Fuel,TWh,0.0
Egypt,2020,Fuel,TWh,166.86
Egypt,2020,Fuel,TWh,14.08
Egypt,2020,Fuel,TWh,7.98
Egypt,2020,Fuel,TWh,4.45
Egypt,2020,Fuel,TWh,5.23
Egypt,2020,Total,TWh,198.6
Egypt,2020,Electricity imports,TWh,-1.42
Egypt,2020,Aggregate fuel,mtCO2,0.59
Egypt,2020,Aggregate fuel,mtCO2,112.43
Egypt,2020,Aggregate fuel,mtCO2,112.43
Egypt,2020,Aggregate fuel,mtCO2,0.33
Egypt,2020,Aggregate fuel,mtCO2,0.59
Egypt,2020,Aggregate fuel,mtCO2,0.26
Egypt,2020,CO2 intensity,gCO2/kWh,569.08
Egypt,2020,Fuel,mtCO2,0.0
Egypt,2020,Fuel,mtCO2,0.0
Egypt,2020,Fuel,mtCO2,107.18
Egypt,2020,Fuel,mtCO2,0.33
Egypt,2020,Fuel,mtCO2,5.25
Egypt,2020,Fuel,mtCO2,0.21
Egypt,2020,Fuel,mtCO2,0.05
Egypt,2020,Total,mtCO2,113.02
Egypt,2021,Aggregate fuel,GW,6.25
Egypt,2021,Aggregate fuel,GW,53.53
Egypt,2021,Aggregate fuel,GW,53.53
Egypt,2021,Aggregate fuel,GW,2.95
Egypt,2021,Aggregate fuel,GW,6.25
Egypt,2021,Aggregate fuel,GW,3.3
Egypt,2021,Fuel,GW,0.12
Egypt,2021,Fuel,GW,
Egypt,2021,Fuel,GW,53.53
Egypt,2021,Fuel,GW,2.83
Egypt,2021,Fuel,GW,
Egypt,2021,Fuel,GW,1.66
Egypt,2021,Fuel,GW,1.64
Egypt,2021,Demand,TWh,208.19
Egypt,2021,Demand per capita,MWh,1.88
Egypt,2021,Aggregate fuel,%,12.1
Egypt,2021,Aggregate fuel,%,87.9
Egypt,2021,Aggregate fuel,%,87.9
Egypt,2021,Aggregate fuel,%,7.11
Egypt,2021,Aggregate fuel,%,12.1
Egypt,2021,Aggregate fuel,%,4.99
Egypt,2021,Aggregate fuel,TWh,25.36
Egypt,2021,Aggregate fuel,TWh,184.3
Egypt,2021,Aggregate fuel,TWh,184.3
Egypt,2021,Aggregate fuel,TWh,14.9
Egypt,2021,Aggregate fuel,TWh,25.36
Egypt,2021,Aggregate fuel,TWh,10.46
Egypt,2021,Fuel,%,0.0
Egypt,2021,Fuel,%,0.0
Egypt,2021,Fuel,%,85.59
Egypt,2021,Fuel,%,7.11
Egypt,2021,Fuel,%,2.31
Egypt,2021,Fuel,%,2.37
Egypt,2021,Fuel,%,2.62
Egypt,2021,Fuel,TWh,0.0
Egypt,2021,Fuel,TWh,0.0
Egypt,2021,Fuel,TWh,179.45
Egypt,2021,Fuel,TWh,14.9
Egypt,2021,Fuel,TWh,4.85
Egypt,2021,Fuel,TWh,4.97
Egypt,2021,Fuel,TWh,5.49
Egypt,2021,Total,TWh,209.66
Egypt,2021,Electricity imports,TWh,-1.47
Egypt,2021,Aggregate fuel,mtCO2,0.64
Egypt,2021,Aggregate fuel,mtCO2,118.46
Egypt,2021,Aggregate fuel,mtCO2,118.46
Egypt,2021,Aggregate fuel,mtCO2,0.35
Egypt,2021,Aggregate fuel,mtCO2,0.64
Egypt,2021,Aggregate fuel,mtCO2,0.29
Egypt,2021,CO2 intensity,gCO2/kWh,568.06
Egypt,2021,Fuel,mtCO2,0.0
Egypt,2021,Fuel,mtCO2,0.0
Egypt,2021,Fuel,mtCO2,115.27
Egypt,2021,Fuel,mtCO2,0.35
Egypt,2021,Fuel,mtCO2,3.19
Egypt,2021,Fuel,mtCO2,0.24
Egypt,2021,Fuel,mtCO2,0.05
Egypt,2021,Total,mtCO2,119.1
Egypt,2022,Aggregate fuel,GW,6.31
Egypt,2022,Aggregate fuel,GW,52.66
Egypt,2022,Aggregate fuel,GW,52.66
Egypt,2022,Aggregate fuel,GW,2.95
Egypt,2022,Aggregate fuel,GW,6.31
Egypt,2022,Aggregate fuel,GW,3.36
Egypt,2022,Fuel,GW,0.12
Egypt,2022,Fuel,GW,
Egypt,2022,Fuel,GW,52.66
Egypt,2022,Fuel,GW,2.83
Egypt,2022,Fuel,GW,
Egypt,2022,Fuel,GW,1.72
Egypt,2022,Fuel,GW,1.64
Egypt,2022,Demand,TWh,215.15
Egypt,2022,Demand per capita,MWh,1.91
Egypt,2022,Aggregate fuel,%,11.82
Egypt,2022,Aggregate fuel,%,88.18
Egypt,2022,Aggregate fuel,%,88.18
Egypt,2022,Aggregate fuel,%,6.79
Egypt,2022,Aggregate fuel,%,11.82
Egypt,2022,Aggregate fuel,%,5.03
Egypt,2022,Aggregate fuel,TWh,25.61
Egypt,2022,Aggregate fuel,TWh,191.11
Egypt,2022,Aggregate fuel,TWh,191.11
Egypt,2022,Aggregate fuel,TWh,14.71
Egypt,2022,Aggregate fuel,TWh,25.61
Egypt,2022,Aggregate fuel,TWh,10.9
Egypt,2022,Fuel,%,0.0
Egypt,2022,Fuel,%,0.0
Egypt,2022,Fuel,%,84.47
Egypt,2022,Fuel,%,6.79
Egypt,2022,Fuel,%,3.71
Egypt,2022,Fuel,%,2.31
Egypt,2022,Fuel,%,2.72
Egypt,2022,Fuel,TWh,0.0
Egypt,2022,Fuel,TWh,0.0
Egypt,2022,Fuel,TWh,183.07
Egypt,2022,Fuel,TWh,14.71
Egypt,2022,Fuel,TWh,8.04
Egypt,2022,Fuel,TWh,5.0
Egypt,2022,Fuel,TWh,5.9
Egypt,2022,Total,TWh,216.72
Egypt,2022,Electricity imports,TWh,-1.57
Egypt,2022,Aggregate fuel,mtCO2,0.65
Egypt,2022,Aggregate fuel,mtCO2,122.89
Egypt,2022,Aggregate fuel,mtCO2,122.89
Egypt,2022,Aggregate fuel,mtCO2,0.35
Egypt,2022,Aggregate fuel,mtCO2,0.65
Egypt,2022,Aggregate fuel,mtCO2,0.3
Egypt,2022,CO2 intensity,gCO2/kWh,570.04
Egypt,2022,Fuel,mtCO2,0.0
Egypt,2022,Fuel,mtCO2,0.0
Egypt,2022,Fuel,mtCO2,117.6
Egypt,2022,Fuel,mtCO2,0.35
Egypt,2022,Fuel,mtCO2,5.29
Egypt,2022,Fuel,mtCO2,0.24
Egypt,2022,Fuel,mtCO2,0.06
Egypt,2022,Total,mtCO2,123.54
Egypt,2023,Aggregate fuel,GW,6.71
Egypt,2023,Aggregate fuel,GW,52.27
Egypt,2023,Aggregate fuel,GW,52.27
Egypt,2023,Aggregate fuel,GW,2.96
Egypt,2023,Aggregate fuel,GW,6.71
Egypt,2023,Aggregate fuel,GW,3.75
Egypt,2023,Fuel,GW,0.13
Egypt,2023,Fuel,GW,
Egypt,2023,Fuel,GW,52.27
Egypt,2023,Fuel,GW,2.83
Egypt,2023,Fuel,GW,
Egypt,2023,Fuel,GW,1.86
Egypt,2023,Fuel,GW,1.89
Egypt,2023,Demand,TWh,220.32
Egypt,2023,Demand per capita,MWh,1.92
Egypt,2023,Aggregate fuel,%,11.7
Egypt,2023,Aggregate fuel,%,88.3
Egypt,2023,Aggregate fuel,%,88.3
Egypt,2023,Aggregate fuel,%,6.78
Egypt,2023,Aggregate fuel,%,11.7
Egypt,2023,Aggregate fuel,%,4.92
Egypt,2023,Aggregate fuel,TWh,25.97
Egypt,2023,Aggregate fuel,TWh,195.95
Egypt,2023,Aggregate fuel,TWh,195.95
Egypt,2023,Aggregate fuel,TWh,15.05
Egypt,2023,Aggregate fuel,TWh,25.97
Egypt,2023,Aggregate fuel,TWh,10.92
Egypt,2023,Fuel,%,0.0
Egypt,2023,Fuel,%,0.0
Egypt,2023,Fuel,%,80.83
Egypt,2023,Fuel,%,6.78
Egypt,2023,Fuel,%,7.47
Egypt,2023,Fuel,%,2.22
Egypt,2023,Fuel,%,2.7
Egypt,2023,Fuel,TWh,0.0
Egypt,2023,Fuel,TWh,0.0
Egypt,2023,Fuel,TWh,179.37
Egypt,2023,Fuel,TWh,15.05
Egypt,2023,Fuel,TWh,16.58
Egypt,2023,Fuel,TWh,4.93
Egypt,2023,Fuel,TWh,5.99
Egypt,2023,Total,TWh,221.92
Egypt,2023,Electricity imports,TWh,-1.6
Egypt,2023,Aggregate fuel,mtCO2,0.65
Egypt,2023,Aggregate fuel,mtCO2,126.13
Egypt,2023,Aggregate fuel,mtCO2,126.13
Egypt,2023,Aggregate fuel,mtCO2,0.36
Egypt,2023,Aggregate fuel,mtCO2,0.65
Egypt,2023,Aggregate fuel,mtCO2,0.29
Egypt,2023,CO2 intensity,gCO2/kWh,571.29
Egypt,2023,Fuel,mtCO2,0.0
Egypt,2023,Fuel,mtCO2,0.0
Egypt,2023,Fuel,mtCO2,115.22
Egypt,2023,Fuel,mtCO2,0.36
Egypt,2023,Fuel,mtCO2,10.91
Egypt,2023,Fuel,mtCO2,0.23
Egypt,2023,Fuel,mtCO2,0.06
Egypt,2023,Total,mtCO2,126.78
Egypt,2024,Aggregate fuel,GW,7.75
Egypt,2024,Aggregate fuel,GW,52.27
Egypt,2024,Aggregate fuel,GW,52.27
Egypt,2024,Aggregate fuel,GW,2.96
Egypt,2024,Aggregate fuel,GW,7.75
Egypt,2024,Aggregate fuel,GW,4.79
Egypt,2024,Fuel,GW,0.13
Egypt,2024,Fuel,GW,
Egypt,2024,Fuel,GW,52.27
Egypt,2024,Fuel,GW,2.83
Egypt,2024,Fuel,GW,
Egypt,2024,Fuel,GW,2.59
Egypt,2024,Fuel,GW,2.2
Egypt,2024,Demand,TWh,235.79
Egypt,2024,Demand per capita,MWh,2.02
Egypt,2024,Aggregate fuel,%,11.2
Egypt,2024,Aggregate fuel,%,88.8
Egypt,2024,Aggregate fuel,%,88.8
Egypt,2024,Aggregate fuel,%,6.05
Egypt,2024,Aggregate fuel,%,11.2
Egypt,2024,Aggregate fuel,%,5.15
Egypt,2024,Aggregate fuel,TWh,26.58
Egypt,2024,Aggregate fuel,TWh,210.81
Egypt,2024,Aggregate fuel,TWh,210.81
Egypt,2024,Aggregate fuel,TWh,14.37
Egypt,2024,Aggregate fuel,TWh,26.58
Egypt,2024,Aggregate fuel,TWh,12.21
Egypt,2024,Fuel,%,0.0
Egypt,2024,Fuel,%,0.0
Egypt,2024,Fuel,%,81.29
Egypt,2024,Fuel,%,6.05
Egypt,2024,Fuel,%,7.51
Egypt,2024,Fuel,%,2.56
Egypt,2024,Fuel,%,2.59
Egypt,2024,Fuel,TWh,0.0
Egypt,2024,Fuel,TWh,0.0
Egypt,2024,Fuel,TWh,192.98
Egypt,2024,Fuel,TWh,14.37
Egypt,2024,Fuel,TWh,17.83
Egypt,2024,Fuel,TWh,6.07
Egypt,2024,Fuel,TWh,6.14
Egypt,2024,Total,TWh,237.39
Egypt,2024,Electricity imports,TWh,-1.6
Egypt,2024,Aggregate fuel,mtCO2,0.69
Egypt,2024,Aggregate fuel,mtCO2,135.69
Egypt,2024,Aggregate fuel,mtCO2,135.69
Egypt,2024,Aggregate fuel,mtCO2,0.34
Egypt,2024,Aggregate fuel,mtCO2,0.69
Egypt,2024,Aggregate fuel,mtCO2,0.35
Egypt,2024,CO2 intensity,gCO2/kWh,574.5
Egypt,2024,Fuel,mtCO2,0.0
Egypt,2024,Fuel,mtCO2,0.0
Egypt,2024,Fuel,mtCO2,123.96
Egypt,2024,Fuel,mtCO2,0.34
Egypt,2024,Fuel,mtCO2,11.73
Egypt,2024,Fuel,mtCO2,0.29
Egypt,2024,Fuel,mtCO2,0.06
Egypt,2024,Total,mtCO2,136.38
France,2000,Aggregate fuel,GW,87.18
France,2000,Aggregate fuel,GW,34.75
France,2000,Aggregate fuel,GW,26.35
France,2000,Aggregate fuel,GW,23.95
France,2000,Aggregate fuel,GW,24.0
France,2000,Aggregate fuel,GW,0.05
France,2000,Fuel,GW,0.22
France,2000,Fuel,GW,8.4
France,2000,Fuel,GW,25.27
France,2000,Fuel,GW,23.3
France,2000,Fuel,GW,63.18
France,2000,Fuel,GW,1.08
France,2000,Fuel,GW,0.43
France,2000,Fuel,GW,0.01
France,2000,Fuel,GW,0.04
France,2000,Demand,TWh,463.08
France,2000,Demand per capita,MWh,7.79
France,2000,Aggregate fuel,%,90.7
France,2000,Aggregate fuel,%,9.31
France,2000,Aggregate fuel,%,4.24
France,2000,Aggregate fuel,%,12.73
France,2000,Aggregate fuel,%,12.74
France,2000,Aggregate fuel,%,0.01
France,2000,Aggregate fuel,TWh,482.99
France,2000,Aggregate fuel,TWh,49.57
France,2000,Aggregate fuel,TWh,22.57
France,2000,Aggregate fuel,TWh,67.77
France,2000,Aggregate fuel,TWh,67.83
France,2000,Aggregate fuel,TWh,0.06
France,2000,Fuel,%,0.47
France,2000,Fuel,%,5.07
France,2000,Fuel,%,2.16
France,2000,Fuel,%,12.16
France,2000,Fuel,%,77.96
France,2000,Fuel,%,2.08
France,2000,Fuel,%,0.1
France,2000,Fuel,%,0.0
France,2000,Fuel,%,0.01
France,2000,Fuel,TWh,2.48
France,2000,Fuel,TWh,27.0
France,2000,Fuel,TWh,11.51
France,2000,Fuel,TWh,64.78
France,2000,Fuel,TWh,415.16
France,2000,Fuel,TWh,11.06
France,2000,Fuel,TWh,0.51
France,2000,Fuel,TWh,0.01
France,2000,Fuel,TWh,0.05
France,2000,Total,TWh,532.56
France,2000,Electricity imports,TWh,-69.48
France,2000,Aggregate fuel,mtCO2,4.1
France,2000,Aggregate fuel,mtCO2,38.38
France,2000,Aggregate fuel,mtCO2,12.29
France,2000,Aggregate fuel,mtCO2,2.1
France,2000,Aggregate fuel,mtCO2,2.1
France,2000,Aggregate fuel,mtCO2,0.0
France,2000,CO2 intensity,gCO2/kWh,79.77
France,2000,Fuel,mtCO2,0.54
France,2000,Fuel,mtCO2,26.09
France,2000,Fuel,mtCO2,5.01
France,2000,Fuel,mtCO2,1.54
France,2000,Fuel,mtCO2,2.0
France,2000,Fuel,mtCO2,7.28
France,2000,Fuel,mtCO2,0.02
France,2000,Fuel,mtCO2,0.0
France,2000,Fuel,mtCO2,0.0
France,2000,Total,mtCO2,42.48
France,2001,Aggregate fuel,GW,87.25
France,2001,Aggregate fuel,GW,35.68
France,2001,Aggregate fuel,GW,27.28
France,2001,Aggregate fuel,GW,23.99
France,2001,Aggregate fuel,GW,24.07
France,2001,Aggregate fuel,GW,0.08
France,2001,Fuel,GW,0.22
France,2001,Fuel,GW,8.4
France,2001,Fuel,GW,26.17
France,2001,Fuel,GW,23.32
France,2001,Fuel,GW,63.18
France,2001,Fuel,GW,1.11
France,2001,Fuel,GW,0.45
France,2001,Fuel,GW,0.01
France,2001,Fuel,GW,0.07
France,2001,Demand,TWh,474.21
France,2001,Demand per capita,MWh,7.92
France,2001,Aggregate fuel,%,91.62
France,2001,Aggregate fuel,%,8.37
France,2001,Aggregate fuel,%,4.6
France,2001,Aggregate fuel,%,14.0
France,2001,Aggregate fuel,%,14.02
France,2001,Aggregate fuel,%,0.02
France,2001,Aggregate fuel,TWh,497.17
France,2001,Aggregate fuel,TWh,45.43
France,2001,Aggregate fuel,TWh,24.95
France,2001,Aggregate fuel,TWh,75.95
France,2001,Aggregate fuel,TWh,76.09
France,2001,Aggregate fuel,TWh,0.14
France,2001,Fuel,%,0.53
France,2001,Fuel,%,3.77
France,2001,Fuel,%,2.79
France,2001,Fuel,%,13.38
France,2001,Fuel,%,77.6
France,2001,Fuel,%,1.81
France,2001,Fuel,%,0.09
France,2001,Fuel,%,0.0
France,2001,Fuel,%,0.02
France,2001,Fuel,TWh,2.85
France,2001,Fuel,TWh,20.48
France,2001,Fuel,TWh,15.15
France,2001,Fuel,TWh,72.62
France,2001,Fuel,TWh,421.08
France,2001,Fuel,TWh,9.8
France,2001,Fuel,TWh,0.48
France,2001,Fuel,TWh,0.01
France,2001,Fuel,TWh,0.13
France,2001,Total,TWh,542.6
France,2001,Electricity imports,TWh,-68.39
France,2001,Aggregate fuel,mtCO2,4.4
France,2001,Aggregate fuel,mtCO2,32.84
France,2001,Aggregate fuel,mtCO2,13.04
France,2001,Aggregate fuel,mtCO2,2.37
France,2001,Aggregate fuel,mtCO2,2.37
France,2001,Aggregate fuel,mtCO2,0.0
France,2001,CO2 intensity,gCO2/kWh,68.63
France,2001,Fuel,mtCO2,0.62
France,2001,Fuel,mtCO2,19.8
France,2001,Fuel,mtCO2,6.59
France,2001,Fuel,mtCO2,1.73
France,2001,Fuel,mtCO2,2.03
France,2001,Fuel,mtCO2,6.45
France,2001,Fuel,mtCO2,0.02
France,2001,Fuel,mtCO2,0.0
France,2001,Fuel,mtCO2,0.0
France,2001,Total,mtCO2,37.24
France,2002,Aggregate fuel,GW,87.59
France,2002,Aggregate fuel,GW,36.5
France,2002,Aggregate fuel,GW,28.1
France,2002,Aggregate fuel,GW,24.17
France,2002,Aggregate fuel,GW,24.32
France,2002,Aggregate fuel,GW,0.15
France,2002,Fuel,GW,0.26
France,2002,Fuel,GW,8.4
France,2002,Fuel,GW,26.91
France,2002,Fuel,GW,23.42
France,2002,Fuel,GW,63.27
France,2002,Fuel,GW,1.19
France,2002,Fuel,GW,0.49
France,2002,Fuel,GW,0.01
France,2002,Fuel,GW,0.14
France,2002,Demand,TWh,474.21
France,2002,Demand per capita,MWh,7.86
France,2002,Aggregate fuel,%,90.6
France,2002,Aggregate fuel,%,9.39
France,2002,Aggregate fuel,%,5.1
France,2002,Aggregate fuel,%,11.32
France,2002,Aggregate fuel,%,11.37
France,2002,Aggregate fuel,%,0.05
France,2002,Aggregate fuel,TWh,499.45
France,2002,Aggregate fuel,TWh,51.79
France,2002,Aggregate fuel,TWh,28.13
France,2002,Aggregate fuel,TWh,62.41
France,2002,Aggregate fuel,TWh,62.69
France,2002,Aggregate fuel,TWh,0.28
France,2002,Fuel,%,0.55
France,2002,Fuel,%,4.29
France,2002,Fuel,%,3.33
France,2002,Fuel,%,10.68
France,2002,Fuel,%,79.23
France,2002,Fuel,%,1.77
France,2002,Fuel,%,0.09
France,2002,Fuel,%,0.0
France,2002,Fuel,%,0.05
France,2002,Fuel,TWh,3.04
France,2002,Fuel,TWh,23.66
France,2002,Fuel,TWh,18.37
France,2002,Fuel,TWh,58.88
France,2002,Fuel,TWh,436.76
France,2002,Fuel,TWh,9.76
France,2002,Fuel,TWh,0.49
France,2002,Fuel,TWh,0.01
France,2002,Fuel,TWh,0.27
France,2002,Total,TWh,551.24
France,2002,Electricity imports,TWh,-77.03
France,2002,Aggregate fuel,mtCO2,4.19
France,2002,Aggregate fuel,mtCO2,37.27
France,2002,Aggregate fuel,mtCO2,14.41
France,2002,Aggregate fuel,mtCO2,2.08
France,2002,Aggregate fuel,mtCO2,2.08
France,2002,Aggregate fuel,mtCO2,0.0
France,2002,CO2 intensity,gCO2/kWh,75.21
France,2002,Fuel,mtCO2,0.66
France,2002,Fuel,mtCO2,22.86
France,2002,Fuel,mtCO2,7.99
France,2002,Fuel,mtCO2,1.4
France,2002,Fuel,mtCO2,2.11
France,2002,Fuel,mtCO2,6.42
France,2002,Fuel,mtCO2,0.02
France,2002,Fuel,mtCO2,0.0
France,2002,Fuel,mtCO2,0.0
France,2002,Total,mtCO2,41.46
France,2003,Aggregate fuel,GW,87.79
France,2003,Aggregate fuel,GW,36.1
France,2003,Aggregate fuel,GW,27.7
France,2003,Aggregate fuel,GW,24.2
France,2003,Aggregate fuel,GW,24.43
France,2003,Aggregate fuel,GW,0.23
France,2003,Fuel,GW,0.26
France,2003,Fuel,GW,8.4
France,2003,Fuel,GW,26.51
France,2003,Fuel,GW,23.43
France,2003,Fuel,GW,63.36
France,2003,Fuel,GW,1.19
France,2003,Fuel,GW,0.51
France,2003,Fuel,GW,0.01
France,2003,Fuel,GW,0.22
France,2003,Demand,TWh,492.72
France,2003,Demand per capita,MWh,8.11
France,2003,Aggregate fuel,%,89.89
France,2003,Aggregate fuel,%,10.12
France,2003,Aggregate fuel,%,5.42
France,2003,Aggregate fuel,%,10.93
France,2003,Aggregate fuel,%,11.0
France,2003,Aggregate fuel,%,0.07
France,2003,Aggregate fuel,TWh,502.54
France,2003,Aggregate fuel,TWh,56.59
France,2003,Aggregate fuel,TWh,30.33
France,2003,Aggregate fuel,TWh,61.07
France,2003,Aggregate fuel,TWh,61.47
France,2003,Aggregate fuel,TWh,0.4
France,2003,Fuel,%,0.58
France,2003,Fuel,%,4.7
France,2003,Fuel,%,3.46
France,2003,Fuel,%,10.26
France,2003,Fuel,%,78.89
France,2003,Fuel,%,1.96
France,2003,Fuel,%,0.09
France,2003,Fuel,%,0.0
France,2003,Fuel,%,0.07
France,2003,Fuel,TWh,3.23
France,2003,Fuel,TWh,26.26
France,2003,Fuel,TWh,19.37
France,2003,Fuel,TWh,57.35
France,2003,Fuel,TWh,441.07
France,2003,Fuel,TWh,10.96
France,2003,Fuel,TWh,0.49
France,2003,Fuel,TWh,0.01
France,2003,Fuel,TWh,0.39
France,2003,Total,TWh,559.13
France,2003,Electricity imports,TWh,-66.41
France,2003,Aggregate fuel,mtCO2,4.21
France,2003,Aggregate fuel,mtCO2,41.0
France,2003,Aggregate fuel,mtCO2,15.64
France,2003,Aggregate fuel,mtCO2,2.08
France,2003,Aggregate fuel,mtCO2,2.08
France,2003,Aggregate fuel,mtCO2,0.0
France,2003,CO2 intensity,gCO2/kWh,80.86
France,2003,Fuel,mtCO2,0.7
France,2003,Fuel,mtCO2,25.36
France,2003,Fuel,mtCO2,8.43
France,2003,Fuel,mtCO2,1.36
France,2003,Fuel,mtCO2,2.13
France,2003,Fuel,mtCO2,7.21
France,2003,Fuel,mtCO2,0.02
France,2003,Fuel,mtCO2,0.0
France,2003,Fuel,mtCO2,0.0
France,2003,Total,mtCO2,45.21
France,2004,Aggregate fuel,GW,87.88
France,2004,Aggregate fuel,GW,35.85
France,2004,Aggregate fuel,GW,27.4
France,2004,Aggregate fuel,GW,24.15
France,2004,Aggregate fuel,GW,24.52
France,2004,Aggregate fuel,GW,0.37
France,2004,Fuel,GW,0.28
France,2004,Fuel,GW,8.45
France,2004,Fuel,GW,26.17
France,2004,Fuel,GW,23.32
France,2004,Fuel,GW,63.36
France,2004,Fuel,GW,1.23
France,2004,Fuel,GW,0.55
France,2004,Fuel,GW,0.01
France,2004,Fuel,GW,0.36
France,2004,Demand,TWh,504.39
France,2004,Demand per capita,MWh,8.25
France,2004,Aggregate fuel,%,90.16
France,2004,Aggregate fuel,%,9.82
France,2004,Aggregate fuel,%,5.52
France,2004,Aggregate fuel,%,10.91
France,2004,Aggregate fuel,%,11.01
France,2004,Aggregate fuel,%,0.1
France,2004,Aggregate fuel,TWh,510.66
France,2004,Aggregate fuel,TWh,55.64
France,2004,Aggregate fuel,TWh,31.27
France,2004,Aggregate fuel,TWh,61.82
France,2004,Aggregate fuel,TWh,62.42
France,2004,Aggregate fuel,TWh,0.6
France,2004,Fuel,%,0.58
France,2004,Fuel,%,4.3
France,2004,Fuel,%,3.72
France,2004,Fuel,%,10.25
France,2004,Fuel,%,79.15
France,2004,Fuel,%,1.8
France,2004,Fuel,%,0.08
France,2004,Fuel,%,0.0
France,2004,Fuel,%,0.1
France,2004,Fuel,TWh,3.31
France,2004,Fuel,TWh,24.37
France,2004,Fuel,TWh,21.05
France,2004,Fuel,TWh,58.04
France,2004,Fuel,TWh,448.24
France,2004,Fuel,TWh,10.22
France,2004,Fuel,TWh,0.47
France,2004,Fuel,TWh,0.01
France,2004,Fuel,TWh,0.59
France,2004,Total,TWh,566.3
France,2004,Electricity imports,TWh,-61.91
France,2004,Aggregate fuel,mtCO2,4.29
France,2004,Aggregate fuel,mtCO2,39.42
France,2004,Aggregate fuel,mtCO2,15.88
France,2004,Aggregate fuel,mtCO2,2.12
France,2004,Aggregate fuel,mtCO2,2.13
France,2004,Aggregate fuel,mtCO2,0.01
France,2004,CO2 intensity,gCO2/kWh,77.19
France,2004,Fuel,mtCO2,0.72
France,2004,Fuel,mtCO2,23.54
France,2004,Fuel,mtCO2,9.16
France,2004,Fuel,mtCO2,1.38
France,2004,Fuel,mtCO2,2.16
France,2004,Fuel,mtCO2,6.72
France,2004,Fuel,mtCO2,0.02
France,2004,Fuel,mtCO2,0.0
France,2004,Fuel,mtCO2,0.01
France,2004,Total,mtCO2,43.71
France,2005,Aggregate fuel,GW,88.13
France,2005,Aggregate fuel,GW,34.4
France,2005,Aggregate fuel,GW,26.68
France,2005,Aggregate fuel,GW,24.17
France,2005,Aggregate fuel,GW,24.87
France,2005,Aggregate fuel,GW,0.7
France,2005,Fuel,GW,0.29
France,2005,Fuel,GW,7.72
France,2005,Fuel,GW,25.45
France,2005,Fuel,GW,23.33
France,2005,Fuel,GW,63.26
France,2005,Fuel,GW,1.23
France,2005,Fuel,GW,0.55
France,2005,Fuel,GW,0.01
France,2005,Fuel,GW,0.69
France,2005,Demand,TWh,508.81
France,2005,Demand per capita,MWh,8.26
France,2005,Aggregate fuel,%,89.0
France,2005,Aggregate fuel,%,11.0
France,2005,Aggregate fuel,%,6.17
France,2005,Aggregate fuel,%,9.49
France,2005,Aggregate fuel,%,9.66
France,2005,Aggregate fuel,%,0.17
France,2005,Aggregate fuel,TWh,506.51
France,2005,Aggregate fuel,TWh,62.63
France,2005,Aggregate fuel,TWh,35.12
France,2005,Aggregate fuel,TWh,54.01
France,2005,Aggregate fuel,TWh,54.98
France,2005,Aggregate fuel,TWh,0.97
France,2005,Fuel,%,0.6
France,2005,Fuel,%,4.83
France,2005,Fuel,%,4.05
France,2005,Fuel,%,8.81
France,2005,Fuel,%,79.34
France,2005,Fuel,%,2.12
France,2005,Fuel,%,0.08
France,2005,Fuel,%,0.0
France,2005,Fuel,%,0.17
France,2005,Fuel,TWh,3.39
France,2005,Fuel,TWh,27.51
France,2005,Fuel,TWh,23.07
France,2005,Fuel,TWh,50.14
France,2005,Fuel,TWh,451.53
France,2005,Fuel,TWh,12.05
France,2005,Fuel,TWh,0.48
France,2005,Fuel,TWh,0.01
France,2005,Fuel,TWh,0.96
France,2005,Total,TWh,569.14
France,2005,Electricity imports,TWh,-60.33
France,2005,Aggregate fuel,mtCO2,4.13
France,2005,Aggregate fuel,mtCO2,44.55
France,2005,Aggregate fuel,mtCO2,17.97
France,2005,Aggregate fuel,mtCO2,1.94
France,2005,Aggregate fuel,mtCO2,1.95
France,2005,Aggregate fuel,mtCO2,0.01
France,2005,CO2 intensity,gCO2/kWh,85.53
France,2005,Fuel,mtCO2,0.73
France,2005,Fuel,mtCO2,26.58
France,2005,Fuel,mtCO2,10.04
France,2005,Fuel,mtCO2,1.19
France,2005,Fuel,mtCO2,2.18
France,2005,Fuel,mtCO2,7.93
France,2005,Fuel,mtCO2,0.02
France,2005,Fuel,mtCO2,0.0
France,2005,Fuel,mtCO2,0.01
France,2005,Total,mtCO2,48.68
France,2006,Aggregate fuel,GW,88.9
France,2006,Aggregate fuel,GW,33.4
France,2006,Aggregate fuel,GW,25.87
France,2006,Aggregate fuel,GW,24.22
France,2006,Aggregate fuel,GW,25.64
France,2006,Aggregate fuel,GW,1.42
France,2006,Fuel,GW,0.3
France,2006,Fuel,GW,7.53
France,2006,Fuel,GW,24.64
France,2006,Fuel,GW,23.34
France,2006,Fuel,GW,63.26
France,2006,Fuel,GW,1.23
France,2006,Fuel,GW,0.58
France,2006,Fuel,GW,0.01
France,2006,Fuel,GW,1.41
France,2006,Demand,TWh,503.96
France,2006,Demand per capita,MWh,8.12
France,2006,Aggregate fuel,%,90.09
France,2006,Aggregate fuel,%,9.91
France,2006,Aggregate fuel,%,5.88
France,2006,Aggregate fuel,%,10.35
France,2006,Aggregate fuel,%,10.73
France,2006,Aggregate fuel,%,0.38
France,2006,Aggregate fuel,TWh,511.1
France,2006,Aggregate fuel,TWh,56.2
France,2006,Aggregate fuel,TWh,33.31
France,2006,Aggregate fuel,TWh,58.72
France,2006,Aggregate fuel,TWh,60.91
France,2006,Aggregate fuel,TWh,2.19
France,2006,Fuel,%,0.6
France,2006,Fuel,%,4.03
France,2006,Fuel,%,3.84
France,2006,Fuel,%,9.67
France,2006,Fuel,%,79.36
France,2006,Fuel,%,2.04
France,2006,Fuel,%,0.08
France,2006,Fuel,%,0.0
France,2006,Fuel,%,0.38
France,2006,Fuel,TWh,3.38
France,2006,Fuel,TWh,22.89
France,2006,Fuel,TWh,21.76
France,2006,Fuel,TWh,54.88
France,2006,Fuel,TWh,450.19
France,2006,Fuel,TWh,11.55
France,2006,Fuel,TWh,0.46
France,2006,Fuel,TWh,0.01
France,2006,Fuel,TWh,2.18
France,2006,Total,TWh,567.3
France,2006,Electricity imports,TWh,-63.34
France,2006,Aggregate fuel,mtCO2,4.25
France,2006,Aggregate fuel,mtCO2,39.19
France,2006,Aggregate fuel,mtCO2,17.07
France,2006,Aggregate fuel,mtCO2,2.05
France,2006,Aggregate fuel,mtCO2,2.08
France,2006,Aggregate fuel,mtCO2,0.03
France,2006,CO2 intensity,gCO2/kWh,76.57
France,2006,Fuel,mtCO2,0.73
France,2006,Fuel,mtCO2,22.12
France,2006,Fuel,mtCO2,9.47
France,2006,Fuel,mtCO2,1.3
France,2006,Fuel,mtCO2,2.17
France,2006,Fuel,mtCO2,7.6
France,2006,Fuel,mtCO2,0.02
France,2006,Fuel,mtCO2,0.0
France,2006,Fuel,mtCO2,0.03
France,2006,Total,mtCO2,43.44
France,2007,Aggregate fuel,GW,89.8
France,2007,Aggregate fuel,GW,33.26
France,2007,Aggregate fuel,GW,25.73
France,2007,Aggregate fuel,GW,24.29
France,2007,Aggregate fuel,GW,26.54
France,2007,Aggregate fuel,GW,2.25
France,2007,Fuel,GW,0.35
France,2007,Fuel,GW,7.53
France,2007,Fuel,GW,24.37
France,2007,Fuel,GW,23.35
France,2007,Fuel,GW,63.26
France,2007,Fuel,GW,1.36
France,2007,Fuel,GW,0.59
France,2007,Fuel,GW,0.03
France,2007,Fuel,GW,2.22
France,2007,Demand,TWh,505.03
France,2007,Demand per capita,MWh,8.09
France,2007,Aggregate fuel,%,89.71
France,2007,Aggregate fuel,%,10.28
France,2007,Aggregate fuel,%,5.93
France,2007,Aggregate fuel,%,10.72
France,2007,Aggregate fuel,%,11.44
France,2007,Aggregate fuel,%,0.72
France,2007,Aggregate fuel,TWh,504.03
France,2007,Aggregate fuel,TWh,57.81
France,2007,Aggregate fuel,TWh,33.36
France,2007,Aggregate fuel,TWh,60.21
France,2007,Aggregate fuel,TWh,64.3
France,2007,Aggregate fuel,TWh,4.09
France,2007,Fuel,%,0.67
France,2007,Fuel,%,4.35
France,2007,Fuel,%,3.91
France,2007,Fuel,%,9.97
France,2007,Fuel,%,78.27
France,2007,Fuel,%,2.02
France,2007,Fuel,%,0.08
France,2007,Fuel,%,0.0
France,2007,Fuel,%,0.72
France,2007,Fuel,TWh,3.75
France,2007,Fuel,TWh,24.45
France,2007,Fuel,TWh,21.99
France,2007,Fuel,TWh,55.99
France,2007,Fuel,TWh,439.73
France,2007,Fuel,TWh,11.37
France,2007,Fuel,TWh,0.47
France,2007,Fuel,TWh,0.02
France,2007,Fuel,TWh,4.07
France,2007,Total,TWh,561.84
France,2007,Electricity imports,TWh,-56.81
France,2007,Aggregate fuel,mtCO2,4.33
France,2007,Aggregate fuel,mtCO2,40.68
France,2007,Aggregate fuel,mtCO2,17.05
France,2007,Aggregate fuel,mtCO2,2.16
France,2007,Aggregate fuel,mtCO2,2.21
France,2007,Aggregate fuel,mtCO2,0.05
France,2007,CO2 intensity,gCO2/kWh,80.11
France,2007,Fuel,mtCO2,0.81
France,2007,Fuel,mtCO2,23.63
France,2007,Fuel,mtCO2,9.57
France,2007,Fuel,mtCO2,1.33
France,2007,Fuel,mtCO2,2.12
France,2007,Fuel,mtCO2,7.48
France,2007,Fuel,mtCO2,0.02
France,2007,Fuel,mtCO2,0.0
France,2007,Fuel,mtCO2,0.05
France,2007,Total,mtCO2,45.01
France,2008,Aggregate fuel,GW,91.06
France,2008,Aggregate fuel,GW,33.56
France,2008,Aggregate fuel,GW,26.03
France,2008,Aggregate fuel,GW,24.32
France,2008,Aggregate fuel,GW,27.8
France,2008,Aggregate fuel,GW,3.48
France,2008,Fuel,GW,0.38
France,2008,Fuel,GW,7.53
France,2008,Fuel,GW,24.23
France,2008,Fuel,GW,23.31
France,2008,Fuel,GW,63.26
France,2008,Fuel,GW,1.8
France,2008,Fuel,GW,0.63
France,2008,Fuel,GW,0.08
France,2008,Fuel,GW,3.4
France,2008,Demand,TWh,518.99
France,2008,Demand per capita,MWh,8.27
France,2008,Aggregate fuel,%,90.26
France,2008,Aggregate fuel,%,9.74
France,2008,Aggregate fuel,%,5.67
France,2008,Aggregate fuel,%,11.74
France,2008,Aggregate fuel,%,12.75
France,2008,Aggregate fuel,%,1.01
France,2008,Aggregate fuel,TWh,511.78
France,2008,Aggregate fuel,TWh,55.2
France,2008,Aggregate fuel,TWh,32.14
France,2008,Aggregate fuel,TWh,66.6
France,2008,Aggregate fuel,TWh,72.33
France,2008,Aggregate fuel,TWh,5.73
France,2008,Fuel,%,0.7
France,2008,Fuel,%,4.07
France,2008,Fuel,%,3.86
France,2008,Fuel,%,10.96
France,2008,Fuel,%,77.51
France,2008,Fuel,%,1.81
France,2008,Fuel,%,0.08
France,2008,Fuel,%,0.01
France,2008,Fuel,%,1.0
France,2008,Fuel,TWh,3.97
France,2008,Fuel,TWh,23.06
France,2008,Fuel,TWh,21.88
France,2008,Fuel,TWh,62.16
France,2008,Fuel,TWh,439.45
France,2008,Fuel,TWh,10.26
France,2008,Fuel,TWh,0.47
France,2008,Fuel,TWh,0.04
France,2008,Fuel,TWh,5.69
France,2008,Total,TWh,566.98
France,2008,Electricity imports,TWh,-47.99
France,2008,Aggregate fuel,mtCO2,4.55
France,2008,Aggregate fuel,mtCO2,38.56
France,2008,Aggregate fuel,mtCO2,16.27
France,2008,Aggregate fuel,mtCO2,2.36
France,2008,Aggregate fuel,mtCO2,2.43
France,2008,Aggregate fuel,mtCO2,0.07
France,2008,CO2 intensity,gCO2/kWh,76.03
France,2008,Fuel,mtCO2,0.86
France,2008,Fuel,mtCO2,22.29
France,2008,Fuel,mtCO2,9.52
France,2008,Fuel,mtCO2,1.48
France,2008,Fuel,mtCO2,2.12
France,2008,Fuel,mtCO2,6.75
France,2008,Fuel,mtCO2,0.02
France,2008,Fuel,mtCO2,0.0
France,2008,Fuel,mtCO2,0.07
France,2008,Total,mtCO2,43.11
France,2009,Aggregate fuel,GW,92.43
France,2009,Aggregate fuel,GW,35.35
France,2009,Aggregate fuel,GW,27.82
France,2009,Aggregate fuel,GW,24.44
France,2009,Aggregate fuel,GW,29.3
France,2009,Aggregate fuel,GW,4.86
France,2009,Fuel,GW,0.41
France,2009,Fuel,GW,7.53
France,2009,Fuel,GW,25.82
France,2009,Fuel,GW,23.4
France,2009,Fuel,GW,63.13
France,2009,Fuel,GW,2.0
France,2009,Fuel,GW,0.63
France,2009,Fuel,GW,0.28
France,2009,Fuel,GW,4.58
France,2009,Demand,TWh,502.94
France,2009,Demand per capita,MWh,7.97
France,2009,Aggregate fuel,%,90.36
France,2009,Aggregate fuel,%,9.65
France,2009,Aggregate fuel,%,5.55
France,2009,Aggregate fuel,%,11.36
France,2009,Aggregate fuel,%,12.89
France,2009,Aggregate fuel,%,1.53
France,2009,Aggregate fuel,TWh,477.89
France,2009,Aggregate fuel,TWh,50.98
France,2009,Aggregate fuel,TWh,29.31
France,2009,Aggregate fuel,TWh,60.07
France,2009,Aggregate fuel,TWh,68.15
France,2009,Aggregate fuel,TWh,8.08
France,2009,Fuel,%,0.78
France,2009,Fuel,%,4.1
France,2009,Fuel,%,3.88
France,2009,Fuel,%,10.49
France,2009,Fuel,%,77.47
France,2009,Fuel,%,1.67
France,2009,Fuel,%,0.09
France,2009,Fuel,%,0.03
France,2009,Fuel,%,1.5
France,2009,Fuel,TWh,4.13
France,2009,Fuel,TWh,21.67
France,2009,Fuel,TWh,20.5
France,2009,Fuel,TWh,55.49
France,2009,Fuel,TWh,409.74
France,2009,Fuel,TWh,8.81
France,2009,Fuel,TWh,0.45
France,2009,Fuel,TWh,0.17
France,2009,Fuel,TWh,7.91
France,2009,Total,TWh,528.87
France,2009,Electricity imports,TWh,-25.93
France,2009,Aggregate fuel,mtCO2,4.32
France,2009,Aggregate fuel,mtCO2,35.66
France,2009,Aggregate fuel,mtCO2,14.72
France,2009,Aggregate fuel,mtCO2,2.23
France,2009,Aggregate fuel,mtCO2,2.34
France,2009,Aggregate fuel,mtCO2,0.11
France,2009,CO2 intensity,gCO2/kWh,75.6
France,2009,Fuel,mtCO2,0.89
France,2009,Fuel,mtCO2,20.94
France,2009,Fuel,mtCO2,8.92
France,2009,Fuel,mtCO2,1.32
France,2009,Fuel,mtCO2,1.98
France,2009,Fuel,mtCO2,5.8
France,2009,Fuel,mtCO2,0.02
France,2009,Fuel,mtCO2,0.01
France,2009,Fuel,mtCO2,0.1
France,2009,Total,mtCO2,39.98
France,2010,Aggregate fuel,GW,94.84
France,2010,Aggregate fuel,GW,36.61
France,2010,Aggregate fuel,GW,29.08
France,2010,Aggregate fuel,GW,24.76
France,2010,Aggregate fuel,GW,31.71
France,2010,Aggregate fuel,GW,6.95
France,2010,Fuel,GW,0.52
France,2010,Fuel,GW,7.53
France,2010,Fuel,GW,27.02
France,2010,Fuel,GW,23.62
France,2010,Fuel,GW,63.13
France,2010,Fuel,GW,2.06
France,2010,Fuel,GW,0.62
France,2010,Fuel,GW,1.04
France,2010,Fuel,GW,5.91
France,2010,Demand,TWh,531.65
France,2010,Demand per capita,MWh,8.38
France,2010,Aggregate fuel,%,89.84
France,2010,Aggregate fuel,%,10.17
France,2010,Aggregate fuel,%,6.02
France,2010,Aggregate fuel,%,11.76
France,2010,Aggregate fuel,%,13.64
France,2010,Aggregate fuel,%,1.88
France,2010,Aggregate fuel,TWh,505.2
France,2010,Aggregate fuel,TWh,57.16
France,2010,Aggregate fuel,TWh,33.8
France,2010,Aggregate fuel,TWh,66.12
France,2010,Aggregate fuel,TWh,76.68
France,2010,Aggregate fuel,TWh,10.56
France,2010,Fuel,%,0.79
France,2010,Fuel,%,4.15
France,2010,Fuel,%,4.23
France,2010,Fuel,%,10.88
France,2010,Fuel,%,76.2
France,2010,Fuel,%,1.79
France,2010,Fuel,%,0.09
France,2010,Fuel,%,0.11
France,2010,Fuel,%,1.77
France,2010,Fuel,TWh,4.44
France,2010,Fuel,TWh,23.36
France,2010,Fuel,TWh,23.76
France,2010,Fuel,TWh,61.2
France,2010,Fuel,TWh,428.52
France,2010,Fuel,TWh,10.04
France,2010,Fuel,TWh,0.48
France,2010,Fuel,TWh,0.62
France,2010,Fuel,TWh,9.94
France,2010,Total,TWh,562.36
France,2010,Electricity imports,TWh,-30.71
France,2010,Aggregate fuel,mtCO2,4.65
France,2010,Aggregate fuel,mtCO2,39.53
France,2010,Aggregate fuel,mtCO2,16.95
France,2010,Aggregate fuel,mtCO2,2.43
France,2010,Aggregate fuel,mtCO2,2.58
France,2010,Aggregate fuel,mtCO2,0.15
France,2010,CO2 intensity,gCO2/kWh,78.56
France,2010,Fuel,mtCO2,0.96
France,2010,Fuel,mtCO2,22.58
France,2010,Fuel,mtCO2,10.34
France,2010,Fuel,mtCO2,1.45
France,2010,Fuel,mtCO2,2.07
France,2010,Fuel,mtCO2,6.61
France,2010,Fuel,mtCO2,0.02
France,2010,Fuel,mtCO2,0.03
France,2010,Fuel,mtCO2,0.12
France,2010,Total,mtCO2,44.18
France,2011,Aggregate fuel,GW,98.11
France,2011,Aggregate fuel,GW,36.37
France,2011,Aggregate fuel,GW,28.84
France,2011,Aggregate fuel,GW,25.23
France,2011,Aggregate fuel,GW,34.98
France,2011,Aggregate fuel,GW,9.75
France,2011,Fuel,GW,0.55
France,2011,Fuel,GW,7.53
France,2011,Fuel,GW,26.78
France,2011,Fuel,GW,23.83
France,2011,Fuel,GW,63.13
France,2011,Fuel,GW,2.06
France,2011,Fuel,GW,0.85
France,2011,Fuel,GW,2.99
France,2011,Fuel,GW,6.76
France,2011,Demand,TWh,511.24
France,2011,Demand per capita,MWh,8.02
France,2011,Aggregate fuel,%,89.57
France,2011,Aggregate fuel,%,10.44
France,2011,Aggregate fuel,%,7.38
France,2011,Aggregate fuel,%,9.05
France,2011,Aggregate fuel,%,11.64
France,2011,Aggregate fuel,%,2.59
France,2011,Aggregate fuel,TWh,508.41
France,2011,Aggregate fuel,TWh,59.24
France,2011,Aggregate fuel,TWh,41.85
France,2011,Aggregate fuel,TWh,51.32
France,2011,Aggregate fuel,TWh,66.02
France,2011,Aggregate fuel,TWh,14.7
France,2011,Fuel,%,0.89
France,2011,Fuel,%,3.06
France,2011,Fuel,%,5.2
France,2011,Fuel,%,8.06
France,2011,Fuel,%,77.93
France,2011,Fuel,%,2.18
France,2011,Fuel,%,0.1
France,2011,Fuel,%,0.41
France,2011,Fuel,%,2.18
France,2011,Fuel,TWh,5.04
France,2011,Fuel,TWh,17.39
France,2011,Fuel,TWh,29.49
France,2011,Fuel,TWh,45.74
France,2011,Fuel,TWh,442.39
France,2011,Fuel,TWh,12.36
France,2011,Fuel,TWh,0.54
France,2011,Fuel,TWh,2.33
France,2011,Fuel,TWh,12.37
France,2011,Total,TWh,567.65
France,2011,Electricity imports,TWh,-56.41
France,2011,Aggregate fuel,mtCO2,4.59
France,2011,Aggregate fuel,mtCO2,37.77
France,2011,Aggregate fuel,mtCO2,20.96
France,2011,Aggregate fuel,mtCO2,2.2
France,2011,Aggregate fuel,mtCO2,2.46
France,2011,Aggregate fuel,mtCO2,0.26
France,2011,CO2 intensity,gCO2/kWh,74.62
France,2011,Fuel,mtCO2,1.09
France,2011,Fuel,mtCO2,16.81
France,2011,Fuel,mtCO2,12.83
France,2011,Fuel,mtCO2,1.09
France,2011,Fuel,mtCO2,2.13
France,2011,Fuel,mtCO2,8.13
France,2011,Fuel,mtCO2,0.02
France,2011,Fuel,mtCO2,0.11
France,2011,Fuel,mtCO2,0.15
France,2011,Total,mtCO2,42.36
France,2012,Aggregate fuel,GW,100.4
France,2012,Aggregate fuel,GW,35.48
France,2012,Aggregate fuel,GW,27.95
France,2012,Aggregate fuel,GW,25.36
France,2012,Aggregate fuel,GW,37.27
France,2012,Aggregate fuel,GW,11.91
France,2012,Fuel,GW,0.63
France,2012,Fuel,GW,7.53
France,2012,Fuel,GW,25.89
France,2012,Fuel,GW,23.85
France,2012,Fuel,GW,63.13
France,2012,Fuel,GW,2.06
France,2012,Fuel,GW,0.88
France,2012,Fuel,GW,4.3
France,2012,Fuel,GW,7.61
France,2012,Demand,TWh,523.06
France,2012,Demand per capita,MWh,8.17
France,2012,Aggregate fuel,%,89.96
France,2012,Aggregate fuel,%,10.03
France,2012,Aggregate fuel,%,6.25
France,2012,Aggregate fuel,%,11.56
France,2012,Aggregate fuel,%,15.01
France,2012,Aggregate fuel,%,3.45
France,2012,Aggregate fuel,TWh,510.66
France,2012,Aggregate fuel,TWh,56.92
France,2012,Aggregate fuel,TWh,35.46
France,2012,Aggregate fuel,TWh,65.64
France,2012,Aggregate fuel,TWh,85.25
France,2012,Aggregate fuel,TWh,19.61
France,2012,Fuel,%,0.93
France,2012,Fuel,%,3.78
France,2012,Fuel,%,4.01
France,2012,Fuel,%,10.54
France,2012,Fuel,%,74.95
France,2012,Fuel,%,2.24
France,2012,Fuel,%,0.09
France,2012,Fuel,%,0.78
France,2012,Fuel,%,2.67
France,2012,Fuel,TWh,5.3
France,2012,Fuel,TWh,21.46
France,2012,Fuel,TWh,22.75
France,2012,Fuel,TWh,59.83
France,2012,Fuel,TWh,425.41
France,2012,Fuel,TWh,12.71
France,2012,Fuel,TWh,0.51
France,2012,Fuel,TWh,4.43
France,2012,Fuel,TWh,15.18
France,2012,Total,TWh,567.58
France,2012,Electricity imports,TWh,-44.52
France,2012,Aggregate fuel,mtCO2,5.04
France,2012,Aggregate fuel,mtCO2,39.0
France,2012,Aggregate fuel,mtCO2,18.26
France,2012,Aggregate fuel,mtCO2,2.59
France,2012,Aggregate fuel,mtCO2,2.99
France,2012,Aggregate fuel,mtCO2,0.4
France,2012,CO2 intensity,gCO2/kWh,77.59
France,2012,Fuel,mtCO2,1.15
France,2012,Fuel,mtCO2,20.74
France,2012,Fuel,mtCO2,9.9
France,2012,Fuel,mtCO2,1.42
France,2012,Fuel,mtCO2,2.05
France,2012,Fuel,mtCO2,8.36
France,2012,Fuel,mtCO2,0.02
France,2012,Fuel,mtCO2,0.21
France,2012,Fuel,mtCO2,0.19
France,2012,Total,mtCO2,44.04
France,2013,Aggregate fuel,GW,101.93
France,2013,Aggregate fuel,GW,31.78
France,2013,Aggregate fuel,GW,25.84
France,2013,Aggregate fuel,GW,25.48
France,2013,Aggregate fuel,GW,38.8
France,2013,Aggregate fuel,GW,13.32
France,2013,Fuel,GW,0.76
France,2013,Fuel,GW,5.94
France,2013,Fuel,GW,23.78
France,2013,Fuel,GW,23.84
France,2013,Fuel,GW,63.13
France,2013,Fuel,GW,2.06
France,2013,Fuel,GW,0.88
France,2013,Fuel,GW,5.16
France,2013,Fuel,GW,8.16
France,2013,Demand,TWh,528.29
France,2013,Demand per capita,MWh,8.21
France,2013,Aggregate fuel,%,90.7
France,2013,Aggregate fuel,%,9.3
France,2013,Aggregate fuel,%,5.17
France,2013,Aggregate fuel,%,13.54
France,2013,Aggregate fuel,%,17.24
France,2013,Aggregate fuel,%,3.7
France,2013,Aggregate fuel,TWh,523.11
France,2013,Aggregate fuel,TWh,53.64
France,2013,Aggregate fuel,TWh,29.8
France,2013,Aggregate fuel,TWh,78.1
France,2013,Aggregate fuel,TWh,99.43
France,2013,Aggregate fuel,TWh,21.33
France,2013,Fuel,%,0.98
France,2013,Fuel,%,4.13
France,2013,Fuel,%,3.19
France,2013,Fuel,%,12.47
France,2013,Fuel,%,73.46
France,2013,Fuel,%,1.98
France,2013,Fuel,%,0.09
France,2013,Fuel,%,0.9
France,2013,Fuel,%,2.8
France,2013,Fuel,TWh,5.68
France,2013,Fuel,TWh,23.84
France,2013,Fuel,TWh,18.39
France,2013,Fuel,TWh,71.92
France,2013,Fuel,TWh,423.68
France,2013,Fuel,TWh,11.41
France,2013,Fuel,TWh,0.5
France,2013,Fuel,TWh,5.19
France,2013,Fuel,TWh,16.14
France,2013,Total,TWh,576.75
France,2013,Electricity imports,TWh,-48.46
France,2013,Aggregate fuel,mtCO2,5.45
France,2013,Aggregate fuel,mtCO2,38.55
France,2013,Aggregate fuel,mtCO2,15.51
France,2013,Aggregate fuel,mtCO2,2.96
France,2013,Aggregate fuel,mtCO2,3.41
France,2013,Aggregate fuel,mtCO2,0.45
France,2013,CO2 intensity,gCO2/kWh,76.29
France,2013,Fuel,mtCO2,1.23
France,2013,Fuel,mtCO2,23.04
France,2013,Fuel,mtCO2,8.0
France,2013,Fuel,mtCO2,1.71
France,2013,Fuel,mtCO2,2.04
France,2013,Fuel,mtCO2,7.51
France,2013,Fuel,mtCO2,0.02
France,2013,Fuel,mtCO2,0.25
France,2013,Fuel,mtCO2,0.2
France,2013,Total,mtCO2,44.0
France,2014,Aggregate fuel,GW,103.69
France,2014,Aggregate fuel,GW,29.67
France,2014,Aggregate fuel,GW,24.24
France,2014,Aggregate fuel,GW,25.5
France,2014,Aggregate fuel,GW,40.56
France,2014,Aggregate fuel,GW,15.06
France,2014,Fuel,GW,0.82
France,2014,Fuel,GW,5.43
France,2014,Fuel,GW,22.06
France,2014,Fuel,GW,23.8
France,2014,Fuel,GW,63.13
France,2014,Fuel,GW,2.18
France,2014,Fuel,GW,0.88
France,2014,Fuel,GW,5.86
France,2014,Fuel,GW,9.2
France,2014,Demand,TWh,499.12
France,2014,Demand per capita,MWh,7.72
France,2014,Aggregate fuel,%,93.68
France,2014,Aggregate fuel,%,6.32
France,2014,Aggregate fuel,%,4.33
France,2014,Aggregate fuel,%,12.42
France,2014,Aggregate fuel,%,16.61
France,2014,Aggregate fuel,%,4.19
France,2014,Aggregate fuel,TWh,530.51
France,2014,Aggregate fuel,TWh,35.8
France,2014,Aggregate fuel,TWh,24.54
France,2014,Aggregate fuel,TWh,70.32
France,2014,Aggregate fuel,TWh,94.03
France,2014,Aggregate fuel,TWh,23.71
France,2014,Fuel,%,1.06
France,2014,Fuel,%,1.99
France,2014,Fuel,%,2.32
France,2014,Fuel,%,11.26
France,2014,Fuel,%,77.07
France,2014,Fuel,%,2.01
France,2014,Fuel,%,0.1
France,2014,Fuel,%,1.13
France,2014,Fuel,%,3.06
France,2014,Fuel,TWh,5.99
France,2014,Fuel,TWh,11.26
France,2014,Fuel,TWh,13.16
France,2014,Fuel,TWh,63.77
France,2014,Fuel,TWh,436.48
France,2014,Fuel,TWh,11.38
France,2014,Fuel,TWh,0.56
France,2014,Fuel,TWh,6.39
France,2014,Fuel,TWh,17.32
France,2014,Total,TWh,566.31
France,2014,Electricity imports,TWh,-67.19
France,2014,Aggregate fuel,mtCO2,5.46
France,2014,Aggregate fuel,mtCO2,24.11
France,2014,Aggregate fuel,mtCO2,13.22
France,2014,Aggregate fuel,mtCO2,2.84
France,2014,Aggregate fuel,mtCO2,3.35
France,2014,Aggregate fuel,mtCO2,0.51
France,2014,CO2 intensity,gCO2/kWh,52.22
France,2014,Fuel,mtCO2,1.3
France,2014,Fuel,mtCO2,10.89
France,2014,Fuel,mtCO2,5.73
France,2014,Fuel,mtCO2,1.52
France,2014,Fuel,mtCO2,2.11
France,2014,Fuel,mtCO2,7.49
France,2014,Fuel,mtCO2,0.02
France,2014,Fuel,mtCO2,0.3
France,2014,Fuel,mtCO2,0.21
France,2014,Total,mtCO2,29.57
France,2015,Aggregate fuel,GW,105.84
France,2015,Aggregate fuel,GW,29.4
France,2015,Aggregate fuel,GW,26.03
France,2015,Aggregate fuel,GW,25.59
France,2015,Aggregate fuel,GW,42.71
France,2015,Aggregate fuel,GW,17.12
France,2015,Fuel,GW,0.93
France,2015,Fuel,GW,3.37
France,2015,Fuel,GW,23.8
France,2015,Fuel,GW,23.82
France,2015,Fuel,GW,63.13
France,2015,Fuel,GW,2.23
France,2015,Fuel,GW,0.84
France,2015,Fuel,GW,6.82
France,2015,Fuel,GW,10.3
France,2015,Demand,TWh,510.08
France,2015,Demand per capita,MWh,7.86
France,2015,Aggregate fuel,%,92.19
France,2015,Aggregate fuel,%,7.81
France,2015,Aggregate fuel,%,5.74
France,2015,Aggregate fuel,%,10.92
France,2015,Aggregate fuel,%,16.0
France,2015,Aggregate fuel,%,5.08
France,2015,Aggregate fuel,TWh,529.27
France,2015,Aggregate fuel,TWh,44.87
France,2015,Aggregate fuel,TWh,32.98
France,2015,Aggregate fuel,TWh,62.67
France,2015,Aggregate fuel,TWh,91.84
France,2015,Aggregate fuel,TWh,29.17
France,2015,Fuel,%,1.14
France,2015,Fuel,%,2.07
France,2015,Fuel,%,3.68
France,2015,Fuel,%,9.68
France,2015,Fuel,%,76.19
France,2015,Fuel,%,2.06
France,2015,Fuel,%,0.1
France,2015,Fuel,%,1.35
France,2015,Fuel,%,3.73
France,2015,Fuel,TWh,6.53
France,2015,Fuel,TWh,11.89
France,2015,Fuel,TWh,21.14
France,2015,Fuel,TWh,55.56
France,2015,Fuel,TWh,437.43
France,2015,Fuel,TWh,11.84
France,2015,Fuel,TWh,0.58
France,2015,Fuel,TWh,7.75
France,2015,Fuel,TWh,21.42
France,2015,Total,TWh,574.14
France,2015,Electricity imports,TWh,-64.06
France,2015,Aggregate fuel,mtCO2,5.49
France,2015,Aggregate fuel,mtCO2,28.48
France,2015,Aggregate fuel,mtCO2,16.99
France,2015,Aggregate fuel,mtCO2,2.75
France,2015,Aggregate fuel,mtCO2,3.38
France,2015,Aggregate fuel,mtCO2,0.63
France,2015,CO2 intensity,gCO2/kWh,59.17
France,2015,Fuel,mtCO2,1.41
France,2015,Fuel,mtCO2,11.49
France,2015,Fuel,mtCO2,9.2
France,2015,Fuel,mtCO2,1.32
France,2015,Fuel,mtCO2,2.11
France,2015,Fuel,mtCO2,7.79
France,2015,Fuel,mtCO2,0.02
France,2015,Fuel,mtCO2,0.37
France,2015,Fuel,mtCO2,0.26
France,2015,Total,mtCO2,33.97
France,2016,Aggregate fuel,GW,107.81
France,2016,Aggregate fuel,GW,28.11
France,2016,Aggregate fuel,GW,24.74
France,2016,Aggregate fuel,GW,25.79
France,2016,Aggregate fuel,GW,44.68
France,2016,Aggregate fuel,GW,18.89
France,2016,Fuel,GW,1.04
France,2016,Fuel,GW,3.37
France,2016,Fuel,GW,22.51
France,2016,Fuel,GW,23.89
France,2016,Fuel,GW,63.13
France,2016,Fuel,GW,2.23
France,2016,Fuel,GW,0.86
France,2016,Fuel,GW,7.32
France,2016,Fuel,GW,11.57
France,2016,Demand,TWh,517.34
France,2016,Demand per capita,MWh,7.95
France,2016,Aggregate fuel,%,89.88
France,2016,Aggregate fuel,%,10.14
France,2016,Aggregate fuel,%,8.31
France,2016,Aggregate fuel,%,12.35
France,2016,Aggregate fuel,%,17.73
France,2016,Aggregate fuel,%,5.38
France,2016,Aggregate fuel,TWh,502.2
France,2016,Aggregate fuel,TWh,56.64
France,2016,Aggregate fuel,TWh,46.41
France,2016,Aggregate fuel,TWh,68.96
France,2016,Aggregate fuel,TWh,99.0
France,2016,Aggregate fuel,TWh,30.04
France,2016,Fuel,%,1.35
France,2016,Fuel,%,1.83
France,2016,Fuel,%,6.26
France,2016,Fuel,%,10.89
France,2016,Fuel,%,72.15
France,2016,Fuel,%,2.05
France,2016,Fuel,%,0.11
France,2016,Fuel,%,1.55
France,2016,Fuel,%,3.83
France,2016,Fuel,TWh,7.52
France,2016,Fuel,TWh,10.23
France,2016,Fuel,TWh,34.97
France,2016,Fuel,TWh,60.84
France,2016,Fuel,TWh,403.2
France,2016,Fuel,TWh,11.44
France,2016,Fuel,TWh,0.6
France,2016,Fuel,TWh,8.66
France,2016,Fuel,TWh,21.38
France,2016,Total,TWh,558.84
France,2016,Electricity imports,TWh,-41.5
France,2016,Aggregate fuel,mtCO2,5.72
France,2016,Aggregate fuel,mtCO2,32.63
France,2016,Aggregate fuel,mtCO2,22.75
France,2016,Aggregate fuel,mtCO2,3.1
France,2016,Aggregate fuel,mtCO2,3.77
France,2016,Aggregate fuel,mtCO2,0.67
France,2016,CO2 intensity,gCO2/kWh,68.62
France,2016,Fuel,mtCO2,1.63
France,2016,Fuel,mtCO2,9.88
France,2016,Fuel,mtCO2,15.22
France,2016,Fuel,mtCO2,1.45
France,2016,Fuel,mtCO2,1.95
France,2016,Fuel,mtCO2,7.53
France,2016,Fuel,mtCO2,0.02
France,2016,Fuel,mtCO2,0.41
France,2016,Fuel,mtCO2,0.26
France,2016,Total,mtCO2,38.35
France,2017,Aggregate fuel,GW,110.66
France,2017,Aggregate fuel,GW,25.08
France,2017,Aggregate fuel,GW,21.71
France,2017,Aggregate fuel,GW,25.93
France,2017,Aggregate fuel,GW,47.53
France,2017,Aggregate fuel,GW,21.6
France,2017,Fuel,GW,1.09
France,2017,Fuel,GW,3.37
France,2017,Fuel,GW,19.48
France,2017,Fuel,GW,23.98
France,2017,Fuel,GW,63.13
France,2017,Fuel,GW,2.23
France,2017,Fuel,GW,0.86
France,2017,Fuel,GW,8.1
France,2017,Fuel,GW,13.5
France,2017,Demand,TWh,516.33
France,2017,Demand per capita,MWh,7.91
France,2017,Aggregate fuel,%,88.24
France,2017,Aggregate fuel,%,11.77
France,2017,Aggregate fuel,%,9.47
France,2017,Aggregate fuel,%,10.51
France,2017,Aggregate fuel,%,16.65
France,2017,Aggregate fuel,%,6.14
France,2017,Aggregate fuel,TWh,490.99
France,2017,Aggregate fuel,TWh,65.47
France,2017,Aggregate fuel,TWh,52.66
France,2017,Aggregate fuel,TWh,58.43
France,2017,Aggregate fuel,TWh,92.63
France,2017,Aggregate fuel,TWh,34.2
France,2017,Fuel,%,1.4
France,2017,Fuel,%,2.3
France,2017,Fuel,%,7.28
France,2017,Fuel,%,8.99
France,2017,Fuel,%,71.59
France,2017,Fuel,%,2.19
France,2017,Fuel,%,0.12
France,2017,Fuel,%,1.72
France,2017,Fuel,%,4.42
France,2017,Fuel,TWh,7.78
France,2017,Fuel,TWh,12.81
France,2017,Fuel,TWh,40.5
France,2017,Fuel,TWh,50.0
France,2017,Fuel,TWh,398.36
France,2017,Fuel,TWh,12.16
France,2017,Fuel,TWh,0.65
France,2017,Fuel,TWh,9.59
France,2017,Fuel,TWh,24.61
France,2017,Total,TWh,556.46
France,2017,Electricity imports,TWh,-40.13
France,2017,Aggregate fuel,mtCO2,5.57
France,2017,Aggregate fuel,mtCO2,37.99
France,2017,Aggregate fuel,mtCO2,25.62
France,2017,Aggregate fuel,mtCO2,2.89
France,2017,Aggregate fuel,mtCO2,3.65
France,2017,Aggregate fuel,mtCO2,0.76
France,2017,CO2 intensity,gCO2/kWh,78.28
France,2017,Fuel,mtCO2,1.68
France,2017,Fuel,mtCO2,12.37
France,2017,Fuel,mtCO2,17.62
France,2017,Fuel,mtCO2,1.19
France,2017,Fuel,mtCO2,1.92
France,2017,Fuel,mtCO2,8.0
France,2017,Fuel,mtCO2,0.02
France,2017,Fuel,mtCO2,0.46
France,2017,Fuel,mtCO2,0.3
France,2017,Total,mtCO2,43.56
France,2018,Aggregate fuel,GW,113.22
France,2018,Aggregate fuel,GW,23.77
France,2018,Aggregate fuel,GW,20.4
France,2018,Aggregate fuel,GW,26.16
France,2018,Aggregate fuel,GW,50.09
France,2018,Aggregate fuel,GW,23.93
France,2018,Fuel,GW,1.32
France,2018,Fuel,GW,3.37
France,2018,Fuel,GW,18.17
France,2018,Fuel,GW,24.0
France,2018,Fuel,GW,63.13
France,2018,Fuel,GW,2.23
France,2018,Fuel,GW,0.84
France,2018,Fuel,GW,9.03
France,2018,Fuel,GW,14.9
France,2018,Demand,TWh,512.93
France,2018,Demand per capita,MWh,7.83
France,2018,Aggregate fuel,%,91.43
France,2018,Aggregate fuel,%,8.58
France,2018,Aggregate fuel,%,7.14
France,2018,Aggregate fuel,%,12.88
France,2018,Aggregate fuel,%,19.73
France,2018,Aggregate fuel,%,6.85
France,2018,Aggregate fuel,TWh,526.45
France,2018,Aggregate fuel,TWh,49.45
France,2018,Aggregate fuel,TWh,41.14
France,2018,Aggregate fuel,TWh,74.1
France,2018,Aggregate fuel,TWh,113.51
France,2018,Aggregate fuel,TWh,39.41
France,2018,Fuel,%,1.46
France,2018,Fuel,%,1.44
France,2018,Fuel,%,5.3
France,2018,Fuel,%,11.31
France,2018,Fuel,%,71.7
France,2018,Fuel,%,1.84
France,2018,Fuel,%,0.11
France,2018,Fuel,%,1.88
France,2018,Fuel,%,4.97
France,2018,Fuel,TWh,8.38
France,2018,Fuel,TWh,8.31
France,2018,Fuel,TWh,30.55
France,2018,Fuel,TWh,65.11
France,2018,Fuel,TWh,412.94
France,2018,Fuel,TWh,10.59
France,2018,Fuel,TWh,0.61
France,2018,Fuel,TWh,10.81
France,2018,Fuel,TWh,28.6
France,2018,Total,TWh,575.9
France,2018,Electricity imports,TWh,-62.97
France,2018,Aggregate fuel,mtCO2,6.23
France,2018,Aggregate fuel,mtCO2,28.28
France,2018,Aggregate fuel,mtCO2,20.26
France,2018,Aggregate fuel,mtCO2,3.38
France,2018,Aggregate fuel,mtCO2,4.24
France,2018,Aggregate fuel,mtCO2,0.86
France,2018,CO2 intensity,gCO2/kWh,59.92
France,2018,Fuel,mtCO2,1.81
France,2018,Fuel,mtCO2,8.02
France,2018,Fuel,mtCO2,13.29
France,2018,Fuel,mtCO2,1.55
France,2018,Fuel,mtCO2,1.99
France,2018,Fuel,mtCO2,6.97
France,2018,Fuel,mtCO2,0.02
France,2018,Fuel,mtCO2,0.51
France,2018,Fuel,mtCO2,0.35
France,2018,Total,mtCO2,34.51
France,2019,Aggregate fuel,GW,115.95
France,2019,Aggregate fuel,GW,23.71
France,2019,Aggregate fuel,GW,20.34
France,2019,Aggregate fuel,GW,26.38
France,2019,Aggregate fuel,GW,52.82
France,2019,Aggregate fuel,GW,26.44
France,2019,Fuel,GW,1.4
France,2019,Fuel,GW,3.37
France,2019,Fuel,GW,18.11
France,2019,Fuel,GW,24.14
France,2019,Fuel,GW,63.13
France,2019,Fuel,GW,2.23
France,2019,Fuel,GW,0.84
France,2019,Fuel,GW,10.01
France,2019,Fuel,GW,16.43
France,2019,Demand,TWh,508.0
France,2019,Demand per capita,MWh,7.73
France,2019,Aggregate fuel,%,90.53
France,2019,Aggregate fuel,%,9.48
France,2019,Aggregate fuel,%,8.84
France,2019,Aggregate fuel,%,11.7
France,2019,Aggregate fuel,%,19.99
France,2019,Aggregate fuel,%,8.29
France,2019,Aggregate fuel,TWh,512.06
France,2019,Aggregate fuel,TWh,53.61
France,2019,Aggregate fuel,TWh,49.97
France,2019,Aggregate fuel,TWh,66.16
France,2019,Aggregate fuel,TWh,113.05
France,2019,Aggregate fuel,TWh,46.89
France,2019,Fuel,%,1.53
France,2019,Fuel,%,0.64
France,2019,Fuel,%,6.94
France,2019,Fuel,%,10.06
France,2019,Fuel,%,70.54
France,2019,Fuel,%,1.9
France,2019,Fuel,%,0.11
France,2019,Fuel,%,2.15
France,2019,Fuel,%,6.14
France,2019,Fuel,TWh,8.64
France,2019,Fuel,TWh,3.64
France,2019,Fuel,TWh,39.24
France,2019,Fuel,TWh,56.91
France,2019,Fuel,TWh,399.01
France,2019,Fuel,TWh,10.73
France,2019,Fuel,TWh,0.61
France,2019,Fuel,TWh,12.17
France,2019,Fuel,TWh,34.72
France,2019,Total,TWh,565.67
France,2019,Electricity imports,TWh,-57.67
France,2019,Aggregate fuel,mtCO2,6.18
France,2019,Aggregate fuel,mtCO2,27.64
France,2019,Aggregate fuel,mtCO2,24.13
France,2019,Aggregate fuel,mtCO2,3.24
France,2019,Aggregate fuel,mtCO2,4.25
France,2019,Aggregate fuel,mtCO2,1.01
France,2019,CO2 intensity,gCO2/kWh,59.79
France,2019,Fuel,mtCO2,1.87
France,2019,Fuel,mtCO2,3.51
France,2019,Fuel,mtCO2,17.07
France,2019,Fuel,mtCO2,1.35
France,2019,Fuel,mtCO2,1.93
France,2019,Fuel,mtCO2,7.06
France,2019,Fuel,mtCO2,0.02
France,2019,Fuel,mtCO2,0.58
France,2019,Fuel,mtCO2,0.43
France,2019,Total,mtCO2,33.82
France,2020,Aggregate fuel,GW,116.46
France,2020,Aggregate fuel,GW,24.01
France,2020,Aggregate fuel,GW,20.64
France,2020,Aggregate fuel,GW,26.39
France,2020,Aggregate fuel,GW,55.06
France,2020,Aggregate fuel,GW,28.67
France,2020,Fuel,GW,1.38
France,2020,Fuel,GW,3.37
France,2020,Fuel,GW,18.36
France,2020,Fuel,GW,24.23
France,2020,Fuel,GW,61.4
France,2020,Fuel,GW,2.28
France,2020,Fuel,GW,0.78
France,2020,Fuel,GW,11.13
France,2020,Fuel,GW,17.54
France,2020,Demand,TWh,482.38
France,2020,Demand per capita,MWh,7.32
France,2020,Aggregate fuel,%,90.83
France,2020,Aggregate fuel,%,9.18
France,2020,Aggregate fuel,%,8.59
France,2020,Aggregate fuel,%,13.65
France,2020,Aggregate fuel,%,23.74
France,2020,Aggregate fuel,%,10.09
France,2020,Aggregate fuel,TWh,479.03
France,2020,Aggregate fuel,TWh,48.39
France,2020,Aggregate fuel,TWh,45.3
France,2020,Aggregate fuel,TWh,71.96
France,2020,Aggregate fuel,TWh,125.2
France,2020,Aggregate fuel,TWh,53.24
France,2020,Fuel,%,1.66
France,2020,Fuel,%,0.59
France,2020,Fuel,%,6.68
France,2020,Fuel,%,11.87
France,2020,Fuel,%,67.09
France,2020,Fuel,%,1.91
France,2020,Fuel,%,0.12
France,2020,Fuel,%,2.5
France,2020,Fuel,%,7.59
France,2020,Fuel,TWh,8.76
France,2020,Fuel,TWh,3.09
France,2020,Fuel,TWh,35.25
France,2020,Fuel,TWh,62.59
France,2020,Fuel,TWh,353.83
France,2020,Fuel,TWh,10.05
France,2020,Fuel,TWh,0.61
France,2020,Fuel,TWh,13.19
France,2020,Fuel,TWh,40.05
France,2020,Total,TWh,527.42
France,2020,Electricity imports,TWh,-45.04
France,2020,Aggregate fuel,mtCO2,6.23
France,2020,Aggregate fuel,mtCO2,24.93
France,2020,Aggregate fuel,mtCO2,21.95
France,2020,Aggregate fuel,mtCO2,3.4
France,2020,Aggregate fuel,mtCO2,4.52
France,2020,Aggregate fuel,mtCO2,1.12
France,2020,CO2 intensity,gCO2/kWh,59.08
France,2020,Fuel,mtCO2,1.89
France,2020,Fuel,mtCO2,2.98
France,2020,Fuel,mtCO2,15.34
France,2020,Fuel,mtCO2,1.49
France,2020,Fuel,mtCO2,1.71
France,2020,Fuel,mtCO2,6.61
France,2020,Fuel,mtCO2,0.02
France,2020,Fuel,mtCO2,0.63
France,2020,Fuel,mtCO2,0.49
France,2020,Total,mtCO2,31.16
France,2021,Aggregate fuel,GW,119.93
France,2021,Aggregate fuel,GW,22.8
France,2021,Aggregate fuel,GW,20.66
France,2021,Aggregate fuel,GW,26.53
France,2021,Aggregate fuel,GW,58.53
France,2021,Aggregate fuel,GW,32.0
France,2021,Fuel,GW,1.48
France,2021,Fuel,GW,2.14
France,2021,Fuel,GW,18.38
France,2021,Fuel,GW,24.26
France,2021,Fuel,GW,61.4
France,2021,Fuel,GW,2.28
France,2021,Fuel,GW,0.79
France,2021,Fuel,GW,13.45
France,2021,Fuel,GW,18.55
France,2021,Demand,TWh,505.56
France,2021,Demand per capita,MWh,7.65
France,2021,Aggregate fuel,%,91.13
France,2021,Aggregate fuel,%,8.87
France,2021,Aggregate fuel,%,7.88
France,2021,Aggregate fuel,%,12.68
France,2021,Aggregate fuel,%,22.21
France,2021,Aggregate fuel,%,9.53
France,2021,Aggregate fuel,TWh,501.61
France,2021,Aggregate fuel,TWh,48.84
France,2021,Aggregate fuel,TWh,43.4
France,2021,Aggregate fuel,TWh,69.77
France,2021,Aggregate fuel,TWh,122.25
France,2021,Aggregate fuel,TWh,52.48
France,2021,Fuel,%,1.74
France,2021,Fuel,%,0.99
France,2021,Fuel,%,6.05
France,2021,Fuel,%,10.83
France,2021,Fuel,%,68.92
France,2021,Fuel,%,1.83
France,2021,Fuel,%,0.11
France,2021,Fuel,%,2.79
France,2021,Fuel,%,6.74
France,2021,Fuel,TWh,9.57
France,2021,Fuel,TWh,5.44
France,2021,Fuel,TWh,33.31
France,2021,Fuel,TWh,59.62
France,2021,Fuel,TWh,379.36
France,2021,Fuel,TWh,10.09
France,2021,Fuel,TWh,0.58
France,2021,Fuel,TWh,15.36
France,2021,Fuel,TWh,37.12
France,2021,Total,TWh,550.45
France,2021,Electricity imports,TWh,-44.89
France,2021,Aggregate fuel,mtCO2,6.53
France,2021,Aggregate fuel,mtCO2,26.38
France,2021,Aggregate fuel,mtCO2,21.13
France,2021,Aggregate fuel,mtCO2,3.51
France,2021,Aggregate fuel,mtCO2,4.7
France,2021,Aggregate fuel,mtCO2,1.19
France,2021,CO2 intensity,gCO2/kWh,59.79
France,2021,Fuel,mtCO2,2.07
France,2021,Fuel,mtCO2,5.25
France,2021,Fuel,mtCO2,14.49
France,2021,Fuel,mtCO2,1.42
France,2021,Fuel,mtCO2,1.83
France,2021,Fuel,mtCO2,6.64
France,2021,Fuel,mtCO2,0.02
France,2021,Fuel,mtCO2,0.73
France,2021,Fuel,mtCO2,0.46
France,2021,Total,mtCO2,32.91
France,2022,Aggregate fuel,GW,123.48
France,2022,Aggregate fuel,GW,22.79
France,2022,Aggregate fuel,GW,20.65
France,2022,Aggregate fuel,GW,26.52
France,2022,Aggregate fuel,GW,62.08
France,2022,Aggregate fuel,GW,35.56
France,2022,Fuel,GW,1.48
France,2022,Fuel,GW,2.14
France,2022,Fuel,GW,18.37
France,2022,Fuel,GW,24.24
France,2022,Fuel,GW,61.4
France,2022,Fuel,GW,2.28
France,2022,Fuel,GW,0.8
France,2022,Fuel,GW,14.72
France,2022,Fuel,GW,20.84
France,2022,Demand,TWh,483.43
France,2022,Demand per capita,MWh,7.29
France,2022,Aggregate fuel,%,87.12
France,2022,Aggregate fuel,%,12.88
France,2022,Aggregate fuel,%,11.99
France,2022,Aggregate fuel,%,11.91
France,2022,Aggregate fuel,%,24.21
France,2022,Aggregate fuel,%,12.3
France,2022,Aggregate fuel,TWh,408.14
France,2022,Aggregate fuel,TWh,60.35
France,2022,Aggregate fuel,TWh,56.19
France,2022,Aggregate fuel,TWh,55.78
France,2022,Aggregate fuel,TWh,113.41
France,2022,Aggregate fuel,TWh,57.63
France,2022,Fuel,%,2.06
France,2022,Fuel,%,0.89
France,2022,Fuel,%,9.76
France,2022,Fuel,%,9.72
France,2022,Fuel,%,62.91
France,2022,Fuel,%,2.23
France,2022,Fuel,%,0.13
France,2022,Fuel,%,4.19
France,2022,Fuel,%,8.11
France,2022,Fuel,TWh,9.66
France,2022,Fuel,TWh,4.16
France,2022,Fuel,TWh,45.74
France,2022,Fuel,TWh,45.52
France,2022,Fuel,TWh,294.73
France,2022,Fuel,TWh,10.45
France,2022,Fuel,TWh,0.6
France,2022,Fuel,TWh,19.63
France,2022,Fuel,TWh,38.0
France,2022,Total,TWh,468.49
France,2022,Electricity imports,TWh,14.94
France,2022,Aggregate fuel,mtCO2,6.01
France,2022,Aggregate fuel,mtCO2,30.79
France,2022,Aggregate fuel,mtCO2,26.78
France,2022,Aggregate fuel,mtCO2,3.19
France,2022,Aggregate fuel,mtCO2,4.59
France,2022,Aggregate fuel,mtCO2,1.4
France,2022,CO2 intensity,gCO2/kWh,78.55
France,2022,Fuel,mtCO2,2.09
France,2022,Fuel,mtCO2,4.01
France,2022,Fuel,mtCO2,19.9
France,2022,Fuel,mtCO2,1.08
France,2022,Fuel,mtCO2,1.42
France,2022,Fuel,mtCO2,6.88
France,2022,Fuel,mtCO2,0.02
France,2022,Fuel,mtCO2,0.93
France,2022,Fuel,mtCO2,0.47
France,2022,Total,mtCO2,36.8
France,2023,Aggregate fuel,GW,128.84
France,2023,Aggregate fuel,GW,22.66
France,2023,Aggregate fuel,GW,20.63
France,2023,Aggregate fuel,GW,26.91
France,2023,Aggregate fuel,GW,67.44
France,2023,Aggregate fuel,GW,40.53
France,2023,Fuel,GW,1.6
France,2023,Fuel,GW,2.03
France,2023,Fuel,GW,18.35
France,2023,Fuel,GW,24.6
France,2023,Fuel,GW,61.4
France,2023,Fuel,GW,2.28
France,2023,Fuel,GW,0.71
France,2023,Fuel,GW,17.4
France,2023,Fuel,GW,23.13
France,2023,Demand,TWh,467.12
France,2023,Demand per capita,MWh,7.03
France,2023,Aggregate fuel,%,91.81
France,2023,Aggregate fuel,%,8.19
France,2023,Aggregate fuel,%,7.81
France,2023,Aggregate fuel,%,12.97
France,2023,Aggregate fuel,%,26.47
France,2023,Aggregate fuel,%,13.5
France,2023,Aggregate fuel,TWh,475.21
France,2023,Aggregate fuel,TWh,42.38
France,2023,Aggregate fuel,TWh,40.4
France,2023,Aggregate fuel,TWh,67.14
France,2023,Aggregate fuel,TWh,137.01
France,2023,Aggregate fuel,TWh,69.87
France,2023,Fuel,%,1.91
France,2023,Fuel,%,0.38
France,2023,Fuel,%,5.77
France,2023,Fuel,%,10.95
France,2023,Fuel,%,65.34
France,2023,Fuel,%,2.04
France,2023,Fuel,%,0.11
France,2023,Fuel,%,4.22
France,2023,Fuel,%,9.28
France,2023,Fuel,TWh,9.9
France,2023,Fuel,TWh,1.98
France,2023,Fuel,TWh,29.84
France,2023,Fuel,TWh,56.66
France,2023,Fuel,TWh,338.2
France,2023,Fuel,TWh,10.56
France,2023,Fuel,TWh,0.58
France,2023,Fuel,TWh,21.82
France,2023,Fuel,TWh,48.05
France,2023,Total,TWh,517.59
France,2023,Electricity imports,TWh,-50.47
France,2023,Aggregate fuel,mtCO2,6.77
France,2023,Aggregate fuel,mtCO2,21.84
France,2023,Aggregate fuel,mtCO2,19.93
France,2023,Aggregate fuel,mtCO2,3.51
France,2023,Aggregate fuel,mtCO2,5.14
France,2023,Aggregate fuel,mtCO2,1.63
France,2023,CO2 intensity,gCO2/kWh,55.28
France,2023,Fuel,mtCO2,2.14
France,2023,Fuel,mtCO2,1.91
France,2023,Fuel,mtCO2,12.98
France,2023,Fuel,mtCO2,1.35
France,2023,Fuel,mtCO2,1.63
France,2023,Fuel,mtCO2,6.95
France,2023,Fuel,mtCO2,0.02
France,2023,Fuel,mtCO2,1.04
France,2023,Fuel,mtCO2,0.59
France,2023,Total,mtCO2,28.61
France,2024,Aggregate fuel,GW,135.74
France,2024,Aggregate fuel,GW,22.52
France,2024,Aggregate fuel,GW,20.61
France,2024,Aggregate fuel,GW,28.22
France,2024,Aggregate fuel,GW,74.34
France,2024,Aggregate fuel,GW,46.12
France,2024,Fuel,GW,2.87
France,2024,Fuel,GW,1.91
France,2024,Fuel,GW,18.33
France,2024,Fuel,GW,24.64
France,2024,Fuel,GW,61.4
France,2024,Fuel,GW,2.28
France,2024,Fuel,GW,0.71
France,2024,Fuel,GW,21.53
France,2024,Fuel,GW,24.59
France,2024,Demand,TWh,467.71
France,2024,Demand per capita,MWh,7.03
France,2024,Aggregate fuel,%,94.25
France,2024,Aggregate fuel,%,5.74
France,2024,Aggregate fuel,%,5.44
France,2024,Aggregate fuel,%,14.28
France,2024,Aggregate fuel,%,26.21
France,2024,Aggregate fuel,%,11.93
France,2024,Aggregate fuel,TWh,525.51
France,2024,Aggregate fuel,TWh,32.05
France,2024,Aggregate fuel,TWh,30.35
France,2024,Aggregate fuel,TWh,79.62
France,2024,Aggregate fuel,TWh,146.17
France,2024,Aggregate fuel,TWh,66.55
France,2024,Fuel,%,1.75
France,2024,Fuel,%,0.3
France,2024,Fuel,%,3.42
France,2024,Fuel,%,12.43
France,2024,Fuel,%,68.04
France,2024,Fuel,%,2.02
France,2024,Fuel,%,0.1
France,2024,Fuel,%,4.22
France,2024,Fuel,%,7.71
France,2024,Fuel,TWh,9.74
France,2024,Fuel,TWh,1.7
France,2024,Fuel,TWh,19.07
France,2024,Fuel,TWh,69.3
France,2024,Fuel,TWh,379.34
France,2024,Fuel,TWh,11.28
France,2024,Fuel,TWh,0.58
France,2024,Fuel,TWh,23.55
France,2024,Fuel,TWh,43.0
France,2024,Total,TWh,557.56
France,2024,Electricity imports,TWh,-89.85
France,2024,Aggregate fuel,mtCO2,7.26
France,2024,Aggregate fuel,mtCO2,17.35
France,2024,Aggregate fuel,mtCO2,15.72
France,2024,Aggregate fuel,mtCO2,3.78
France,2024,Aggregate fuel,mtCO2,5.43
France,2024,Aggregate fuel,mtCO2,1.65
France,2024,CO2 intensity,gCO2/kWh,44.14
France,2024,Fuel,mtCO2,2.11
France,2024,Fuel,mtCO2,1.63
France,2024,Fuel,mtCO2,8.3
France,2024,Fuel,mtCO2,1.65
France,2024,Fuel,mtCO2,1.83
France,2024,Fuel,mtCO2,7.42
France,2024,Fuel,mtCO2,0.02
France,2024,Fuel,mtCO2,1.12
France,2024,Fuel,mtCO2,0.53
France,2024,Total,mtCO2,24.61
Germany,2000,Aggregate fuel,GW,34.08
Germany,2000,Aggregate fuel,GW,69.75
Germany,2000,Aggregate fuel,GW,17.15
Germany,2000,Aggregate fuel,GW,5.59
Germany,2000,Aggregate fuel,GW,11.68
Germany,2000,Aggregate fuel,GW,6.09
Germany,2000,Fuel,GW,0.47
Germany,2000,Fuel,GW,52.6
Germany,2000,Fuel,GW,15.64
Germany,2000,Fuel,GW,4.83
Germany,2000,Fuel,GW,22.4
Germany,2000,Fuel,GW,1.51
Germany,2000,Fuel,GW,0.29
Germany,2000,Fuel,GW,0.0
Germany,2000,Fuel,GW,6.09
Germany,2000,Demand,TWh,572.01
Germany,2000,Demand per capita,MWh,6.99
Germany,2000,Aggregate fuel,%,36.03
Germany,2000,Aggregate fuel,%,63.97
Germany,2000,Aggregate fuel,%,11.82
Germany,2000,Aggregate fuel,%,4.58
Germany,2000,Aggregate fuel,%,6.22
Germany,2000,Aggregate fuel,%,1.64
Germany,2000,Aggregate fuel,TWh,205.02
Germany,2000,Aggregate fuel,TWh,363.93
Germany,2000,Aggregate fuel,TWh,67.25
Germany,2000,Aggregate fuel,TWh,26.06
Germany,2000,Aggregate fuel,TWh,35.41
Germany,2000,Aggregate fuel,TWh,9.35
Germany,2000,Fuel,%,0.76
Germany,2000,Fuel,%,52.15
Germany,2000,Fuel,%,8.65
Germany,2000,Fuel,%,3.82
Germany,2000,Fuel,%,29.81
Germany,2000,Fuel,%,3.17
Germany,2000,Fuel,%,0.0
Germany,2000,Fuel,%,0.0
Germany,2000,Fuel,%,1.64
Germany,2000,Fuel,TWh,4.33
Germany,2000,Fuel,TWh,296.68
Germany,2000,Fuel,TWh,49.2
Germany,2000,Fuel,TWh,21.73
Germany,2000,Fuel,TWh,169.61
Germany,2000,Fuel,TWh,18.05
Germany,2000,Fuel,TWh,0.0
Germany,2000,Fuel,TWh,0.0
Germany,2000,Fuel,TWh,9.35
Germany,2000,Total,TWh,568.95
Germany,2000,Electricity imports,TWh,3.06
Germany,2000,Aggregate fuel,mtCO2,2.39
Germany,2000,Aggregate fuel,mtCO2,323.71
Germany,2000,Aggregate fuel,mtCO2,33.09
Germany,2000,Aggregate fuel,mtCO2,1.46
Germany,2000,Aggregate fuel,mtCO2,1.57
Germany,2000,Aggregate fuel,mtCO2,0.11
Germany,2000,CO2 intensity,gCO2/kWh,573.16
Germany,2000,Fuel,mtCO2,0.94
Germany,2000,Fuel,mtCO2,290.62
Germany,2000,Fuel,mtCO2,21.21
Germany,2000,Fuel,mtCO2,0.52
Germany,2000,Fuel,mtCO2,0.82
Germany,2000,Fuel,mtCO2,11.88
Germany,2000,Fuel,mtCO2,0.0
Germany,2000,Fuel,mtCO2,0.0
Germany,2000,Fuel,mtCO2,0.11
Germany,2000,Total,mtCO2,326.1
Germany,2001,Aggregate fuel,GW,37.02
Germany,2001,Aggregate fuel,GW,69.33
Germany,2001,Aggregate fuel,GW,17.31
Germany,2001,Aggregate fuel,GW,5.87
Germany,2001,Aggregate fuel,GW,14.62
Germany,2001,Aggregate fuel,GW,8.75
Germany,2001,Fuel,GW,0.75
Germany,2001,Fuel,GW,52.02
Germany,2001,Fuel,GW,15.8
Germany,2001,Fuel,GW,4.83
Germany,2001,Fuel,GW,22.4
Germany,2001,Fuel,GW,1.51
Germany,2001,Fuel,GW,0.29
Germany,2001,Fuel,GW,0.0
Germany,2001,Fuel,GW,8.75
Germany,2001,Demand,TWh,582.6
Germany,2001,Demand per capita,MWh,7.11
Germany,2001,Aggregate fuel,%,36.14
Germany,2001,Aggregate fuel,%,63.87
Germany,2001,Aggregate fuel,%,13.13
Germany,2001,Aggregate fuel,%,4.72
Germany,2001,Aggregate fuel,%,6.55
Germany,2001,Aggregate fuel,%,1.83
Germany,2001,Aggregate fuel,TWh,209.18
Germany,2001,Aggregate fuel,TWh,369.76
Germany,2001,Aggregate fuel,TWh,76.02
Germany,2001,Aggregate fuel,TWh,27.32
Germany,2001,Aggregate fuel,TWh,37.88
Germany,2001,Aggregate fuel,TWh,10.56
Germany,2001,Fuel,%,0.79
Germany,2001,Fuel,%,50.74
Germany,2001,Fuel,%,9.59
Germany,2001,Fuel,%,3.93
Germany,2001,Fuel,%,29.59
Germany,2001,Fuel,%,3.54
Germany,2001,Fuel,%,0.0
Germany,2001,Fuel,%,0.02
Germany,2001,Fuel,%,1.81
Germany,2001,Fuel,TWh,4.59
Germany,2001,Fuel,TWh,293.74
Germany,2001,Fuel,TWh,55.5
Germany,2001,Fuel,TWh,22.73
Germany,2001,Fuel,TWh,171.3
Germany,2001,Fuel,TWh,20.52
Germany,2001,Fuel,TWh,0.0
Germany,2001,Fuel,TWh,0.1
Germany,2001,Fuel,TWh,10.46
Germany,2001,Total,TWh,578.94
Germany,2001,Electricity imports,TWh,3.66
Germany,2001,Aggregate fuel,mtCO2,2.49
Germany,2001,Aggregate fuel,mtCO2,324.89
Germany,2001,Aggregate fuel,mtCO2,37.43
Germany,2001,Aggregate fuel,mtCO2,1.53
Germany,2001,Aggregate fuel,mtCO2,1.66
Germany,2001,Aggregate fuel,mtCO2,0.13
Germany,2001,CO2 intensity,gCO2/kWh,565.48
Germany,2001,Fuel,mtCO2,0.99
Germany,2001,Fuel,mtCO2,287.46
Germany,2001,Fuel,mtCO2,23.93
Germany,2001,Fuel,mtCO2,0.54
Germany,2001,Fuel,mtCO2,0.83
Germany,2001,Fuel,mtCO2,13.5
Germany,2001,Fuel,mtCO2,0.0
Germany,2001,Fuel,mtCO2,0.0
Germany,2001,Fuel,mtCO2,0.13
Germany,2001,Total,mtCO2,327.38
Germany,2002,Aggregate fuel,GW,41.5
Germany,2002,Aggregate fuel,GW,69.94
Germany,2002,Aggregate fuel,GW,17.43
Germany,2002,Aggregate fuel,GW,6.1
Germany,2002,Aggregate fuel,GW,18.1
Germany,2002,Aggregate fuel,GW,12.0
Germany,2002,Fuel,GW,0.87
Germany,2002,Fuel,GW,52.51
Germany,2002,Fuel,GW,15.92
Germany,2002,Fuel,GW,4.94
Germany,2002,Fuel,GW,23.4
Germany,2002,Fuel,GW,1.51
Germany,2002,Fuel,GW,0.29
Germany,2002,Fuel,GW,0.0
Germany,2002,Fuel,GW,12.0
Germany,2002,Demand,TWh,593.76
Germany,2002,Demand per capita,MWh,7.24
Germany,2002,Aggregate fuel,%,35.86
Germany,2002,Aggregate fuel,%,64.13
Germany,2002,Aggregate fuel,%,12.81
Germany,2002,Aggregate fuel,%,4.87
Germany,2002,Aggregate fuel,%,7.62
Germany,2002,Aggregate fuel,%,2.75
Germany,2002,Aggregate fuel,TWh,209.33
Germany,2002,Aggregate fuel,TWh,374.43
Germany,2002,Aggregate fuel,TWh,74.83
Germany,2002,Aggregate fuel,TWh,28.43
Germany,2002,Aggregate fuel,TWh,44.49
Germany,2002,Aggregate fuel,TWh,16.06
Germany,2002,Fuel,%,0.91
Germany,2002,Fuel,%,51.32
Germany,2002,Fuel,%,9.64
Germany,2002,Fuel,%,3.96
Germany,2002,Fuel,%,28.24
Germany,2002,Fuel,%,3.17
Germany,2002,Fuel,%,0.0
Germany,2002,Fuel,%,0.03
Germany,2002,Fuel,%,2.72
Germany,2002,Fuel,TWh,5.31
Germany,2002,Fuel,TWh,299.6
Germany,2002,Fuel,TWh,56.3
Germany,2002,Fuel,TWh,23.12
Germany,2002,Fuel,TWh,164.84
Germany,2002,Fuel,TWh,18.53
Germany,2002,Fuel,TWh,0.0
Germany,2002,Fuel,TWh,0.2
Germany,2002,Fuel,TWh,15.86
Germany,2002,Total,TWh,583.76
Germany,2002,Electricity imports,TWh,10.0
Germany,2002,Aggregate fuel,mtCO2,2.7
Germany,2002,Aggregate fuel,mtCO2,329.82
Germany,2002,Aggregate fuel,mtCO2,36.47
Germany,2002,Aggregate fuel,mtCO2,1.7
Germany,2002,Aggregate fuel,mtCO2,1.9
Germany,2002,Aggregate fuel,mtCO2,0.2
Germany,2002,CO2 intensity,gCO2/kWh,569.62
Germany,2002,Fuel,mtCO2,1.15
Germany,2002,Fuel,mtCO2,293.35
Germany,2002,Fuel,mtCO2,24.28
Germany,2002,Fuel,mtCO2,0.55
Germany,2002,Fuel,mtCO2,0.8
Germany,2002,Fuel,mtCO2,12.19
Germany,2002,Fuel,mtCO2,0.0
Germany,2002,Fuel,mtCO2,0.01
Germany,2002,Fuel,mtCO2,0.19
Germany,2002,Total,mtCO2,332.52
Germany,2003,Aggregate fuel,GW,43.1
Germany,2003,Aggregate fuel,GW,69.81
Germany,2003,Aggregate fuel,GW,17.72
Germany,2003,Aggregate fuel,GW,6.84
Germany,2003,Aggregate fuel,GW,21.66
Germany,2003,Aggregate fuel,GW,14.82
Germany,2003,Fuel,GW,1.44
Germany,2003,Fuel,GW,52.09
Germany,2003,Fuel,GW,16.21
Germany,2003,Fuel,GW,4.95
Germany,2003,Fuel,GW,21.44
Germany,2003,Fuel,GW,1.51
Germany,2003,Fuel,GW,0.45
Germany,2003,Fuel,GW,0.44
Germany,2003,Fuel,GW,14.38
Germany,2003,Demand,TWh,598.76
Germany,2003,Demand per capita,MWh,7.29
Germany,2003,Aggregate fuel,%,35.17
Germany,2003,Aggregate fuel,%,64.83
Germany,2003,Aggregate fuel,%,14.23
Germany,2003,Aggregate fuel,%,4.53
Germany,2003,Aggregate fuel,%,7.75
Germany,2003,Aggregate fuel,%,3.22
Germany,2003,Aggregate fuel,TWh,211.73
Germany,2003,Aggregate fuel,TWh,390.3
Germany,2003,Aggregate fuel,TWh,85.67
Germany,2003,Aggregate fuel,TWh,27.27
Germany,2003,Aggregate fuel,TWh,46.67
Germany,2003,Aggregate fuel,TWh,19.4
Germany,2003,Fuel,%,1.49
Germany,2003,Fuel,%,50.6
Germany,2003,Fuel,%,10.4
Germany,2003,Fuel,%,3.04
Germany,2003,Fuel,%,27.42
Germany,2003,Fuel,%,3.83
Germany,2003,Fuel,%,0.0
Germany,2003,Fuel,%,0.05
Germany,2003,Fuel,%,3.17
Germany,2003,Fuel,TWh,8.95
Germany,2003,Fuel,TWh,304.63
Germany,2003,Fuel,TWh,62.59
Germany,2003,Fuel,TWh,18.32
Germany,2003,Fuel,TWh,165.06
Germany,2003,Fuel,TWh,23.08
Germany,2003,Fuel,TWh,0.0
Germany,2003,Fuel,TWh,0.31
Germany,2003,Fuel,TWh,19.09
Germany,2003,Total,TWh,602.03
Germany,2003,Electricity imports,TWh,-3.27
Germany,2003,Aggregate fuel,mtCO2,3.41
Germany,2003,Aggregate fuel,mtCO2,339.75
Germany,2003,Aggregate fuel,mtCO2,42.18
Germany,2003,Aggregate fuel,mtCO2,2.37
Germany,2003,Aggregate fuel,mtCO2,2.61
Germany,2003,Aggregate fuel,mtCO2,0.24
Germany,2003,CO2 intensity,gCO2/kWh,570.01
Germany,2003,Fuel,mtCO2,1.93
Germany,2003,Fuel,mtCO2,297.57
Germany,2003,Fuel,mtCO2,26.99
Germany,2003,Fuel,mtCO2,0.44
Germany,2003,Fuel,mtCO2,0.8
Germany,2003,Fuel,mtCO2,15.19
Germany,2003,Fuel,mtCO2,0.0
Germany,2003,Fuel,mtCO2,0.01
Germany,2003,Fuel,mtCO2,0.23
Germany,2003,Total,mtCO2,343.16
Germany,2004,Aggregate fuel,GW,45.43
Germany,2004,Aggregate fuel,GW,70.37
Germany,2004,Aggregate fuel,GW,18.37
Germany,2004,Aggregate fuel,GW,7.35
Germany,2004,Aggregate fuel,GW,24.88
Germany,2004,Aggregate fuel,GW,17.53
Germany,2004,Fuel,GW,1.69
Germany,2004,Fuel,GW,52.0
Germany,2004,Fuel,GW,16.86
Germany,2004,Fuel,GW,5.19
Germany,2004,Fuel,GW,20.55
Germany,2004,Fuel,GW,1.51
Germany,2004,Fuel,GW,0.47
Germany,2004,Fuel,GW,1.11
Germany,2004,Fuel,GW,16.42
Germany,2004,Demand,TWh,606.98
Germany,2004,Demand per capita,MWh,7.39
Germany,2004,Aggregate fuel,%,36.92
Germany,2004,Aggregate fuel,%,63.08
Germany,2004,Aggregate fuel,%,14.07
Germany,2004,Aggregate fuel,%,5.15
Germany,2004,Aggregate fuel,%,9.51
Germany,2004,Aggregate fuel,%,4.36
Germany,2004,Aggregate fuel,TWh,225.04
Germany,2004,Aggregate fuel,TWh,384.56
Germany,2004,Aggregate fuel,TWh,85.79
Germany,2004,Aggregate fuel,TWh,31.39
Germany,2004,Aggregate fuel,TWh,57.97
Germany,2004,Aggregate fuel,TWh,26.58
Germany,2004,Fuel,%,1.75
Germany,2004,Fuel,%,49.01
Germany,2004,Fuel,%,10.28
Germany,2004,Fuel,%,3.4
Germany,2004,Fuel,%,27.41
Germany,2004,Fuel,%,3.79
Germany,2004,Fuel,%,0.0
Germany,2004,Fuel,%,0.09
Germany,2004,Fuel,%,4.27
Germany,2004,Fuel,TWh,10.64
Germany,2004,Fuel,TWh,298.77
Germany,2004,Fuel,TWh,62.67
Germany,2004,Fuel,TWh,20.75
Germany,2004,Fuel,TWh,167.07
Germany,2004,Fuel,TWh,23.12
Germany,2004,Fuel,TWh,0.0
Germany,2004,Fuel,TWh,0.56
Germany,2004,Fuel,TWh,26.02
Germany,2004,Total,TWh,609.6
Germany,2004,Electricity imports,TWh,-2.62
Germany,2004,Aggregate fuel,mtCO2,3.95
Germany,2004,Aggregate fuel,mtCO2,334.2
Germany,2004,Aggregate fuel,mtCO2,42.23
Germany,2004,Aggregate fuel,mtCO2,2.79
Germany,2004,Aggregate fuel,mtCO2,3.14
Germany,2004,Aggregate fuel,mtCO2,0.35
Germany,2004,CO2 intensity,gCO2/kWh,554.71
Germany,2004,Fuel,mtCO2,2.3
Germany,2004,Fuel,mtCO2,291.97
Germany,2004,Fuel,mtCO2,27.02
Germany,2004,Fuel,mtCO2,0.49
Germany,2004,Fuel,mtCO2,0.81
Germany,2004,Fuel,mtCO2,15.21
Germany,2004,Fuel,mtCO2,0.0
Germany,2004,Fuel,mtCO2,0.03
Germany,2004,Fuel,mtCO2,0.32
Germany,2004,Total,mtCO2,338.15
Germany,2005,Aggregate fuel,GW,48.86
Germany,2005,Aggregate fuel,GW,71.71
Germany,2005,Aggregate fuel,GW,20.22
Germany,2005,Aggregate fuel,GW,8.17
Germany,2005,Aggregate fuel,GW,28.48
Germany,2005,Aggregate fuel,GW,20.31
Germany,2005,Fuel,GW,2.37
Germany,2005,Fuel,GW,51.49
Germany,2005,Fuel,GW,18.71
Germany,2005,Fuel,GW,5.21
Germany,2005,Fuel,GW,20.38
Germany,2005,Fuel,GW,1.51
Germany,2005,Fuel,GW,0.59
Germany,2005,Fuel,GW,2.06
Germany,2005,Fuel,GW,18.25
Germany,2005,Demand,TWh,608.77
Germany,2005,Demand per capita,MWh,7.42
Germany,2005,Aggregate fuel,%,36.92
Germany,2005,Aggregate fuel,%,63.08
Germany,2005,Aggregate fuel,%,16.1
Germany,2005,Aggregate fuel,%,5.6
Germany,2005,Aggregate fuel,%,10.34
Germany,2005,Aggregate fuel,%,4.74
Germany,2005,Aggregate fuel,TWh,226.48
Germany,2005,Aggregate fuel,TWh,386.86
Germany,2005,Aggregate fuel,TWh,98.72
Germany,2005,Aggregate fuel,TWh,34.35
Germany,2005,Aggregate fuel,TWh,63.43
Germany,2005,Aggregate fuel,TWh,29.08
Germany,2005,Fuel,%,2.4
Germany,2005,Fuel,%,46.98
Germany,2005,Fuel,%,11.77
Germany,2005,Fuel,%,3.2
Germany,2005,Fuel,%,26.58
Germany,2005,Fuel,%,4.33
Germany,2005,Fuel,%,0.0
Germany,2005,Fuel,%,0.21
Germany,2005,Fuel,%,4.53
Germany,2005,Fuel,TWh,14.71
Germany,2005,Fuel,TWh,288.14
Germany,2005,Fuel,TWh,72.19
Germany,2005,Fuel,TWh,19.64
Germany,2005,Fuel,TWh,163.05
Germany,2005,Fuel,TWh,26.53
Germany,2005,Fuel,TWh,0.0
Germany,2005,Fuel,TWh,1.31
Germany,2005,Fuel,TWh,27.77
Germany,2005,Total,TWh,613.34
Germany,2005,Electricity imports,TWh,-4.57
Germany,2005,Aggregate fuel,mtCO2,4.84
Germany,2005,Aggregate fuel,mtCO2,330.23
Germany,2005,Aggregate fuel,mtCO2,48.59
Germany,2005,Aggregate fuel,mtCO2,3.65
Germany,2005,Aggregate fuel,mtCO2,4.05
Germany,2005,Aggregate fuel,mtCO2,0.4
Germany,2005,CO2 intensity,gCO2/kWh,546.3
Germany,2005,Fuel,mtCO2,3.18
Germany,2005,Fuel,mtCO2,281.64
Germany,2005,Fuel,mtCO2,31.13
Germany,2005,Fuel,mtCO2,0.47
Germany,2005,Fuel,mtCO2,0.79
Germany,2005,Fuel,mtCO2,17.46
Germany,2005,Fuel,mtCO2,0.0
Germany,2005,Fuel,mtCO2,0.06
Germany,2005,Fuel,mtCO2,0.34
Germany,2005,Total,mtCO2,335.07
Germany,2006,Aggregate fuel,GW,52.43
Germany,2006,Aggregate fuel,GW,72.19
Germany,2006,Aggregate fuel,GW,20.7
Germany,2006,Aggregate fuel,GW,8.85
Germany,2006,Aggregate fuel,GW,32.22
Germany,2006,Aggregate fuel,GW,23.37
Germany,2006,Fuel,GW,3.02
Germany,2006,Fuel,GW,51.49
Germany,2006,Fuel,GW,19.19
Germany,2006,Fuel,GW,5.19
Germany,2006,Fuel,GW,20.21
Germany,2006,Fuel,GW,1.51
Germany,2006,Fuel,GW,0.64
Germany,2006,Fuel,GW,2.9
Germany,2006,Fuel,GW,20.47
Germany,2006,Demand,TWh,613.22
Germany,2006,Demand per capita,MWh,7.51
Germany,2006,Aggregate fuel,%,38.06
Germany,2006,Aggregate fuel,%,61.95
Germany,2006,Aggregate fuel,%,16.1
Germany,2006,Aggregate fuel,%,6.19
Germany,2006,Aggregate fuel,%,11.52
Germany,2006,Aggregate fuel,%,5.33
Germany,2006,Aggregate fuel,TWh,239.83
Germany,2006,Aggregate fuel,TWh,390.37
Germany,2006,Aggregate fuel,TWh,101.44
Germany,2006,Aggregate fuel,TWh,38.97
Germany,2006,Aggregate fuel,TWh,72.56
Germany,2006,Aggregate fuel,TWh,33.59
Germany,2006,Fuel,%,3.01
Germany,2006,Fuel,%,45.85
Germany,2006,Fuel,%,11.86
Germany,2006,Fuel,%,3.18
Germany,2006,Fuel,%,26.54
Germany,2006,Fuel,%,4.24
Germany,2006,Fuel,%,0.0
Germany,2006,Fuel,%,0.36
Germany,2006,Fuel,%,4.97
Germany,2006,Fuel,TWh,18.94
Germany,2006,Fuel,TWh,288.93
Germany,2006,Fuel,TWh,74.73
Germany,2006,Fuel,TWh,20.03
Germany,2006,Fuel,TWh,167.27
Germany,2006,Fuel,TWh,26.71
Germany,2006,Fuel,TWh,0.0
Germany,2006,Fuel,TWh,2.27
Germany,2006,Fuel,TWh,31.32
Germany,2006,Total,TWh,630.2
Germany,2006,Electricity imports,TWh,-16.98
Germany,2006,Aggregate fuel,mtCO2,5.87
Germany,2006,Aggregate fuel,mtCO2,332.05
Germany,2006,Aggregate fuel,mtCO2,49.8
Germany,2006,Aggregate fuel,mtCO2,4.57
Germany,2006,Aggregate fuel,mtCO2,5.06
Germany,2006,Aggregate fuel,mtCO2,0.49
Germany,2006,CO2 intensity,gCO2/kWh,536.21
Germany,2006,Fuel,mtCO2,4.09
Germany,2006,Fuel,mtCO2,282.25
Germany,2006,Fuel,mtCO2,32.22
Germany,2006,Fuel,mtCO2,0.48
Germany,2006,Fuel,mtCO2,0.81
Germany,2006,Fuel,mtCO2,17.58
Germany,2006,Fuel,mtCO2,0.0
Germany,2006,Fuel,mtCO2,0.11
Germany,2006,Fuel,mtCO2,0.38
Germany,2006,Total,mtCO2,337.92
Germany,2007,Aggregate fuel,GW,55.65
Germany,2007,Aggregate fuel,GW,73.34
Germany,2007,Aggregate fuel,GW,22.05
Germany,2007,Aggregate fuel,GW,9.15
Germany,2007,Aggregate fuel,GW,35.44
Germany,2007,Aggregate fuel,GW,26.29
Germany,2007,Fuel,GW,3.39
Germany,2007,Fuel,GW,51.29
Germany,2007,Fuel,GW,20.54
Germany,2007,Fuel,GW,5.14
Germany,2007,Fuel,GW,20.21
Germany,2007,Fuel,GW,1.51
Germany,2007,Fuel,GW,0.62
Germany,2007,Fuel,GW,4.17
Germany,2007,Fuel,GW,22.12
Germany,2007,Demand,TWh,614.54
Germany,2007,Demand per capita,MWh,7.56
Germany,2007,Aggregate fuel,%,36.44
Germany,2007,Aggregate fuel,%,63.56
Germany,2007,Aggregate fuel,%,16.48
Germany,2007,Aggregate fuel,%,7.25
Germany,2007,Aggregate fuel,%,14.17
Germany,2007,Aggregate fuel,%,6.92
Germany,2007,Aggregate fuel,TWh,229.97
Germany,2007,Aggregate fuel,TWh,401.13
Germany,2007,Aggregate fuel,TWh,104.03
Germany,2007,Aggregate fuel,TWh,45.79
Germany,2007,Aggregate fuel,TWh,89.44
Germany,2007,Aggregate fuel,TWh,43.65
Germany,2007,Fuel,%,3.9
Germany,2007,Fuel,%,47.08
Germany,2007,Fuel,%,12.27
Germany,2007,Fuel,%,3.35
Germany,2007,Fuel,%,22.27
Germany,2007,Fuel,%,4.21
Germany,2007,Fuel,%,0.0
Germany,2007,Fuel,%,0.5
Germany,2007,Fuel,%,6.42
Germany,2007,Fuel,TWh,24.62
Germany,2007,Fuel,TWh,297.1
Germany,2007,Fuel,TWh,77.45
Germany,2007,Fuel,TWh,21.17
Germany,2007,Fuel,TWh,140.53
Germany,2007,Fuel,TWh,26.58
Germany,2007,Fuel,TWh,0.0
Germany,2007,Fuel,TWh,3.14
Germany,2007,Fuel,TWh,40.51
Germany,2007,Total,TWh,631.1
Germany,2007,Electricity imports,TWh,-16.56
Germany,2007,Aggregate fuel,mtCO2,7.15
Germany,2007,Aggregate fuel,mtCO2,341.1
Germany,2007,Aggregate fuel,mtCO2,50.89
Germany,2007,Aggregate fuel,mtCO2,5.82
Germany,2007,Aggregate fuel,mtCO2,6.47
Germany,2007,Aggregate fuel,mtCO2,0.65
Germany,2007,CO2 intensity,gCO2/kWh,551.81
Germany,2007,Fuel,mtCO2,5.32
Germany,2007,Fuel,mtCO2,290.21
Germany,2007,Fuel,mtCO2,33.4
Germany,2007,Fuel,mtCO2,0.5
Germany,2007,Fuel,mtCO2,0.68
Germany,2007,Fuel,mtCO2,17.49
Germany,2007,Fuel,mtCO2,0.0
Germany,2007,Fuel,mtCO2,0.15
Germany,2007,Fuel,mtCO2,0.5
Germany,2007,Total,mtCO2,348.25
Germany,2008,Aggregate fuel,GW,58.93
Germany,2008,Aggregate fuel,GW,74.18
Germany,2008,Aggregate fuel,GW,22.89
Germany,2008,Aggregate fuel,GW,9.53
Germany,2008,Aggregate fuel,GW,38.44
Germany,2008,Aggregate fuel,GW,28.91
Germany,2008,Fuel,GW,3.68
Germany,2008,Fuel,GW,51.29
Germany,2008,Fuel,GW,21.38
Germany,2008,Fuel,GW,5.16
Germany,2008,Fuel,GW,20.49
Germany,2008,Fuel,GW,1.51
Germany,2008,Fuel,GW,0.69
Germany,2008,Fuel,GW,6.12
Germany,2008,Fuel,GW,22.79
Germany,2008,Demand,TWh,612.19
Germany,2008,Demand per capita,MWh,7.55
Germany,2008,Aggregate fuel,%,38.39
Germany,2008,Aggregate fuel,%,61.59
Germany,2008,Aggregate fuel,%,18.06
Germany,2008,Aggregate fuel,%,7.66
Germany,2008,Aggregate fuel,%,14.91
Germany,2008,Aggregate fuel,%,7.25
Germany,2008,Aggregate fuel,TWh,242.86
Germany,2008,Aggregate fuel,TWh,389.43
Germany,2008,Aggregate fuel,TWh,114.22
Germany,2008,Aggregate fuel,TWh,48.48
Germany,2008,Aggregate fuel,TWh,94.37
Germany,2008,Aggregate fuel,TWh,45.89
Germany,2008,Fuel,%,4.43
Germany,2008,Fuel,%,43.53
Germany,2008,Fuel,%,13.99
Germany,2008,Fuel,%,3.23
Germany,2008,Fuel,%,23.48
Germany,2008,Fuel,%,4.07
Germany,2008,Fuel,%,0.0
Germany,2008,Fuel,%,0.71
Germany,2008,Fuel,%,6.54
Germany,2008,Fuel,TWh,28.02
Germany,2008,Fuel,TWh,275.21
Germany,2008,Fuel,TWh,88.48
Germany,2008,Fuel,TWh,20.44
Germany,2008,Fuel,TWh,148.49
Germany,2008,Fuel,TWh,25.74
Germany,2008,Fuel,TWh,0.02
Germany,2008,Fuel,TWh,4.51
Germany,2008,Fuel,TWh,41.38
Germany,2008,Total,TWh,632.29
Germany,2008,Electricity imports,TWh,-20.1
Germany,2008,Aggregate fuel,mtCO2,7.99
Germany,2008,Aggregate fuel,mtCO2,324.22
Germany,2008,Aggregate fuel,mtCO2,55.09
Germany,2008,Aggregate fuel,mtCO2,6.55
Germany,2008,Aggregate fuel,mtCO2,7.27
Germany,2008,Aggregate fuel,mtCO2,0.72
Germany,2008,CO2 intensity,gCO2/kWh,525.41
Germany,2008,Fuel,mtCO2,6.06
Germany,2008,Fuel,mtCO2,269.13
Germany,2008,Fuel,mtCO2,38.15
Germany,2008,Fuel,mtCO2,0.49
Germany,2008,Fuel,mtCO2,0.72
Germany,2008,Fuel,mtCO2,16.94
Germany,2008,Fuel,mtCO2,0.0
Germany,2008,Fuel,mtCO2,0.21
Germany,2008,Fuel,mtCO2,0.51
Germany,2008,Total,mtCO2,332.21
Germany,2009,Aggregate fuel,GW,67.72
Germany,2009,Aggregate fuel,GW,74.62
Germany,2009,Aggregate fuel,GW,23.3
Germany,2009,Aggregate fuel,GW,10.94
Germany,2009,Aggregate fuel,GW,47.24
Germany,2009,Aggregate fuel,GW,36.3
Germany,2009,Fuel,GW,4.87
Germany,2009,Fuel,GW,51.32
Germany,2009,Fuel,GW,21.79
Germany,2009,Fuel,GW,5.34
Germany,2009,Fuel,GW,20.48
Germany,2009,Fuel,GW,1.51
Germany,2009,Fuel,GW,0.73
Germany,2009,Fuel,GW,10.57
Germany,2009,Fuel,GW,25.73
Germany,2009,Demand,TWh,575.69
Germany,2009,Demand per capita,MWh,7.11
Germany,2009,Aggregate fuel,%,39.28
Germany,2009,Aggregate fuel,%,60.71
Germany,2009,Aggregate fuel,%,17.6
Germany,2009,Aggregate fuel,%,8.49
Germany,2009,Aggregate fuel,%,16.33
Germany,2009,Aggregate fuel,%,7.84
Germany,2009,Aggregate fuel,TWh,231.01
Germany,2009,Aggregate fuel,TWh,356.95
Germany,2009,Aggregate fuel,TWh,103.5
Germany,2009,Aggregate fuel,TWh,49.94
Germany,2009,Aggregate fuel,TWh,96.08
Germany,2009,Aggregate fuel,TWh,46.14
Germany,2009,Fuel,%,5.25
Germany,2009,Fuel,%,43.11
Germany,2009,Fuel,%,13.65
Germany,2009,Fuel,%,3.24
Germany,2009,Fuel,%,22.95
Germany,2009,Fuel,%,3.95
Germany,2009,Fuel,%,0.0
Germany,2009,Fuel,%,1.14
Germany,2009,Fuel,%,6.7
Germany,2009,Fuel,TWh,30.89
Germany,2009,Fuel,TWh,253.45
Germany,2009,Fuel,TWh,80.27
Germany,2009,Fuel,TWh,19.03
Germany,2009,Fuel,TWh,134.93
Germany,2009,Fuel,TWh,23.23
Germany,2009,Fuel,TWh,0.02
Germany,2009,Fuel,TWh,6.72
Germany,2009,Fuel,TWh,39.42
Germany,2009,Total,TWh,587.96
Germany,2009,Electricity imports,TWh,-12.27
Germany,2009,Aggregate fuel,mtCO2,8.58
Germany,2009,Aggregate fuel,mtCO2,298.07
Germany,2009,Aggregate fuel,mtCO2,49.9
Germany,2009,Aggregate fuel,mtCO2,7.13
Germany,2009,Aggregate fuel,mtCO2,7.93
Germany,2009,Aggregate fuel,mtCO2,0.8
Germany,2009,CO2 intensity,gCO2/kWh,521.55
Germany,2009,Fuel,mtCO2,6.68
Germany,2009,Fuel,mtCO2,248.17
Germany,2009,Fuel,mtCO2,34.61
Germany,2009,Fuel,mtCO2,0.45
Germany,2009,Fuel,mtCO2,0.65
Germany,2009,Fuel,mtCO2,15.29
Germany,2009,Fuel,mtCO2,0.0
Germany,2009,Fuel,mtCO2,0.32
Germany,2009,Fuel,mtCO2,0.48
Germany,2009,Total,mtCO2,306.65
Germany,2010,Aggregate fuel,GW,77.02
Germany,2010,Aggregate fuel,GW,77.03
Germany,2010,Aggregate fuel,GW,25.71
Germany,2010,Aggregate fuel,GW,11.64
Germany,2010,Aggregate fuel,GW,56.55
Germany,2010,Aggregate fuel,GW,44.91
Germany,2010,Fuel,GW,5.46
Germany,2010,Fuel,GW,51.32
Germany,2010,Fuel,GW,24.12
Germany,2010,Fuel,GW,5.41
Germany,2010,Fuel,GW,20.47
Germany,2010,Fuel,GW,1.59
Germany,2010,Fuel,GW,0.77
Germany,2010,Fuel,GW,18.01
Germany,2010,Fuel,GW,26.9
Germany,2010,Demand,TWh,609.26
Germany,2010,Demand per capita,MWh,7.54
Germany,2010,Aggregate fuel,%,39.41
Germany,2010,Aggregate fuel,%,60.6
Germany,2010,Aggregate fuel,%,18.48
Germany,2010,Aggregate fuel,%,8.79
Germany,2010,Aggregate fuel,%,16.89
Germany,2010,Aggregate fuel,%,8.1
Germany,2010,Aggregate fuel,TWh,245.97
Germany,2010,Aggregate fuel,TWh,378.24
Germany,2010,Aggregate fuel,TWh,115.35
Germany,2010,Aggregate fuel,TWh,54.9
Germany,2010,Aggregate fuel,TWh,105.41
Germany,2010,Aggregate fuel,TWh,50.51
Germany,2010,Fuel,%,5.43
Germany,2010,Fuel,%,42.12
Germany,2010,Fuel,%,14.22
Germany,2010,Fuel,%,3.36
Germany,2010,Fuel,%,22.52
Germany,2010,Fuel,%,4.26
Germany,2010,Fuel,%,0.0
Germany,2010,Fuel,%,1.92
Germany,2010,Fuel,%,6.18
Germany,2010,Fuel,TWh,33.92
Germany,2010,Fuel,TWh,262.89
Germany,2010,Fuel,TWh,88.76
Germany,2010,Fuel,TWh,20.95
Germany,2010,Fuel,TWh,140.56
Germany,2010,Fuel,TWh,26.59
Germany,2010,Fuel,TWh,0.03
Germany,2010,Fuel,TWh,11.96
Germany,2010,Fuel,TWh,38.55
Germany,2010,Total,TWh,624.21
Germany,2010,Electricity imports,TWh,-14.95
Germany,2010,Aggregate fuel,mtCO2,9.55
Germany,2010,Aggregate fuel,mtCO2,312.95
Germany,2010,Aggregate fuel,mtCO2,55.77
Germany,2010,Aggregate fuel,mtCO2,7.83
Germany,2010,Aggregate fuel,mtCO2,8.87
Germany,2010,Aggregate fuel,mtCO2,1.04
Germany,2010,CO2 intensity,gCO2/kWh,516.65
Germany,2010,Fuel,mtCO2,7.33
Germany,2010,Fuel,mtCO2,257.18
Germany,2010,Fuel,mtCO2,38.27
Germany,2010,Fuel,mtCO2,0.5
Germany,2010,Fuel,mtCO2,0.68
Germany,2010,Fuel,mtCO2,17.5
Germany,2010,Fuel,mtCO2,0.0
Germany,2010,Fuel,mtCO2,0.57
Germany,2010,Fuel,mtCO2,0.47
Germany,2010,Total,mtCO2,322.5
Germany,2011,Aggregate fuel,GW,87.8
Germany,2011,Aggregate fuel,GW,77.23
Germany,2011,Aggregate fuel,GW,26.66
Germany,2011,Aggregate fuel,GW,12.79
Germany,2011,Aggregate fuel,GW,67.33
Germany,2011,Aggregate fuel,GW,54.54
Germany,2011,Fuel,GW,6.42
Germany,2011,Fuel,GW,50.57
Germany,2011,Fuel,GW,25.07
Germany,2011,Fuel,GW,5.62
Germany,2011,Fuel,GW,20.47
Germany,2011,Fuel,GW,1.59
Germany,2011,Fuel,GW,0.75
Germany,2011,Fuel,GW,25.83
Germany,2011,Fuel,GW,28.71
Germany,2011,Demand,TWh,601.23
Germany,2011,Demand per capita,MWh,7.44
Germany,2011,Aggregate fuel,%,38.41
Germany,2011,Aggregate fuel,%,61.58
Germany,2011,Aggregate fuel,%,18.2
Germany,2011,Aggregate fuel,%,9.02
Germany,2011,Aggregate fuel,%,20.56
Germany,2011,Aggregate fuel,%,11.54
Germany,2011,Aggregate fuel,TWh,232.4
Germany,2011,Aggregate fuel,TWh,372.6
Germany,2011,Aggregate fuel,TWh,110.14
Germany,2011,Aggregate fuel,TWh,54.58
Germany,2011,Aggregate fuel,TWh,124.43
Germany,2011,Aggregate fuel,TWh,69.85
Germany,2011,Fuel,%,6.1
Germany,2011,Fuel,%,43.38
Germany,2011,Fuel,%,14.16
Germany,2011,Fuel,%,2.92
Germany,2011,Fuel,%,17.85
Germany,2011,Fuel,%,4.04
Germany,2011,Fuel,%,0.0
Germany,2011,Fuel,%,3.3
Germany,2011,Fuel,%,8.24
Germany,2011,Fuel,TWh,36.89
Germany,2011,Fuel,TWh,262.46
Germany,2011,Fuel,TWh,85.67
Germany,2011,Fuel,TWh,17.67
Germany,2011,Fuel,TWh,107.97
Germany,2011,Fuel,TWh,24.47
Germany,2011,Fuel,TWh,0.02
Germany,2011,Fuel,TWh,19.99
Germany,2011,Fuel,TWh,49.86
Germany,2011,Total,TWh,605.0
Germany,2011,Electricity imports,TWh,-3.77
Germany,2011,Aggregate fuel,mtCO2,10.48
Germany,2011,Aggregate fuel,mtCO2,309.97
Germany,2011,Aggregate fuel,mtCO2,53.04
Germany,2011,Aggregate fuel,mtCO2,8.4
Germany,2011,Aggregate fuel,mtCO2,9.96
Germany,2011,Aggregate fuel,mtCO2,1.56
Germany,2011,CO2 intensity,gCO2/kWh,529.67
Germany,2011,Fuel,mtCO2,7.98
Germany,2011,Fuel,mtCO2,256.93
Germany,2011,Fuel,mtCO2,36.94
Germany,2011,Fuel,mtCO2,0.42
Germany,2011,Fuel,mtCO2,0.52
Germany,2011,Fuel,mtCO2,16.1
Germany,2011,Fuel,mtCO2,0.0
Germany,2011,Fuel,mtCO2,0.95
Germany,2011,Fuel,mtCO2,0.61
Germany,2011,Total,mtCO2,320.45
Germany,2012,Aggregate fuel,GW,89.92
Germany,2012,Aggregate fuel,GW,77.33
Germany,2012,Aggregate fuel,GW,26.84
Germany,2012,Aggregate fuel,GW,13.1
Germany,2012,Aggregate fuel,GW,77.85
Germany,2012,Aggregate fuel,GW,64.75
Germany,2012,Fuel,GW,6.76
Germany,2012,Fuel,GW,50.49
Germany,2012,Fuel,GW,25.25
Germany,2012,Fuel,GW,5.61
Germany,2012,Fuel,GW,12.07
Germany,2012,Fuel,GW,1.59
Germany,2012,Fuel,GW,0.73
Germany,2012,Fuel,GW,33.77
Germany,2012,Fuel,GW,30.98
Germany,2012,Demand,TWh,599.27
Germany,2012,Demand per capita,MWh,7.41
Germany,2012,Aggregate fuel,%,39.18
Germany,2012,Aggregate fuel,%,60.82
Germany,2012,Aggregate fuel,%,16.25
Germany,2012,Aggregate fuel,%,10.48
Germany,2012,Aggregate fuel,%,23.13
Germany,2012,Aggregate fuel,%,12.65
Germany,2012,Aggregate fuel,TWh,242.86
Germany,2012,Aggregate fuel,TWh,376.95
Germany,2012,Aggregate fuel,TWh,100.72
Germany,2012,Aggregate fuel,TWh,64.98
Germany,2012,Aggregate fuel,TWh,143.4
Germany,2012,Aggregate fuel,TWh,78.42
Germany,2012,Fuel,%,6.97
Germany,2012,Fuel,%,44.57
Germany,2012,Fuel,%,12.25
Germany,2012,Fuel,%,3.51
Germany,2012,Fuel,%,16.05
Germany,2012,Fuel,%,4.0
Germany,2012,Fuel,%,0.0
Germany,2012,Fuel,%,4.31
Germany,2012,Fuel,%,8.34
Germany,2012,Fuel,TWh,43.2
Germany,2012,Fuel,TWh,276.23
Germany,2012,Fuel,TWh,75.95
Germany,2012,Fuel,TWh,21.75
Germany,2012,Fuel,TWh,99.46
Germany,2012,Fuel,TWh,24.77
Germany,2012,Fuel,TWh,0.03
Germany,2012,Fuel,TWh,26.74
Germany,2012,Fuel,TWh,51.68
Germany,2012,Total,TWh,619.81
Germany,2012,Electricity imports,TWh,-20.54
Germany,2012,Aggregate fuel,mtCO2,12.25
Germany,2012,Aggregate fuel,mtCO2,318.83
Germany,2012,Aggregate fuel,mtCO2,49.05
Germany,2012,Aggregate fuel,mtCO2,9.86
Germany,2012,Aggregate fuel,mtCO2,11.77
Germany,2012,Aggregate fuel,mtCO2,1.91
Germany,2012,CO2 intensity,gCO2/kWh,534.16
Germany,2012,Fuel,mtCO2,9.34
Germany,2012,Fuel,mtCO2,269.78
Germany,2012,Fuel,mtCO2,32.75
Germany,2012,Fuel,mtCO2,0.52
Germany,2012,Fuel,mtCO2,0.48
Germany,2012,Fuel,mtCO2,16.3
Germany,2012,Fuel,mtCO2,0.0
Germany,2012,Fuel,mtCO2,1.27
Germany,2012,Fuel,mtCO2,0.64
Germany,2012,Total,mtCO2,331.08
Germany,2013,Aggregate fuel,GW,95.41
Germany,2013,Aggregate fuel,GW,79.27
Germany,2013,Aggregate fuel,GW,28.5
Germany,2013,Aggregate fuel,GW,13.58
Germany,2013,Aggregate fuel,GW,83.34
Germany,2013,Aggregate fuel,GW,69.76
Germany,2013,Fuel,GW,7.03
Germany,2013,Fuel,GW,50.77
Germany,2013,Fuel,GW,26.45
Germany,2013,Fuel,GW,5.59
Germany,2013,Fuel,GW,12.07
Germany,2013,Fuel,GW,2.05
Germany,2013,Fuel,GW,0.96
Germany,2013,Fuel,GW,36.28
Germany,2013,Fuel,GW,33.48
Germany,2013,Demand,TWh,597.5
Germany,2013,Demand per capita,MWh,7.37
Germany,2013,Aggregate fuel,%,39.58
Germany,2013,Aggregate fuel,%,60.42
Germany,2013,Aggregate fuel,%,14.65
Germany,2013,Aggregate fuel,%,10.89
Germany,2013,Aggregate fuel,%,24.13
Germany,2013,Aggregate fuel,%,13.24
Germany,2013,Aggregate fuel,TWh,249.24
Germany,2013,Aggregate fuel,TWh,380.45
Germany,2013,Aggregate fuel,TWh,92.25
Germany,2013,Aggregate fuel,TWh,68.59
Germany,2013,Aggregate fuel,TWh,151.95
Germany,2013,Aggregate fuel,TWh,83.36
Germany,2013,Fuel,%,7.23
Germany,2013,Fuel,%,45.77
Germany,2013,Fuel,%,10.64
Germany,2013,Fuel,%,3.65
Germany,2013,Fuel,%,15.45
Germany,2013,Fuel,%,4.01
Germany,2013,Fuel,%,0.01
Germany,2013,Fuel,%,4.86
Germany,2013,Fuel,%,8.38
Germany,2013,Fuel,TWh,45.51
Germany,2013,Fuel,TWh,288.2
Germany,2013,Fuel,TWh,67.0
Germany,2013,Fuel,TWh,23.0
Germany,2013,Fuel,TWh,97.29
Germany,2013,Fuel,TWh,25.25
Germany,2013,Fuel,TWh,0.08
Germany,2013,Fuel,TWh,30.62
Germany,2013,Fuel,TWh,52.74
Germany,2013,Total,TWh,629.69
Germany,2013,Electricity imports,TWh,-32.19
Germany,2013,Aggregate fuel,mtCO2,12.97
Germany,2013,Aggregate fuel,mtCO2,325.83
Germany,2013,Aggregate fuel,mtCO2,45.5
Germany,2013,Aggregate fuel,mtCO2,10.39
Germany,2013,Aggregate fuel,mtCO2,12.5
Germany,2013,Aggregate fuel,mtCO2,2.11
Germany,2013,CO2 intensity,gCO2/kWh,538.04
Germany,2013,Fuel,mtCO2,9.84
Germany,2013,Fuel,mtCO2,280.33
Germany,2013,Fuel,mtCO2,28.89
Germany,2013,Fuel,mtCO2,0.55
Germany,2013,Fuel,mtCO2,0.47
Germany,2013,Fuel,mtCO2,16.61
Germany,2013,Fuel,mtCO2,0.0
Germany,2013,Fuel,mtCO2,1.46
Germany,2013,Fuel,mtCO2,0.65
Germany,2013,Total,mtCO2,338.8
Germany,2014,Aggregate fuel,GW,101.89
Germany,2014,Aggregate fuel,GW,78.89
Germany,2014,Aggregate fuel,GW,28.74
Germany,2014,Aggregate fuel,GW,13.81
Germany,2014,Aggregate fuel,GW,89.82
Germany,2014,Aggregate fuel,GW,76.01
Germany,2014,Fuel,GW,7.26
Germany,2014,Fuel,GW,50.15
Germany,2014,Fuel,GW,26.69
Germany,2014,Fuel,GW,5.58
Germany,2014,Fuel,GW,12.07
Germany,2014,Fuel,GW,2.05
Germany,2014,Fuel,GW,0.97
Germany,2014,Fuel,GW,37.4
Germany,2014,Fuel,GW,38.61
Germany,2014,Demand,TWh,584.87
Germany,2014,Demand per capita,MWh,7.19
Germany,2014,Aggregate fuel,%,41.87
Germany,2014,Aggregate fuel,%,58.14
Germany,2014,Aggregate fuel,%,13.79
Germany,2014,Aggregate fuel,%,10.99
Germany,2014,Aggregate fuel,%,26.17
Germany,2014,Aggregate fuel,%,15.18
Germany,2014,Aggregate fuel,TWh,259.06
Germany,2014,Aggregate fuel,TWh,359.69
Germany,2014,Aggregate fuel,TWh,85.28
Germany,2014,Aggregate fuel,TWh,67.98
Germany,2014,Aggregate fuel,TWh,161.93
Germany,2014,Aggregate fuel,TWh,93.95
Germany,2014,Fuel,%,7.8
Germany,2014,Fuel,%,44.35
Germany,2014,Fuel,%,9.8
Germany,2014,Fuel,%,3.17
Germany,2014,Fuel,%,15.7
Germany,2014,Fuel,%,3.99
Germany,2014,Fuel,%,0.02
Germany,2014,Fuel,%,5.73
Germany,2014,Fuel,%,9.45
Germany,2014,Fuel,TWh,48.29
Germany,2014,Fuel,TWh,274.41
Germany,2014,Fuel,TWh,60.61
Germany,2014,Fuel,TWh,19.59
Germany,2014,Fuel,TWh,97.13
Germany,2014,Fuel,TWh,24.67
Germany,2014,Fuel,TWh,0.1
Germany,2014,Fuel,TWh,35.45
Germany,2014,Fuel,TWh,58.5
Germany,2014,Total,TWh,618.75
Germany,2014,Electricity imports,TWh,-33.88
Germany,2014,Aggregate fuel,mtCO2,13.78
Germany,2014,Aggregate fuel,mtCO2,309.01
Germany,2014,Aggregate fuel,mtCO2,42.36
Germany,2014,Aggregate fuel,mtCO2,10.91
Germany,2014,Aggregate fuel,mtCO2,13.31
Germany,2014,Aggregate fuel,mtCO2,2.4
Germany,2014,CO2 intensity,gCO2/kWh,521.68
Germany,2014,Fuel,mtCO2,10.44
Germany,2014,Fuel,mtCO2,266.65
Germany,2014,Fuel,mtCO2,26.13
Germany,2014,Fuel,mtCO2,0.47
Germany,2014,Fuel,mtCO2,0.47
Germany,2014,Fuel,mtCO2,16.23
Germany,2014,Fuel,mtCO2,0.0
Germany,2014,Fuel,mtCO2,1.68
Germany,2014,Fuel,mtCO2,0.72
Germany,2014,Total,mtCO2,322.79
Germany,2015,Aggregate fuel,GW,108.03
Germany,2015,Aggregate fuel,GW,81.53
Germany,2015,Aggregate fuel,GW,29.07
Germany,2015,Aggregate fuel,GW,14.05
Germany,2015,Aggregate fuel,GW,97.23
Germany,2015,Aggregate fuel,GW,83.18
Germany,2015,Fuel,GW,7.47
Germany,2015,Fuel,GW,52.46
Germany,2015,Fuel,GW,26.99
Germany,2015,Fuel,GW,5.59
Germany,2015,Fuel,GW,10.8
Germany,2015,Fuel,GW,2.08
Germany,2015,Fuel,GW,0.99
Germany,2015,Fuel,GW,38.6
Germany,2015,Fuel,GW,44.58
Germany,2015,Demand,TWh,590.89
Germany,2015,Demand per capita,MWh,7.2
Germany,2015,Aggregate fuel,%,43.79
Germany,2015,Aggregate fuel,%,56.21
Germany,2015,Aggregate fuel,%,13.62
Germany,2015,Aggregate fuel,%,10.86
Germany,2015,Aggregate fuel,%,29.43
Germany,2015,Aggregate fuel,%,18.57
Germany,2015,Aggregate fuel,TWh,279.93
Germany,2015,Aggregate fuel,TWh,359.24
Germany,2015,Aggregate fuel,TWh,87.04
Germany,2015,Aggregate fuel,TWh,69.44
Germany,2015,Aggregate fuel,TWh,188.14
Germany,2015,Aggregate fuel,TWh,118.7
Germany,2015,Fuel,%,7.87
Germany,2015,Fuel,%,42.59
Germany,2015,Fuel,%,9.62
Germany,2015,Fuel,%,2.97
Germany,2015,Fuel,%,14.36
Germany,2015,Fuel,%,4.0
Germany,2015,Fuel,%,0.02
Germany,2015,Fuel,%,5.96
Germany,2015,Fuel,%,12.61
Germany,2015,Fuel,TWh,50.33
Germany,2015,Fuel,TWh,272.2
Germany,2015,Fuel,TWh,61.47
Germany,2015,Fuel,TWh,18.98
Germany,2015,Fuel,TWh,91.79
Germany,2015,Fuel,TWh,25.57
Germany,2015,Fuel,TWh,0.13
Germany,2015,Fuel,TWh,38.08
Germany,2015,Fuel,TWh,80.62
Germany,2015,Total,TWh,639.17
Germany,2015,Electricity imports,TWh,-48.28
Germany,2015,Aggregate fuel,mtCO2,14.58
Germany,2015,Aggregate fuel,mtCO2,307.3
Germany,2015,Aggregate fuel,mtCO2,43.34
Germany,2015,Aggregate fuel,mtCO2,11.33
Germany,2015,Aggregate fuel,mtCO2,14.14
Germany,2015,Aggregate fuel,mtCO2,2.81
Germany,2015,CO2 intensity,gCO2/kWh,503.59
Germany,2015,Fuel,mtCO2,10.88
Germany,2015,Fuel,mtCO2,263.96
Germany,2015,Fuel,mtCO2,26.51
Germany,2015,Fuel,mtCO2,0.45
Germany,2015,Fuel,mtCO2,0.44
Germany,2015,Fuel,mtCO2,16.83
Germany,2015,Fuel,mtCO2,0.0
Germany,2015,Fuel,mtCO2,1.81
Germany,2015,Fuel,mtCO2,1.0
Germany,2015,Total,mtCO2,321.88
Germany,2016,Aggregate fuel,GW,114.47
Germany,2016,Aggregate fuel,GW,82.59
Germany,2016,Aggregate fuel,GW,30.81
Germany,2016,Aggregate fuel,GW,14.32
Germany,2016,Aggregate fuel,GW,103.67
Germany,2016,Aggregate fuel,GW,89.35
Germany,2016,Fuel,GW,7.68
Germany,2016,Fuel,GW,51.78
Germany,2016,Fuel,GW,28.73
Germany,2016,Fuel,GW,5.63
Germany,2016,Fuel,GW,10.8
Germany,2016,Fuel,GW,2.08
Germany,2016,Fuel,GW,1.01
Germany,2016,Fuel,GW,39.91
Germany,2016,Fuel,GW,49.44
Germany,2016,Demand,TWh,591.0
Germany,2016,Demand per capita,MWh,7.14
Germany,2016,Aggregate fuel,%,42.67
Germany,2016,Aggregate fuel,%,57.33
Germany,2016,Aggregate fuel,%,16.53
Germany,2016,Aggregate fuel,%,11.17
Germany,2016,Aggregate fuel,%,29.48
Germany,2016,Aggregate fuel,%,18.31
Germany,2016,Aggregate fuel,TWh,273.76
Germany,2016,Aggregate fuel,TWh,367.76
Germany,2016,Aggregate fuel,TWh,106.01
Germany,2016,Aggregate fuel,TWh,71.65
Germany,2016,Aggregate fuel,TWh,189.13
Germany,2016,Aggregate fuel,TWh,117.48
Germany,2016,Fuel,%,7.94
Germany,2016,Fuel,%,40.8
Germany,2016,Fuel,%,12.57
Germany,2016,Fuel,%,3.2
Germany,2016,Fuel,%,13.19
Germany,2016,Fuel,%,3.96
Germany,2016,Fuel,%,0.03
Germany,2016,Fuel,%,5.85
Germany,2016,Fuel,%,12.46
Germany,2016,Fuel,TWh,50.93
Germany,2016,Fuel,TWh,261.75
Germany,2016,Fuel,TWh,80.62
Germany,2016,Fuel,TWh,20.55
Germany,2016,Fuel,TWh,84.63
Germany,2016,Fuel,TWh,25.39
Germany,2016,Fuel,TWh,0.17
Germany,2016,Fuel,TWh,37.56
Germany,2016,Fuel,TWh,79.92
Germany,2016,Total,TWh,641.52
Germany,2016,Electricity imports,TWh,-50.52
Germany,2016,Aggregate fuel,mtCO2,14.69
Germany,2016,Aggregate fuel,mtCO2,304.98
Germany,2016,Aggregate fuel,mtCO2,51.47
Germany,2016,Aggregate fuel,mtCO2,11.51
Germany,2016,Aggregate fuel,mtCO2,14.28
Germany,2016,Aggregate fuel,mtCO2,2.77
Germany,2016,CO2 intensity,gCO2/kWh,498.3
Germany,2016,Fuel,mtCO2,11.01
Germany,2016,Fuel,mtCO2,253.51
Germany,2016,Fuel,mtCO2,34.76
Germany,2016,Fuel,mtCO2,0.49
Germany,2016,Fuel,mtCO2,0.41
Germany,2016,Fuel,mtCO2,16.71
Germany,2016,Fuel,mtCO2,0.01
Germany,2016,Fuel,mtCO2,1.78
Germany,2016,Fuel,mtCO2,0.99
Germany,2016,Total,mtCO2,319.67
Germany,2017,Aggregate fuel,GW,122.43
Germany,2017,Aggregate fuel,GW,79.47
Germany,2017,Aggregate fuel,GW,31.04
Germany,2017,Aggregate fuel,GW,14.65
Germany,2017,Aggregate fuel,GW,111.63
Germany,2017,Aggregate fuel,GW,96.98
Germany,2017,Fuel,GW,7.98
Germany,2017,Fuel,GW,48.43
Germany,2017,Fuel,GW,28.96
Germany,2017,Fuel,GW,5.63
Germany,2017,Fuel,GW,10.8
Germany,2017,Fuel,GW,2.08
Germany,2017,Fuel,GW,1.04
Germany,2017,Fuel,GW,41.4
Germany,2017,Fuel,GW,55.58
Germany,2017,Demand,TWh,592.0
Germany,2017,Demand per capita,MWh,7.12
Germany,2017,Aggregate fuel,%,45.3
Germany,2017,Aggregate fuel,%,54.69
Germany,2017,Aggregate fuel,%,17.25
Germany,2017,Aggregate fuel,%,11.05
Germany,2017,Aggregate fuel,%,33.46
Germany,2017,Aggregate fuel,%,22.41
Germany,2017,Aggregate fuel,TWh,292.0
Germany,2017,Aggregate fuel,TWh,352.46
Germany,2017,Aggregate fuel,TWh,111.2
Germany,2017,Aggregate fuel,TWh,71.23
Germany,2017,Aggregate fuel,TWh,215.68
Germany,2017,Aggregate fuel,TWh,144.45
Germany,2017,Fuel,%,7.9
Germany,2017,Fuel,%,37.44
Germany,2017,Fuel,%,13.35
Germany,2017,Fuel,%,3.13
Germany,2017,Fuel,%,11.84
Germany,2017,Fuel,%,3.9
Germany,2017,Fuel,%,0.02
Germany,2017,Fuel,%,6.01
Germany,2017,Fuel,%,16.4
Germany,2017,Fuel,TWh,50.92
Germany,2017,Fuel,TWh,241.26
Germany,2017,Fuel,TWh,86.04
Germany,2017,Fuel,TWh,20.15
Germany,2017,Fuel,TWh,76.32
Germany,2017,Fuel,TWh,25.16
Germany,2017,Fuel,TWh,0.16
Germany,2017,Fuel,TWh,38.76
Germany,2017,Fuel,TWh,105.69
Germany,2017,Total,TWh,644.46
Germany,2017,Electricity imports,TWh,-52.46
Germany,2017,Aggregate fuel,mtCO2,15.02
Germany,2017,Aggregate fuel,mtCO2,287.69
Germany,2017,Aggregate fuel,mtCO2,53.66
Germany,2017,Aggregate fuel,mtCO2,11.5
Germany,2017,Aggregate fuel,mtCO2,14.65
Germany,2017,Aggregate fuel,mtCO2,3.15
Germany,2017,CO2 intensity,gCO2/kWh,469.71
Germany,2017,Fuel,mtCO2,11.01
Germany,2017,Fuel,mtCO2,234.03
Germany,2017,Fuel,mtCO2,37.1
Germany,2017,Fuel,mtCO2,0.48
Germany,2017,Fuel,mtCO2,0.37
Germany,2017,Fuel,mtCO2,16.56
Germany,2017,Fuel,mtCO2,0.01
Germany,2017,Fuel,mtCO2,1.84
Germany,2017,Fuel,mtCO2,1.31
Germany,2017,Total,mtCO2,302.71
Germany,2018,Aggregate fuel,GW,128.59
Germany,2018,Aggregate fuel,GW,78.5
Germany,2018,Aggregate fuel,GW,31.12
Germany,2018,Aggregate fuel,GW,15.03
Germany,2018,Aggregate fuel,GW,117.79
Germany,2018,Aggregate fuel,GW,102.76
Germany,2018,Fuel,GW,8.6
Germany,2018,Fuel,GW,47.38
Germany,2018,Fuel,GW,29.04
Germany,2018,Fuel,GW,5.33
Germany,2018,Fuel,GW,10.8
Germany,2018,Fuel,GW,2.08
Germany,2018,Fuel,GW,1.1
Germany,2018,Fuel,GW,44.04
Germany,2018,Fuel,GW,58.72
Germany,2018,Demand,TWh,583.54
Germany,2018,Demand per capita,MWh,7.0
Germany,2018,Aggregate fuel,%,47.28
Germany,2018,Aggregate fuel,%,52.73
Germany,2018,Aggregate fuel,%,16.64
Germany,2018,Aggregate fuel,%,10.86
Germany,2018,Aggregate fuel,%,35.26
Germany,2018,Aggregate fuel,%,24.4
Germany,2018,Aggregate fuel,TWh,298.93
Germany,2018,Aggregate fuel,TWh,333.35
Germany,2018,Aggregate fuel,TWh,105.19
Germany,2018,Aggregate fuel,TWh,68.66
Germany,2018,Aggregate fuel,TWh,222.93
Germany,2018,Aggregate fuel,TWh,154.27
Germany,2018,Fuel,%,8.03
Germany,2018,Fuel,%,36.09
Germany,2018,Fuel,%,12.9
Germany,2018,Fuel,%,2.8
Germany,2018,Fuel,%,12.02
Germany,2018,Fuel,%,3.74
Germany,2018,Fuel,%,0.03
Germany,2018,Fuel,%,7.01
Germany,2018,Fuel,%,17.39
Germany,2018,Fuel,TWh,50.79
Germany,2018,Fuel,TWh,228.16
Germany,2018,Fuel,TWh,81.56
Germany,2018,Fuel,TWh,17.69
Germany,2018,Fuel,TWh,76.0
Germany,2018,Fuel,TWh,23.63
Germany,2018,Fuel,TWh,0.18
Germany,2018,Fuel,TWh,44.32
Germany,2018,Fuel,TWh,109.95
Germany,2018,Total,TWh,632.28
Germany,2018,Electricity imports,TWh,-48.74
Germany,2018,Aggregate fuel,mtCO2,15.26
Germany,2018,Aggregate fuel,mtCO2,272.14
Germany,2018,Aggregate fuel,mtCO2,50.72
Germany,2018,Aggregate fuel,mtCO2,11.41
Germany,2018,Aggregate fuel,mtCO2,14.89
Germany,2018,Aggregate fuel,mtCO2,3.48
Germany,2018,CO2 intensity,gCO2/kWh,454.55
Germany,2018,Fuel,mtCO2,10.98
Germany,2018,Fuel,mtCO2,221.42
Germany,2018,Fuel,mtCO2,35.17
Germany,2018,Fuel,mtCO2,0.42
Germany,2018,Fuel,mtCO2,0.37
Germany,2018,Fuel,mtCO2,15.55
Germany,2018,Fuel,mtCO2,0.01
Germany,2018,Fuel,mtCO2,2.11
Germany,2018,Fuel,mtCO2,1.37
Germany,2018,Total,mtCO2,287.4
Germany,2019,Aggregate fuel,GW,133.16
Germany,2019,Aggregate fuel,GW,77.66
Germany,2019,Aggregate fuel,GW,31.53
Germany,2019,Aggregate fuel,GW,15.41
Germany,2019,Aggregate fuel,GW,123.64
Germany,2019,Aggregate fuel,GW,108.23
Germany,2019,Fuel,GW,8.91
Germany,2019,Fuel,GW,46.13
Germany,2019,Fuel,GW,29.45
Germany,2019,Fuel,GW,5.38
Germany,2019,Fuel,GW,9.52
Germany,2019,Fuel,GW,2.08
Germany,2019,Fuel,GW,1.12
Germany,2019,Fuel,GW,47.49
Germany,2019,Fuel,GW,60.74
Germany,2019,Demand,TWh,567.42
Germany,2019,Demand per capita,MWh,6.79
Germany,2019,Aggregate fuel,%,52.7
Germany,2019,Aggregate fuel,%,47.3
Germany,2019,Aggregate fuel,%,18.73
Germany,2019,Aggregate fuel,%,11.67
Germany,2019,Aggregate fuel,%,40.19
Germany,2019,Aggregate fuel,%,28.52
Germany,2019,Aggregate fuel,TWh,316.24
Germany,2019,Aggregate fuel,TWh,283.85
Germany,2019,Aggregate fuel,TWh,112.4
Germany,2019,Aggregate fuel,TWh,70.06
Germany,2019,Aggregate fuel,TWh,241.17
Germany,2019,Aggregate fuel,TWh,171.11
Germany,2019,Fuel,%,8.35
Germany,2019,Fuel,%,28.57
Germany,2019,Fuel,%,15.0
Germany,2019,Fuel,%,3.29
Germany,2019,Fuel,%,12.51
Germany,2019,Fuel,%,3.73
Germany,2019,Fuel,%,0.03
Germany,2019,Fuel,%,7.54
Germany,2019,Fuel,%,20.98
Germany,2019,Fuel,TWh,50.13
Germany,2019,Fuel,TWh,171.45
Germany,2019,Fuel,TWh,90.0
Germany,2019,Fuel,TWh,19.73
Germany,2019,Fuel,TWh,75.07
Germany,2019,Fuel,TWh,22.4
Germany,2019,Fuel,TWh,0.2
Germany,2019,Fuel,TWh,45.22
Germany,2019,Fuel,TWh,125.89
Germany,2019,Total,TWh,600.09
Germany,2019,Electricity imports,TWh,-32.67
Germany,2019,Aggregate fuel,mtCO2,15.4
Germany,2019,Aggregate fuel,mtCO2,220.14
Germany,2019,Aggregate fuel,mtCO2,53.55
Germany,2019,Aggregate fuel,mtCO2,11.32
Germany,2019,Aggregate fuel,mtCO2,15.04
Germany,2019,Aggregate fuel,mtCO2,3.72
Germany,2019,CO2 intensity,gCO2/kWh,392.51
Germany,2019,Fuel,mtCO2,10.84
Germany,2019,Fuel,mtCO2,166.59
Germany,2019,Fuel,mtCO2,38.81
Germany,2019,Fuel,mtCO2,0.47
Germany,2019,Fuel,mtCO2,0.36
Germany,2019,Fuel,mtCO2,14.74
Germany,2019,Fuel,mtCO2,0.01
Germany,2019,Fuel,mtCO2,2.15
Germany,2019,Fuel,mtCO2,1.57
Germany,2019,Total,mtCO2,235.54
Germany,2020,Aggregate fuel,GW,137.91
Germany,2020,Aggregate fuel,GW,78.67
Germany,2020,Aggregate fuel,GW,32.28
Germany,2020,Aggregate fuel,GW,15.81
Germany,2020,Aggregate fuel,GW,129.8
Germany,2020,Aggregate fuel,GW,113.99
Germany,2020,Fuel,GW,9.3
Germany,2020,Fuel,GW,46.39
Germany,2020,Fuel,GW,30.14
Germany,2020,Fuel,GW,5.45
Germany,2020,Fuel,GW,8.11
Germany,2020,Fuel,GW,2.14
Germany,2020,Fuel,GW,1.06
Germany,2020,Fuel,GW,51.79
Germany,2020,Fuel,GW,62.2
Germany,2020,Demand,TWh,547.72
Germany,2020,Demand per capita,MWh,6.55
Germany,2020,Aggregate fuel,%,55.73
Germany,2020,Aggregate fuel,%,44.26
Germany,2020,Aggregate fuel,%,20.51
Germany,2020,Aggregate fuel,%,12.33
Germany,2020,Aggregate fuel,%,44.37
Germany,2020,Aggregate fuel,%,32.04
Germany,2020,Aggregate fuel,TWh,315.87
Germany,2020,Aggregate fuel,TWh,250.88
Germany,2020,Aggregate fuel,TWh,116.28
Germany,2020,Aggregate fuel,TWh,69.88
Germany,2020,Aggregate fuel,TWh,251.49
Germany,2020,Aggregate fuel,TWh,181.61
Germany,2020,Fuel,%,8.99
Germany,2020,Fuel,%,23.75
Germany,2020,Fuel,%,16.76
Germany,2020,Fuel,%,3.3
Germany,2020,Fuel,%,11.36
Germany,2020,Fuel,%,3.75
Germany,2020,Fuel,%,0.04
Germany,2020,Fuel,%,8.73
Germany,2020,Fuel,%,23.31
Germany,2020,Fuel,TWh,50.93
Germany,2020,Fuel,TWh,134.6
Germany,2020,Fuel,TWh,95.0
Germany,2020,Fuel,TWh,18.72
Germany,2020,Fuel,TWh,64.38
Germany,2020,Fuel,TWh,21.28
Germany,2020,Fuel,TWh,0.23
Germany,2020,Fuel,TWh,49.5
Germany,2020,Fuel,TWh,132.11
Germany,2020,Total,TWh,566.75
Germany,2020,Electricity imports,TWh,-19.03
Germany,2020,Aggregate fuel,mtCO2,15.77
Germany,2020,Aggregate fuel,mtCO2,185.77
Germany,2020,Aggregate fuel,mtCO2,54.96
Germany,2020,Aggregate fuel,mtCO2,11.46
Germany,2020,Aggregate fuel,mtCO2,15.46
Germany,2020,Aggregate fuel,mtCO2,4.0
Germany,2020,CO2 intensity,gCO2/kWh,355.61
Germany,2020,Fuel,mtCO2,11.01
Germany,2020,Fuel,mtCO2,130.81
Germany,2020,Fuel,mtCO2,40.96
Germany,2020,Fuel,mtCO2,0.44
Germany,2020,Fuel,mtCO2,0.31
Germany,2020,Fuel,mtCO2,14.0
Germany,2020,Fuel,mtCO2,0.01
Germany,2020,Fuel,mtCO2,2.35
Germany,2020,Fuel,mtCO2,1.65
Germany,2020,Total,mtCO2,201.54
Germany,2021,Aggregate fuel,GW,144.61
Germany,2021,Aggregate fuel,GW,71.89
Germany,2021,Aggregate fuel,GW,32.18
Germany,2021,Aggregate fuel,GW,15.33
Germany,2021,Aggregate fuel,GW,136.5
Germany,2021,Aggregate fuel,GW,121.17
Germany,2021,Fuel,GW,8.75
Germany,2021,Fuel,GW,39.71
Germany,2021,Fuel,GW,30.29
Germany,2021,Fuel,GW,5.49
Germany,2021,Fuel,GW,8.11
Germany,2021,Fuel,GW,1.89
Germany,2021,Fuel,GW,1.09
Germany,2021,Fuel,GW,57.46
Germany,2021,Fuel,GW,63.71
Germany,2021,Demand,TWh,560.25
Germany,2021,Demand per capita,MWh,6.69
Germany,2021,Aggregate fuel,%,52.1
Germany,2021,Aggregate fuel,%,47.89
Germany,2021,Aggregate fuel,%,19.44
Germany,2021,Aggregate fuel,%,11.92
Germany,2021,Aggregate fuel,%,40.16
Germany,2021,Aggregate fuel,%,28.24
Germany,2021,Aggregate fuel,TWh,301.63
Germany,2021,Aggregate fuel,TWh,277.2
Germany,2021,Aggregate fuel,TWh,112.55
Germany,2021,Aggregate fuel,TWh,69.0
Germany,2021,Aggregate fuel,TWh,232.5
Germany,2021,Aggregate fuel,TWh,163.5
Germany,2021,Fuel,%,8.48
Germany,2021,Fuel,%,28.45
Germany,2021,Fuel,%,15.6
Germany,2021,Fuel,%,3.4
Germany,2021,Fuel,%,11.94
Germany,2021,Fuel,%,3.84
Germany,2021,Fuel,%,0.04
Germany,2021,Fuel,%,8.52
Germany,2021,Fuel,%,19.72
Germany,2021,Fuel,TWh,49.1
Germany,2021,Fuel,TWh,164.65
Germany,2021,Fuel,TWh,90.31
Germany,2021,Fuel,TWh,19.66
Germany,2021,Fuel,TWh,69.13
Germany,2021,Fuel,TWh,22.24
Germany,2021,Fuel,TWh,0.24
Germany,2021,Fuel,TWh,49.34
Germany,2021,Fuel,TWh,114.16
Germany,2021,Total,TWh,578.83
Germany,2021,Electricity imports,TWh,-18.58
Germany,2021,Aggregate fuel,mtCO2,15.19
Germany,2021,Aggregate fuel,mtCO2,213.24
Germany,2021,Aggregate fuel,mtCO2,53.57
Germany,2021,Aggregate fuel,mtCO2,11.1
Germany,2021,Aggregate fuel,mtCO2,14.86
Germany,2021,Aggregate fuel,mtCO2,3.76
Germany,2021,CO2 intensity,gCO2/kWh,394.64
Germany,2021,Fuel,mtCO2,10.62
Germany,2021,Fuel,mtCO2,159.67
Germany,2021,Fuel,mtCO2,38.94
Germany,2021,Fuel,mtCO2,0.47
Germany,2021,Fuel,mtCO2,0.33
Germany,2021,Fuel,mtCO2,14.63
Germany,2021,Fuel,mtCO2,0.01
Germany,2021,Fuel,mtCO2,2.34
Germany,2021,Fuel,mtCO2,1.42
Germany,2021,Total,mtCO2,228.43
Germany,2022,Aggregate fuel,GW,147.05
Germany,2022,Aggregate fuel,GW,73.09
Germany,2022,Aggregate fuel,GW,33.91
Germany,2022,Aggregate fuel,GW,15.46
Germany,2022,Aggregate fuel,GW,142.85
Germany,2022,Aggregate fuel,GW,127.39
Germany,2022,Fuel,GW,8.81
Germany,2022,Fuel,GW,39.18
Germany,2022,Fuel,GW,32.02
Germany,2022,Fuel,GW,5.57
Germany,2022,Fuel,GW,4.2
Germany,2022,Fuel,GW,1.89
Germany,2022,Fuel,GW,1.08
Germany,2022,Fuel,GW,61.19
Germany,2022,Fuel,GW,66.2
Germany,2022,Demand,TWh,539.62
Germany,2022,Demand per capita,MWh,6.42
Germany,2022,Aggregate fuel,%,50.5
Germany,2022,Aggregate fuel,%,49.5
Germany,2022,Aggregate fuel,%,17.76
Germany,2022,Aggregate fuel,%,11.72
Germany,2022,Aggregate fuel,%,44.38
Germany,2022,Aggregate fuel,%,32.66
Germany,2022,Aggregate fuel,TWh,286.25
Germany,2022,Aggregate fuel,TWh,280.63
Germany,2022,Aggregate fuel,TWh,100.7
Germany,2022,Aggregate fuel,TWh,66.43
Germany,2022,Aggregate fuel,TWh,251.54
Germany,2022,Aggregate fuel,TWh,185.11
Germany,2022,Fuel,%,8.57
Germany,2022,Fuel,%,31.74
Germany,2022,Fuel,%,13.94
Germany,2022,Fuel,%,3.11
Germany,2022,Fuel,%,6.12
Germany,2022,Fuel,%,3.82
Germany,2022,Fuel,%,0.04
Germany,2022,Fuel,%,10.64
Germany,2022,Fuel,%,22.02
Germany,2022,Fuel,TWh,48.6
Germany,2022,Fuel,TWh,179.93
Germany,2022,Fuel,TWh,79.05
Germany,2022,Fuel,TWh,17.62
Germany,2022,Fuel,TWh,34.71
Germany,2022,Fuel,TWh,21.65
Germany,2022,Fuel,TWh,0.21
Germany,2022,Fuel,TWh,60.3
Germany,2022,Fuel,TWh,124.81
Germany,2022,Total,TWh,566.88
Germany,2022,Electricity imports,TWh,-27.26
Germany,2022,Aggregate fuel,mtCO2,15.53
Germany,2022,Aggregate fuel,mtCO2,222.41
Germany,2022,Aggregate fuel,mtCO2,48.34
Germany,2022,Aggregate fuel,mtCO2,10.94
Germany,2022,Aggregate fuel,mtCO2,15.36
Germany,2022,Aggregate fuel,mtCO2,4.42
Germany,2022,CO2 intensity,gCO2/kWh,419.74
Germany,2022,Fuel,mtCO2,10.51
Germany,2022,Fuel,mtCO2,174.07
Germany,2022,Fuel,mtCO2,34.09
Germany,2022,Fuel,mtCO2,0.42
Germany,2022,Fuel,mtCO2,0.17
Germany,2022,Fuel,mtCO2,14.25
Germany,2022,Fuel,mtCO2,0.01
Germany,2022,Fuel,mtCO2,2.87
Germany,2022,Fuel,mtCO2,1.55
Germany,2022,Total,mtCO2,237.94
Germany,2023,Aggregate fuel,GW,159.9
Germany,2023,Aggregate fuel,GW,74.83
Germany,2023,Aggregate fuel,GW,35.76
Germany,2023,Aggregate fuel,GW,15.53
Germany,2023,Aggregate fuel,GW,159.9
Germany,2023,Aggregate fuel,GW,144.37
Germany,2023,Fuel,GW,8.86
Germany,2023,Fuel,GW,39.07
Germany,2023,Fuel,GW,33.87
Germany,2023,Fuel,GW,5.61
Germany,2023,Fuel,GW,0.0
Germany,2023,Fuel,GW,1.89
Germany,2023,Fuel,GW,1.06
Germany,2023,Fuel,GW,74.88
Germany,2023,Fuel,GW,69.49
Germany,2023,Demand,TWh,507.53
Germany,2023,Demand per capita,MWh,6.0
Germany,2023,Aggregate fuel,%,55.11
Germany,2023,Aggregate fuel,%,44.89
Germany,2023,Aggregate fuel,%,19.81
Germany,2023,Aggregate fuel,%,13.24
Germany,2023,Aggregate fuel,%,53.66
Germany,2023,Aggregate fuel,%,40.42
Germany,2023,Aggregate fuel,TWh,274.59
Germany,2023,Aggregate fuel,TWh,223.72
Germany,2023,Aggregate fuel,TWh,98.75
Germany,2023,Aggregate fuel,TWh,65.99
Germany,2023,Aggregate fuel,TWh,267.37
Germany,2023,Aggregate fuel,TWh,201.38
Germany,2023,Fuel,%,9.21
Germany,2023,Fuel,%,25.08
Germany,2023,Fuel,%,15.38
Germany,2023,Fuel,%,3.99
Germany,2023,Fuel,%,1.45
Germany,2023,Fuel,%,4.43
Germany,2023,Fuel,%,0.04
Germany,2023,Fuel,%,12.82
Germany,2023,Fuel,%,27.6
Germany,2023,Fuel,TWh,45.91
Germany,2023,Fuel,TWh,124.97
Germany,2023,Fuel,TWh,76.66
Germany,2023,Fuel,TWh,19.89
Germany,2023,Fuel,TWh,7.22
Germany,2023,Fuel,TWh,22.09
Germany,2023,Fuel,TWh,0.19
Germany,2023,Fuel,TWh,63.87
Germany,2023,Fuel,TWh,137.51
Germany,2023,Total,TWh,498.31
Germany,2023,Electricity imports,TWh,9.22
Germany,2023,Aggregate fuel,mtCO2,15.19
Germany,2023,Aggregate fuel,mtCO2,168.42
Germany,2023,Aggregate fuel,mtCO2,47.6
Germany,2023,Aggregate fuel,mtCO2,10.41
Germany,2023,Aggregate fuel,mtCO2,15.16
Germany,2023,Aggregate fuel,mtCO2,4.75
Germany,2023,CO2 intensity,gCO2/kWh,368.47
Germany,2023,Fuel,mtCO2,9.93
Germany,2023,Fuel,mtCO2,120.82
Germany,2023,Fuel,mtCO2,33.06
Germany,2023,Fuel,mtCO2,0.47
Germany,2023,Fuel,mtCO2,0.03
Germany,2023,Fuel,mtCO2,14.54
Germany,2023,Fuel,mtCO2,0.01
Germany,2023,Fuel,mtCO2,3.04
Germany,2023,Fuel,mtCO2,1.71
Germany,2023,Total,mtCO2,183.61
Germany,2024,Aggregate fuel,GW,178.65
Germany,2024,Aggregate fuel,GW,68.16
Germany,2024,Aggregate fuel,GW,35.82
Germany,2024,Aggregate fuel,GW,15.89
Germany,2024,Aggregate fuel,GW,178.65
Germany,2024,Aggregate fuel,GW,162.76
Germany,2024,Fuel,GW,9.0
Germany,2024,Fuel,GW,32.34
Germany,2024,Fuel,GW,33.93
Germany,2024,Fuel,GW,5.84
Germany,2024,Fuel,GW,0.0
Germany,2024,Fuel,GW,1.89
Germany,2024,Fuel,GW,1.05
Germany,2024,Fuel,GW,89.94
Germany,2024,Fuel,GW,72.82
Germany,2024,Demand,TWh,508.21
Germany,2024,Demand per capita,MWh,6.01
Germany,2024,Aggregate fuel,%,58.32
Germany,2024,Aggregate fuel,%,41.68
Germany,2024,Aggregate fuel,%,20.8
Germany,2024,Aggregate fuel,%,14.18
Germany,2024,Aggregate fuel,%,58.32
Germany,2024,Aggregate fuel,%,44.14
Germany,2024,Aggregate fuel,TWh,281.08
Germany,2024,Aggregate fuel,TWh,200.86
Germany,2024,Aggregate fuel,TWh,100.25
Germany,2024,Aggregate fuel,TWh,68.34
Germany,2024,Aggregate fuel,TWh,281.08
Germany,2024,Aggregate fuel,TWh,212.74
Germany,2024,Fuel,%,9.4
Germany,2024,Fuel,%,20.88
Germany,2024,Fuel,%,16.27
Germany,2024,Fuel,%,4.75
Germany,2024,Fuel,%,0.0
Germany,2024,Fuel,%,4.53
Germany,2024,Fuel,%,0.03
Germany,2024,Fuel,%,15.38
Germany,2024,Fuel,%,28.76
Germany,2024,Fuel,TWh,45.3
Germany,2024,Fuel,TWh,100.61
Germany,2024,Fuel,TWh,78.41
Germany,2024,Fuel,TWh,22.88
Germany,2024,Fuel,TWh,0.0
Germany,2024,Fuel,TWh,21.84
Germany,2024,Fuel,TWh,0.16
Germany,2024,Fuel,TWh,74.13
Germany,2024,Fuel,TWh,138.61
Germany,2024,Total,TWh,481.94
Germany,2024,Electricity imports,TWh,26.27
Germany,2024,Aggregate fuel,mtCO2,15.59
Germany,2024,Aggregate fuel,mtCO2,145.52
Germany,2024,Aggregate fuel,mtCO2,48.18
Germany,2024,Aggregate fuel,mtCO2,10.34
Germany,2024,Aggregate fuel,mtCO2,15.59
Germany,2024,Aggregate fuel,mtCO2,5.25
Germany,2024,CO2 intensity,gCO2/kWh,334.3
Germany,2024,Fuel,mtCO2,9.79
Germany,2024,Fuel,mtCO2,97.34
Germany,2024,Fuel,mtCO2,33.81
Germany,2024,Fuel,mtCO2,0.54
Germany,2024,Fuel,mtCO2,0.0
Germany,2024,Fuel,mtCO2,14.37
Germany,2024,Fuel,mtCO2,0.01
Germany,2024,Fuel,mtCO2,3.52
Germany,2024,Fuel,mtCO2,1.73
Germany,2024,Total,mtCO2,161.11
Kuwait,2000,Aggregate fuel,GW,0.0
Kuwait,2000,Aggregate fuel,GW,9.19
Kuwait,2000,Aggregate fuel,GW,9.19
Kuwait,2000,Aggregate fuel,GW,
Kuwait,2000,Aggregate fuel,GW,0.0
Kuwait,2000,Aggregate fuel,GW,0.0
Kuwait,2000,Fuel,GW,
Kuwait,2000,Fuel,GW,
Kuwait,2000,Fuel,GW,0.94
Kuwait,2000,Fuel,GW,
Kuwait,2000,Fuel,GW,
Kuwait,2000,Fuel,GW,8.25
Kuwait,2000,Fuel,GW,
Kuwait,2000,Fuel,GW,0.0
Kuwait,2000,Fuel,GW,0.0
Kuwait,2000,Demand,TWh,32.33
Kuwait,2000,Demand per capita,MWh,16.54
Kuwait,2000,Aggregate fuel,%,0.0
Kuwait,2000,Aggregate fuel,%,100.0
Kuwait,2000,Aggregate fuel,%,100.0
Kuwait,2000,Aggregate fuel,%,0.0
Kuwait,2000,Aggregate fuel,%,0.0
Kuwait,2000,Aggregate fuel,%,0.0
Kuwait,2000,Aggregate fuel,TWh,0.0
Kuwait,2000,Aggregate fuel,TWh,32.33
Kuwait,2000,Aggregate fuel,TWh,32.33
Kuwait,2000,Aggregate fuel,TWh,0.0
Kuwait,2000,Aggregate fuel,TWh,0.0
Kuwait,2000,Aggregate fuel,TWh,0.0
Kuwait,2000,Fuel,%,0.0
Kuwait,2000,Fuel,%,0.0
Kuwait,2000,Fuel,%,32.94
Kuwait,2000,Fuel,%,0.0
Kuwait,2000,Fuel,%,0.0
Kuwait,2000,Fuel,%,67.06
Kuwait,2000,Fuel,%,0.0
Kuwait,2000,Fuel,%,0.0
Kuwait,2000,Fuel,%,0.0
Kuwait,2000,Fuel,TWh,0.0
Kuwait,2000,Fuel,TWh,0.0
Kuwait,2000,Fuel,TWh,10.65
Kuwait,2000,Fuel,TWh,0.0
Kuwait,2000,Fuel,TWh,0.0
Kuwait,2000,Fuel,TWh,21.68
Kuwait,2000,Fuel,TWh,0.0
Kuwait,2000,Fuel,TWh,0.0
Kuwait,2000,Fuel,TWh,0.0
Kuwait,2000,Total,TWh,32.33
Kuwait,2000,Electricity imports,TWh,0.0
Kuwait,2000,Aggregate fuel,mtCO2,0.0
Kuwait,2000,Aggregate fuel,mtCO2,21.14
Kuwait,2000,Aggregate fuel,mtCO2,21.14
Kuwait,2000,Aggregate fuel,mtCO2,0.0
Kuwait,2000,Aggregate fuel,mtCO2,0.0
Kuwait,2000,Aggregate fuel,mtCO2,0.0
Kuwait,2000,CO2 intensity,gCO2/kWh,653.88
Kuwait,2000,Fuel,mtCO2,0.0
Kuwait,2000,Fuel,mtCO2,0.0
Kuwait,2000,Fuel,mtCO2,6.87
Kuwait,2000,Fuel,mtCO2,0.0
Kuwait,2000,Fuel,mtCO2,0.0
Kuwait,2000,Fuel,mtCO2,14.27
Kuwait,2000,Fuel,mtCO2,0.0
Kuwait,2000,Fuel,mtCO2,0.0
Kuwait,2000,Fuel,mtCO2,0.0
Kuwait,2000,Total,mtCO2,21.14
Kuwait,2001,Aggregate fuel,GW,0.0
Kuwait,2001,Aggregate fuel,GW,9.19
Kuwait,2001,Aggregate fuel,GW,9.19
Kuwait,2001,Aggregate fuel,GW,
Kuwait,2001,Aggregate fuel,GW,0.0
Kuwait,2001,Aggregate fuel,GW,0.0
Kuwait,2001,Fuel,GW,
Kuwait,2001,Fuel,GW,
Kuwait,2001,Fuel,GW,0.94
Kuwait,2001,Fuel,GW,
Kuwait,2001,Fuel,GW,
Kuwait,2001,Fuel,GW,8.25
Kuwait,2001,Fuel,GW,
Kuwait,2001,Fuel,GW,0.0
Kuwait,2001,Fuel,GW,0.0
Kuwait,2001,Demand,TWh,34.3
Kuwait,2001,Demand per capita,MWh,17.08
Kuwait,2001,Aggregate fuel,%,0.0
Kuwait,2001,Aggregate fuel,%,100.0
Kuwait,2001,Aggregate fuel,%,100.0
Kuwait,2001,Aggregate fuel,%,0.0
Kuwait,2001,Aggregate fuel,%,0.0
Kuwait,2001,Aggregate fuel,%,0.0
Kuwait,2001,Aggregate fuel,TWh,0.0
Kuwait,2001,Aggregate fuel,TWh,34.3
Kuwait,2001,Aggregate fuel,TWh,34.3
Kuwait,2001,Aggregate fuel,TWh,0.0
Kuwait,2001,Aggregate fuel,TWh,0.0
Kuwait,2001,Aggregate fuel,TWh,0.0
Kuwait,2001,Fuel,%,0.0
Kuwait,2001,Fuel,%,0.0
Kuwait,2001,Fuel,%,30.7
Kuwait,2001,Fuel,%,0.0
Kuwait,2001,Fuel,%,0.0
Kuwait,2001,Fuel,%,69.3
Kuwait,2001,Fuel,%,0.0
Kuwait,2001,Fuel,%,0.0
Kuwait,2001,Fuel,%,0.0
Kuwait,2001,Fuel,TWh,0.0
Kuwait,2001,Fuel,TWh,0.0
Kuwait,2001,Fuel,TWh,10.53
Kuwait,2001,Fuel,TWh,0.0
Kuwait,2001,Fuel,TWh,0.0
Kuwait,2001,Fuel,TWh,23.77
Kuwait,2001,Fuel,TWh,0.0
Kuwait,2001,Fuel,TWh,0.0
Kuwait,2001,Fuel,TWh,0.0
Kuwait,2001,Total,TWh,34.3
Kuwait,2001,Electricity imports,TWh,0.0
Kuwait,2001,Aggregate fuel,mtCO2,0.0
Kuwait,2001,Aggregate fuel,mtCO2,22.43
Kuwait,2001,Aggregate fuel,mtCO2,22.43
Kuwait,2001,Aggregate fuel,mtCO2,0.0
Kuwait,2001,Aggregate fuel,mtCO2,0.0
Kuwait,2001,Aggregate fuel,mtCO2,0.0
Kuwait,2001,CO2 intensity,gCO2/kWh,653.94
Kuwait,2001,Fuel,mtCO2,0.0
Kuwait,2001,Fuel,mtCO2,0.0
Kuwait,2001,Fuel,mtCO2,6.79
Kuwait,2001,Fuel,mtCO2,0.0
Kuwait,2001,Fuel,mtCO2,0.0
Kuwait,2001,Fuel,mtCO2,15.64
Kuwait,2001,Fuel,mtCO2,0.0
Kuwait,2001,Fuel,mtCO2,0.0
Kuwait,2001,Fuel,mtCO2,0.0
Kuwait,2001,Total,mtCO2,22.43
Kuwait,2002,Aggregate fuel,GW,0.0
Kuwait,2002,Aggregate fuel,GW,9.19
Kuwait,2002,Aggregate fuel,GW,9.19
Kuwait,2002,Aggregate fuel,GW,
Kuwait,2002,Aggregate fuel,GW,0.0
Kuwait,2002,Aggregate fuel,GW,0.0
Kuwait,2002,Fuel,GW,
Kuwait,2002,Fuel,GW,
Kuwait,2002,Fuel,GW,0.94
Kuwait,2002,Fuel,GW,
Kuwait,2002,Fuel,GW,
Kuwait,2002,Fuel,GW,8.25
Kuwait,2002,Fuel,GW,
Kuwait,2002,Fuel,GW,0.0
Kuwait,2002,Fuel,GW,0.0
Kuwait,2002,Demand,TWh,36.37
Kuwait,2002,Demand per capita,MWh,17.66
Kuwait,2002,Aggregate fuel,%,0.0
Kuwait,2002,Aggregate fuel,%,100.0
Kuwait,2002,Aggregate fuel,%,100.0
Kuwait,2002,Aggregate fuel,%,0.0
Kuwait,2002,Aggregate fuel,%,0.0
Kuwait,2002,Aggregate fuel,%,0.0
Kuwait,2002,Aggregate fuel,TWh,0.0
Kuwait,2002,Aggregate fuel,TWh,36.37
Kuwait,2002,Aggregate fuel,TWh,36.37
Kuwait,2002,Aggregate fuel,TWh,0.0
Kuwait,2002,Aggregate fuel,TWh,0.0
Kuwait,2002,Aggregate fuel,TWh,0.0
Kuwait,2002,Fuel,%,0.0
Kuwait,2002,Fuel,%,0.0
Kuwait,2002,Fuel,%,22.0
Kuwait,2002,Fuel,%,0.0
Kuwait,2002,Fuel,%,0.0
Kuwait,2002,Fuel,%,78.0
Kuwait,2002,Fuel,%,0.0
Kuwait,2002,Fuel,%,0.0
Kuwait,2002,Fuel,%,0.0
Kuwait,2002,Fuel,TWh,0.0
Kuwait,2002,Fuel,TWh,0.0
Kuwait,2002,Fuel,TWh,8.0
Kuwait,2002,Fuel,TWh,0.0
Kuwait,2002,Fuel,TWh,0.0
Kuwait,2002,Fuel,TWh,28.37
Kuwait,2002,Fuel,TWh,0.0
Kuwait,2002,Fuel,TWh,0.0
Kuwait,2002,Fuel,TWh,0.0
Kuwait,2002,Total,TWh,36.37
Kuwait,2002,Electricity imports,TWh,0.0
Kuwait,2002,Aggregate fuel,mtCO2,0.0
Kuwait,2002,Aggregate fuel,mtCO2,23.83
Kuwait,2002,Aggregate fuel,mtCO2,23.83
Kuwait,2002,Aggregate fuel,mtCO2,0.0
Kuwait,2002,Aggregate fuel,mtCO2,0.0
Kuwait,2002,Aggregate fuel,mtCO2,0.0
Kuwait,2002,CO2 intensity,gCO2/kWh,655.21
Kuwait,2002,Fuel,mtCO2,0.0
Kuwait,2002,Fuel,mtCO2,0.0
Kuwait,2002,Fuel,mtCO2,5.16
Kuwait,2002,Fuel,mtCO2,0.0
Kuwait,2002,Fuel,mtCO2,0.0
Kuwait,2002,Fuel,mtCO2,18.67
Kuwait,2002,Fuel,mtCO2,0.0
Kuwait,2002,Fuel,mtCO2,0.0
Kuwait,2002,Fuel,mtCO2,0.0
Kuwait,2002,Total,mtCO2,23.83
Kuwait,2003,Aggregate fuel,GW,0.0
Kuwait,2003,Aggregate fuel,GW,9.19
Kuwait,2003,Aggregate fuel,GW,9.19
Kuwait,2003,Aggregate fuel,GW,
Kuwait,2003,Aggregate fuel,GW,0.0
Kuwait,2003,Aggregate fuel,GW,0.0
Kuwait,2003,Fuel,GW,
Kuwait,2003,Fuel,GW,
Kuwait,2003,Fuel,GW,0.94
Kuwait,2003,Fuel,GW,
Kuwait,2003,Fuel,GW,
Kuwait,2003,Fuel,GW,8.25
Kuwait,2003,Fuel,GW,
Kuwait,2003,Fuel,GW,0.0
Kuwait,2003,Fuel,GW,0.0
Kuwait,2003,Demand,TWh,39.8
Kuwait,2003,Demand per capita,MWh,18.86
Kuwait,2003,Aggregate fuel,%,0.0
Kuwait,2003,Aggregate fuel,%,100.0
Kuwait,2003,Aggregate fuel,%,100.0
Kuwait,2003,Aggregate fuel,%,0.0
Kuwait,2003,Aggregate fuel,%,0.0
Kuwait,2003,Aggregate fuel,%,0.0
Kuwait,2003,Aggregate fuel,TWh,0.0
Kuwait,2003,Aggregate fuel,TWh,39.8
Kuwait,2003,Aggregate fuel,TWh,39.8
Kuwait,2003,Aggregate fuel,TWh,0.0
Kuwait,2003,Aggregate fuel,TWh,0.0
Kuwait,2003,Aggregate fuel,TWh,0.0
Kuwait,2003,Fuel,%,0.0
Kuwait,2003,Fuel,%,0.0
Kuwait,2003,Fuel,%,24.62
Kuwait,2003,Fuel,%,0.0
Kuwait,2003,Fuel,%,0.0
Kuwait,2003,Fuel,%,75.38
Kuwait,2003,Fuel,%,0.0
Kuwait,2003,Fuel,%,0.0
Kuwait,2003,Fuel,%,0.0
Kuwait,2003,Fuel,TWh,0.0
Kuwait,2003,Fuel,TWh,0.0
Kuwait,2003,Fuel,TWh,9.8
Kuwait,2003,Fuel,TWh,0.0
Kuwait,2003,Fuel,TWh,0.0
Kuwait,2003,Fuel,TWh,30.0
Kuwait,2003,Fuel,TWh,0.0
Kuwait,2003,Fuel,TWh,0.0
Kuwait,2003,Fuel,TWh,0.0
Kuwait,2003,Total,TWh,39.8
Kuwait,2003,Electricity imports,TWh,0.0
Kuwait,2003,Aggregate fuel,mtCO2,0.0
Kuwait,2003,Aggregate fuel,mtCO2,26.06
Kuwait,2003,Aggregate fuel,mtCO2,26.06
Kuwait,2003,Aggregate fuel,mtCO2,0.0
Kuwait,2003,Aggregate fuel,mtCO2,0.0
Kuwait,2003,Aggregate fuel,mtCO2,0.0
Kuwait,2003,CO2 intensity,gCO2/kWh,654.77
Kuwait,2003,Fuel,mtCO2,0.0
Kuwait,2003,Fuel,mtCO2,0.0
Kuwait,2003,Fuel,mtCO2,6.32
Kuwait,2003,Fuel,mtCO2,0.0
Kuwait,2003,Fuel,mtCO2,0.0
Kuwait,2003,Fuel,mtCO2,19.74
Kuwait,2003,Fuel,mtCO2,0.0
Kuwait,2003,Fuel,mtCO2,0.0
Kuwait,2003,Fuel,mtCO2,0.0
Kuwait,2003,Total,mtCO2,26.06
Kuwait,2004,Aggregate fuel,GW,0.0
Kuwait,2004,Aggregate fuel,GW,9.69
Kuwait,2004,Aggregate fuel,GW,9.69
Kuwait,2004,Aggregate fuel,GW,
Kuwait,2004,Aggregate fuel,GW,0.0
Kuwait,2004,Aggregate fuel,GW,0.0
Kuwait,2004,Fuel,GW,
Kuwait,2004,Fuel,GW,
Kuwait,2004,Fuel,GW,1.44
Kuwait,2004,Fuel,GW,
Kuwait,2004,Fuel,GW,
Kuwait,2004,Fuel,GW,8.25
Kuwait,2004,Fuel,GW,
Kuwait,2004,Fuel,GW,0.0
Kuwait,2004,Fuel,GW,0.0
Kuwait,2004,Demand,TWh,41.26
Kuwait,2004,Demand per capita,MWh,19.13
Kuwait,2004,Aggregate fuel,%,0.0
Kuwait,2004,Aggregate fuel,%,100.0
Kuwait,2004,Aggregate fuel,%,100.0
Kuwait,2004,Aggregate fuel,%,0.0
Kuwait,2004,Aggregate fuel,%,0.0
Kuwait,2004,Aggregate fuel,%,0.0
Kuwait,2004,Aggregate fuel,TWh,0.0
Kuwait,2004,Aggregate fuel,TWh,41.26
Kuwait,2004,Aggregate fuel,TWh,41.26
Kuwait,2004,Aggregate fuel,TWh,0.0
Kuwait,2004,Aggregate fuel,TWh,0.0
Kuwait,2004,Aggregate fuel,TWh,0.0
Kuwait,2004,Fuel,%,0.0
Kuwait,2004,Fuel,%,0.0
Kuwait,2004,Fuel,%,27.7
Kuwait,2004,Fuel,%,0.0
Kuwait,2004,Fuel,%,0.0
Kuwait,2004,Fuel,%,72.3
Kuwait,2004,Fuel,%,0.0
Kuwait,2004,Fuel,%,0.0
Kuwait,2004,Fuel,%,0.0
Kuwait,2004,Fuel,TWh,0.0
Kuwait,2004,Fuel,TWh,0.0
Kuwait,2004,Fuel,TWh,11.43
Kuwait,2004,Fuel,TWh,0.0
Kuwait,2004,Fuel,TWh,0.0
Kuwait,2004,Fuel,TWh,29.83
Kuwait,2004,Fuel,TWh,0.0
Kuwait,2004,Fuel,TWh,0.0
Kuwait,2004,Fuel,TWh,0.0
Kuwait,2004,Total,TWh,41.26
Kuwait,2004,Electricity imports,TWh,0.0
Kuwait,2004,Aggregate fuel,mtCO2,0.0
Kuwait,2004,Aggregate fuel,mtCO2,27.0
Kuwait,2004,Aggregate fuel,mtCO2,27.0
Kuwait,2004,Aggregate fuel,mtCO2,0.0
Kuwait,2004,Aggregate fuel,mtCO2,0.0
Kuwait,2004,Aggregate fuel,mtCO2,0.0
Kuwait,2004,CO2 intensity,gCO2/kWh,654.39
Kuwait,2004,Fuel,mtCO2,0.0
Kuwait,2004,Fuel,mtCO2,0.0
Kuwait,2004,Fuel,mtCO2,7.37
Kuwait,2004,Fuel,mtCO2,0.0
Kuwait,2004,Fuel,mtCO2,0.0
Kuwait,2004,Fuel,mtCO2,19.63
Kuwait,2004,Fuel,mtCO2,0.0
Kuwait,2004,Fuel,mtCO2,0.0
Kuwait,2004,Fuel,mtCO2,0.0
Kuwait,2004,Total,mtCO2,27.0
Kuwait,2005,Aggregate fuel,GW,0.0
Kuwait,2005,Aggregate fuel,GW,10.19
Kuwait,2005,Aggregate fuel,GW,10.19
Kuwait,2005,Aggregate fuel,GW,
Kuwait,2005,Aggregate fuel,GW,0.0
Kuwait,2005,Aggregate fuel,GW,0.0
Kuwait,2005,Fuel,GW,
Kuwait,2005,Fuel,GW,
Kuwait,2005,Fuel,GW,1.94
Kuwait,2005,Fuel,GW,
Kuwait,2005,Fuel,GW,
Kuwait,2005,Fuel,GW,8.25
Kuwait,2005,Fuel,GW,
Kuwait,2005,Fuel,GW,0.0
Kuwait,2005,Fuel,GW,0.0
Kuwait,2005,Demand,TWh,43.73
Kuwait,2005,Demand per capita,MWh,19.55
Kuwait,2005,Aggregate fuel,%,0.0
Kuwait,2005,Aggregate fuel,%,100.0
Kuwait,2005,Aggregate fuel,%,100.0
Kuwait,2005,Aggregate fuel,%,0.0
Kuwait,2005,Aggregate fuel,%,0.0
Kuwait,2005,Aggregate fuel,%,0.0
Kuwait,2005,Aggregate fuel,TWh,0.0
Kuwait,2005,Aggregate fuel,TWh,43.73
Kuwait,2005,Aggregate fuel,TWh,43.73
Kuwait,2005,Aggregate fuel,TWh,0.0
Kuwait,2005,Aggregate fuel,TWh,0.0
Kuwait,2005,Aggregate fuel,TWh,0.0
Kuwait,2005,Fuel,%,0.0
Kuwait,2005,Fuel,%,0.0
Kuwait,2005,Fuel,%,25.09
Kuwait,2005,Fuel,%,0.0
Kuwait,2005,Fuel,%,0.0
Kuwait,2005,Fuel,%,74.91
Kuwait,2005,Fuel,%,0.0
Kuwait,2005,Fuel,%,0.0
Kuwait,2005,Fuel,%,0.0
Kuwait,2005,Fuel,TWh,0.0
Kuwait,2005,Fuel,TWh,0.0
Kuwait,2005,Fuel,TWh,10.97
Kuwait,2005,Fuel,TWh,0.0
Kuwait,2005,Fuel,TWh,0.0
Kuwait,2005,Fuel,TWh,32.76
Kuwait,2005,Fuel,TWh,0.0
Kuwait,2005,Fuel,TWh,0.0
Kuwait,2005,Fuel,TWh,0.0
Kuwait,2005,Total,TWh,43.73
Kuwait,2005,Electricity imports,TWh,0.0
Kuwait,2005,Aggregate fuel,mtCO2,0.0
Kuwait,2005,Aggregate fuel,mtCO2,28.63
Kuwait,2005,Aggregate fuel,mtCO2,28.63
Kuwait,2005,Aggregate fuel,mtCO2,0.0
Kuwait,2005,Aggregate fuel,mtCO2,0.0
Kuwait,2005,Aggregate fuel,mtCO2,0.0
Kuwait,2005,CO2 intensity,gCO2/kWh,654.7
Kuwait,2005,Fuel,mtCO2,0.0
Kuwait,2005,Fuel,mtCO2,0.0
Kuwait,2005,Fuel,mtCO2,7.07
Kuwait,2005,Fuel,mtCO2,0.0
Kuwait,2005,Fuel,mtCO2,0.0
Kuwait,2005,Fuel,mtCO2,21.56
Kuwait,2005,Fuel,mtCO2,0.0
Kuwait,2005,Fuel,mtCO2,0.0
Kuwait,2005,Fuel,mtCO2,0.0
Kuwait,2005,Total,mtCO2,28.63
Kuwait,2006,Aggregate fuel,GW,0.0
Kuwait,2006,Aggregate fuel,GW,10.19
Kuwait,2006,Aggregate fuel,GW,10.19
Kuwait,2006,Aggregate fuel,GW,
Kuwait,2006,Aggregate fuel,GW,0.0
Kuwait,2006,Aggregate fuel,GW,0.0
Kuwait,2006,Fuel,GW,
Kuwait,2006,Fuel,GW,
Kuwait,2006,Fuel,GW,1.94
Kuwait,2006,Fuel,GW,
Kuwait,2006,Fuel,GW,
Kuwait,2006,Fuel,GW,8.25
Kuwait,2006,Fuel,GW,
Kuwait,2006,Fuel,GW,0.0
Kuwait,2006,Fuel,GW,0.0
Kuwait,2006,Demand,TWh,47.6
Kuwait,2006,Demand per capita,MWh,20.13
Kuwait,2006,Aggregate fuel,%,0.0
Kuwait,2006,Aggregate fuel,%,100.0
Kuwait,2006,Aggregate fuel,%,100.0
Kuwait,2006,Aggregate fuel,%,0.0
Kuwait,2006,Aggregate fuel,%,0.0
Kuwait,2006,Aggregate fuel,%,0.0
Kuwait,2006,Aggregate fuel,TWh,0.0
Kuwait,2006,Aggregate fuel,TWh,47.6
Kuwait,2006,Aggregate fuel,TWh,47.6
Kuwait,2006,Aggregate fuel,TWh,0.0
Kuwait,2006,Aggregate fuel,TWh,0.0
Kuwait,2006,Aggregate fuel,TWh,0.0
Kuwait,2006,Fuel,%,0.0
Kuwait,2006,Fuel,%,0.0
Kuwait,2006,Fuel,%,31.41
Kuwait,2006,Fuel,%,0.0
Kuwait,2006,Fuel,%,0.0
Kuwait,2006,Fuel,%,68.59
Kuwait,2006,Fuel,%,0.0
Kuwait,2006,Fuel,%,0.0
Kuwait,2006,Fuel,%,0.0
Kuwait,2006,Fuel,TWh,0.0
Kuwait,2006,Fuel,TWh,0.0
Kuwait,2006,Fuel,TWh,14.95
Kuwait,2006,Fuel,TWh,0.0
Kuwait,2006,Fuel,TWh,0.0
Kuwait,2006,Fuel,TWh,32.65
Kuwait,2006,Fuel,TWh,0.0
Kuwait,2006,Fuel,TWh,0.0
Kuwait,2006,Fuel,TWh,0.0
Kuwait,2006,Total,TWh,47.6
Kuwait,2006,Electricity imports,TWh,0.0
Kuwait,2006,Aggregate fuel,mtCO2,0.0
Kuwait,2006,Aggregate fuel,mtCO2,31.12
Kuwait,2006,Aggregate fuel,mtCO2,31.12
Kuwait,2006,Aggregate fuel,mtCO2,0.0
Kuwait,2006,Aggregate fuel,mtCO2,0.0
Kuwait,2006,Aggregate fuel,mtCO2,0.0
Kuwait,2006,CO2 intensity,gCO2/kWh,653.78
Kuwait,2006,Fuel,mtCO2,0.0
Kuwait,2006,Fuel,mtCO2,0.0
Kuwait,2006,Fuel,mtCO2,9.64
Kuwait,2006,Fuel,mtCO2,0.0
Kuwait,2006,Fuel,mtCO2,0.0
Kuwait,2006,Fuel,mtCO2,21.48
Kuwait,2006,Fuel,mtCO2,0.0
Kuwait,2006,Fuel,mtCO2,0.0
Kuwait,2006,Fuel,mtCO2,0.0
Kuwait,2006,Total,mtCO2,31.12
Kuwait,2007,Aggregate fuel,GW,0.0
Kuwait,2007,Aggregate fuel,GW,10.48
Kuwait,2007,Aggregate fuel,GW,10.48
Kuwait,2007,Aggregate fuel,GW,
Kuwait,2007,Aggregate fuel,GW,0.0
Kuwait,2007,Aggregate fuel,GW,0.0
Kuwait,2007,Fuel,GW,
Kuwait,2007,Fuel,GW,
Kuwait,2007,Fuel,GW,2.23
Kuwait,2007,Fuel,GW,
Kuwait,2007,Fuel,GW,
Kuwait,2007,Fuel,GW,8.25
Kuwait,2007,Fuel,GW,
Kuwait,2007,Fuel,GW,0.0
Kuwait,2007,Fuel,GW,0.0
Kuwait,2007,Demand,TWh,48.75
Kuwait,2007,Demand per capita,MWh,19.44
Kuwait,2007,Aggregate fuel,%,0.0
Kuwait,2007,Aggregate fuel,%,100.0
Kuwait,2007,Aggregate fuel,%,100.0
Kuwait,2007,Aggregate fuel,%,0.0
Kuwait,2007,Aggregate fuel,%,0.0
Kuwait,2007,Aggregate fuel,%,0.0
Kuwait,2007,Aggregate fuel,TWh,0.0
Kuwait,2007,Aggregate fuel,TWh,48.75
Kuwait,2007,Aggregate fuel,TWh,48.75
Kuwait,2007,Aggregate fuel,TWh,0.0
Kuwait,2007,Aggregate fuel,TWh,0.0
Kuwait,2007,Aggregate fuel,TWh,0.0
Kuwait,2007,Fuel,%,0.0
Kuwait,2007,Fuel,%,0.0
Kuwait,2007,Fuel,%,31.9
Kuwait,2007,Fuel,%,0.0
Kuwait,2007,Fuel,%,0.0
Kuwait,2007,Fuel,%,68.1
Kuwait,2007,Fuel,%,0.0
Kuwait,2007,Fuel,%,0.0
Kuwait,2007,Fuel,%,0.0
Kuwait,2007,Fuel,TWh,0.0
Kuwait,2007,Fuel,TWh,0.0
Kuwait,2007,Fuel,TWh,15.55
Kuwait,2007,Fuel,TWh,0.0
Kuwait,2007,Fuel,TWh,0.0
Kuwait,2007,Fuel,TWh,33.2
Kuwait,2007,Fuel,TWh,0.0
Kuwait,2007,Fuel,TWh,0.0
Kuwait,2007,Fuel,TWh,0.0
Kuwait,2007,Total,TWh,48.75
Kuwait,2007,Electricity imports,TWh,0.0
Kuwait,2007,Aggregate fuel,mtCO2,0.0
Kuwait,2007,Aggregate fuel,mtCO2,31.87
Kuwait,2007,Aggregate fuel,mtCO2,31.87
Kuwait,2007,Aggregate fuel,mtCO2,0.0
Kuwait,2007,Aggregate fuel,mtCO2,0.0
Kuwait,2007,Aggregate fuel,mtCO2,0.0
Kuwait,2007,CO2 intensity,gCO2/kWh,653.74
Kuwait,2007,Fuel,mtCO2,0.0
Kuwait,2007,Fuel,mtCO2,0.0
Kuwait,2007,Fuel,mtCO2,10.02
Kuwait,2007,Fuel,mtCO2,0.0
Kuwait,2007,Fuel,mtCO2,0.0
Kuwait,2007,Fuel,mtCO2,21.85
Kuwait,2007,Fuel,mtCO2,0.0
Kuwait,2007,Fuel,mtCO2,0.0
Kuwait,2007,Fuel,mtCO2,0.0
Kuwait,2007,Total,mtCO2,31.87
Kuwait,2008,Aggregate fuel,GW,0.0
Kuwait,2008,Aggregate fuel,GW,11.64
Kuwait,2008,Aggregate fuel,GW,11.64
Kuwait,2008,Aggregate fuel,GW,
Kuwait,2008,Aggregate fuel,GW,0.0
Kuwait,2008,Aggregate fuel,GW,0.0
Kuwait,2008,Fuel,GW,
Kuwait,2008,Fuel,GW,
Kuwait,2008,Fuel,GW,3.39
Kuwait,2008,Fuel,GW,
Kuwait,2008,Fuel,GW,
Kuwait,2008,Fuel,GW,8.25
Kuwait,2008,Fuel,GW,
Kuwait,2008,Fuel,GW,0.0
Kuwait,2008,Fuel,GW,0.0
Kuwait,2008,Demand,TWh,51.75
Kuwait,2008,Demand per capita,MWh,19.52
Kuwait,2008,Aggregate fuel,%,0.0
Kuwait,2008,Aggregate fuel,%,100.0
Kuwait,2008,Aggregate fuel,%,100.0
Kuwait,2008,Aggregate fuel,%,0.0
Kuwait,2008,Aggregate fuel,%,0.0
Kuwait,2008,Aggregate fuel,%,0.0
Kuwait,2008,Aggregate fuel,TWh,0.0
Kuwait,2008,Aggregate fuel,TWh,51.75
Kuwait,2008,Aggregate fuel,TWh,51.75
Kuwait,2008,Aggregate fuel,TWh,0.0
Kuwait,2008,Aggregate fuel,TWh,0.0
Kuwait,2008,Aggregate fuel,TWh,0.0
Kuwait,2008,Fuel,%,0.0
Kuwait,2008,Fuel,%,0.0
Kuwait,2008,Fuel,%,35.67
Kuwait,2008,Fuel,%,0.0
Kuwait,2008,Fuel,%,0.0
Kuwait,2008,Fuel,%,64.33
Kuwait,2008,Fuel,%,0.0
Kuwait,2008,Fuel,%,0.0
Kuwait,2008,Fuel,%,0.0
Kuwait,2008,Fuel,TWh,0.0
Kuwait,2008,Fuel,TWh,0.0
Kuwait,2008,Fuel,TWh,18.46
Kuwait,2008,Fuel,TWh,0.0
Kuwait,2008,Fuel,TWh,0.0
Kuwait,2008,Fuel,TWh,33.29
Kuwait,2008,Fuel,TWh,0.0
Kuwait,2008,Fuel,TWh,0.0
Kuwait,2008,Fuel,TWh,0.0
Kuwait,2008,Total,TWh,51.75
Kuwait,2008,Electricity imports,TWh,0.0
Kuwait,2008,Aggregate fuel,mtCO2,0.0
Kuwait,2008,Aggregate fuel,mtCO2,33.8
Kuwait,2008,Aggregate fuel,mtCO2,33.8
Kuwait,2008,Aggregate fuel,mtCO2,0.0
Kuwait,2008,Aggregate fuel,mtCO2,0.0
Kuwait,2008,Aggregate fuel,mtCO2,0.0
Kuwait,2008,CO2 intensity,gCO2/kWh,653.14
Kuwait,2008,Fuel,mtCO2,0.0
Kuwait,2008,Fuel,mtCO2,0.0
Kuwait,2008,Fuel,mtCO2,11.9
Kuwait,2008,Fuel,mtCO2,0.0
Kuwait,2008,Fuel,mtCO2,0.0
Kuwait,2008,Fuel,mtCO2,21.9
Kuwait,2008,Fuel,mtCO2,0.0
Kuwait,2008,Fuel,mtCO2,0.0
Kuwait,2008,Fuel,mtCO2,0.0
Kuwait,2008,Total,mtCO2,33.8
Kuwait,2009,Aggregate fuel,GW,0.0
Kuwait,2009,Aggregate fuel,GW,11.92
Kuwait,2009,Aggregate fuel,GW,11.92
Kuwait,2009,Aggregate fuel,GW,
Kuwait,2009,Aggregate fuel,GW,0.0
Kuwait,2009,Aggregate fuel,GW,0.0
Kuwait,2009,Fuel,GW,
Kuwait,2009,Fuel,GW,
Kuwait,2009,Fuel,GW,3.42
Kuwait,2009,Fuel,GW,
Kuwait,2009,Fuel,GW,
Kuwait,2009,Fuel,GW,8.5
Kuwait,2009,Fuel,GW,
Kuwait,2009,Fuel,GW,0.0
Kuwait,2009,Fuel,GW,0.0
Kuwait,2009,Demand,TWh,53.22
Kuwait,2009,Demand per capita,MWh,19.04
Kuwait,2009,Aggregate fuel,%,0.0
Kuwait,2009,Aggregate fuel,%,100.0
Kuwait,2009,Aggregate fuel,%,100.0
Kuwait,2009,Aggregate fuel,%,0.0
Kuwait,2009,Aggregate fuel,%,0.0
Kuwait,2009,Aggregate fuel,%,0.0
Kuwait,2009,Aggregate fuel,TWh,0.0
Kuwait,2009,Aggregate fuel,TWh,53.22
Kuwait,2009,Aggregate fuel,TWh,53.22
Kuwait,2009,Aggregate fuel,TWh,0.0
Kuwait,2009,Aggregate fuel,TWh,0.0
Kuwait,2009,Aggregate fuel,TWh,0.0
Kuwait,2009,Fuel,%,0.0
Kuwait,2009,Fuel,%,0.0
Kuwait,2009,Fuel,%,28.84
Kuwait,2009,Fuel,%,0.0
Kuwait,2009,Fuel,%,0.0
Kuwait,2009,Fuel,%,71.16
Kuwait,2009,Fuel,%,0.0
Kuwait,2009,Fuel,%,0.0
Kuwait,2009,Fuel,%,0.0
Kuwait,2009,Fuel,TWh,0.0
Kuwait,2009,Fuel,TWh,0.0
Kuwait,2009,Fuel,TWh,15.35
Kuwait,2009,Fuel,TWh,0.0
Kuwait,2009,Fuel,TWh,0.0
Kuwait,2009,Fuel,TWh,37.87
Kuwait,2009,Fuel,TWh,0.0
Kuwait,2009,Fuel,TWh,0.0
Kuwait,2009,Fuel,TWh,0.0
Kuwait,2009,Total,TWh,53.22
Kuwait,2009,Electricity imports,TWh,0.0
Kuwait,2009,Aggregate fuel,mtCO2,0.0
Kuwait,2009,Aggregate fuel,mtCO2,34.82
Kuwait,2009,Aggregate fuel,mtCO2,34.82
Kuwait,2009,Aggregate fuel,mtCO2,0.0
Kuwait,2009,Aggregate fuel,mtCO2,0.0
Kuwait,2009,Aggregate fuel,mtCO2,0.0
Kuwait,2009,CO2 intensity,gCO2/kWh,654.27
Kuwait,2009,Fuel,mtCO2,0.0
Kuwait,2009,Fuel,mtCO2,0.0
Kuwait,2009,Fuel,mtCO2,9.9
Kuwait,2009,Fuel,mtCO2,0.0
Kuwait,2009,Fuel,mtCO2,0.0
Kuwait,2009,Fuel,mtCO2,24.92
Kuwait,2009,Fuel,mtCO2,0.0
Kuwait,2009,Fuel,mtCO2,0.0
Kuwait,2009,Fuel,mtCO2,0.0
Kuwait,2009,Total,mtCO2,34.82
Kuwait,2010,Aggregate fuel,GW,0.0
Kuwait,2010,Aggregate fuel,GW,13.38
Kuwait,2010,Aggregate fuel,GW,13.38
Kuwait,2010,Aggregate fuel,GW,
Kuwait,2010,Aggregate fuel,GW,0.0
Kuwait,2010,Aggregate fuel,GW,0.0
Kuwait,2010,Fuel,GW,
Kuwait,2010,Fuel,GW,
Kuwait,2010,Fuel,GW,4.88
Kuwait,2010,Fuel,GW,
Kuwait,2010,Fuel,GW,
Kuwait,2010,Fuel,GW,8.5
Kuwait,2010,Fuel,GW,
Kuwait,2010,Fuel,GW,0.0
Kuwait,2010,Fuel,GW,0.0
Kuwait,2010,Demand,TWh,57.03
Kuwait,2010,Demand per capita,MWh,19.38
Kuwait,2010,Aggregate fuel,%,0.0
Kuwait,2010,Aggregate fuel,%,100.0
Kuwait,2010,Aggregate fuel,%,100.0
Kuwait,2010,Aggregate fuel,%,0.0
Kuwait,2010,Aggregate fuel,%,0.0
Kuwait,2010,Aggregate fuel,%,0.0
Kuwait,2010,Aggregate fuel,TWh,0.0
Kuwait,2010,Aggregate fuel,TWh,57.03
Kuwait,2010,Aggregate fuel,TWh,57.03
Kuwait,2010,Aggregate fuel,TWh,0.0
Kuwait,2010,Aggregate fuel,TWh,0.0
Kuwait,2010,Aggregate fuel,TWh,0.0
Kuwait,2010,Fuel,%,0.0
Kuwait,2010,Fuel,%,0.0
Kuwait,2010,Fuel,%,34.63
Kuwait,2010,Fuel,%,0.0
Kuwait,2010,Fuel,%,0.0
Kuwait,2010,Fuel,%,65.37
Kuwait,2010,Fuel,%,0.0
Kuwait,2010,Fuel,%,0.0
Kuwait,2010,Fuel,%,0.0
Kuwait,2010,Fuel,TWh,0.0
Kuwait,2010,Fuel,TWh,0.0
Kuwait,2010,Fuel,TWh,19.75
Kuwait,2010,Fuel,TWh,0.0
Kuwait,2010,Fuel,TWh,0.0
Kuwait,2010,Fuel,TWh,37.28
Kuwait,2010,Fuel,TWh,0.0
Kuwait,2010,Fuel,TWh,0.0
Kuwait,2010,Fuel,TWh,0.0
Kuwait,2010,Total,TWh,57.03
Kuwait,2010,Electricity imports,TWh,0.0
Kuwait,2010,Aggregate fuel,mtCO2,0.0
Kuwait,2010,Aggregate fuel,mtCO2,37.26
Kuwait,2010,Aggregate fuel,mtCO2,37.26
Kuwait,2010,Aggregate fuel,mtCO2,0.0
Kuwait,2010,Aggregate fuel,mtCO2,0.0
Kuwait,2010,Aggregate fuel,mtCO2,0.0
Kuwait,2010,CO2 intensity,gCO2/kWh,653.34
Kuwait,2010,Fuel,mtCO2,0.0
Kuwait,2010,Fuel,mtCO2,0.0
Kuwait,2010,Fuel,mtCO2,12.73
Kuwait,2010,Fuel,mtCO2,0.0
Kuwait,2010,Fuel,mtCO2,0.0
Kuwait,2010,Fuel,mtCO2,24.53
Kuwait,2010,Fuel,mtCO2,0.0
Kuwait,2010,Fuel,mtCO2,0.0
Kuwait,2010,Fuel,mtCO2,0.0
Kuwait,2010,Total,mtCO2,37.26
Kuwait,2011,Aggregate fuel,GW,0.0
Kuwait,2011,Aggregate fuel,GW,14.7
Kuwait,2011,Aggregate fuel,GW,14.7
Kuwait,2011,Aggregate fuel,GW,
Kuwait,2011,Aggregate fuel,GW,0.0
Kuwait,2011,Aggregate fuel,GW,0.0
Kuwait,2011,Fuel,GW,
Kuwait,2011,Fuel,GW,
Kuwait,2011,Fuel,GW,6.2
Kuwait,2011,Fuel,GW,
Kuwait,2011,Fuel,GW,
Kuwait,2011,Fuel,GW,8.5
Kuwait,2011,Fuel,GW,
Kuwait,2011,Fuel,GW,0.0
Kuwait,2011,Fuel,GW,0.0
Kuwait,2011,Demand,TWh,57.46
Kuwait,2011,Demand per capita,MWh,18.34
Kuwait,2011,Aggregate fuel,%,0.0
Kuwait,2011,Aggregate fuel,%,100.0
Kuwait,2011,Aggregate fuel,%,100.0
Kuwait,2011,Aggregate fuel,%,0.0
Kuwait,2011,Aggregate fuel,%,0.0
Kuwait,2011,Aggregate fuel,%,0.0
Kuwait,2011,Aggregate fuel,TWh,0.0
Kuwait,2011,Aggregate fuel,TWh,57.46
Kuwait,2011,Aggregate fuel,TWh,57.46
Kuwait,2011,Aggregate fuel,TWh,0.0
Kuwait,2011,Aggregate fuel,TWh,0.0
Kuwait,2011,Aggregate fuel,TWh,0.0
Kuwait,2011,Fuel,%,0.0
Kuwait,2011,Fuel,%,0.0
Kuwait,2011,Fuel,%,39.16
Kuwait,2011,Fuel,%,0.0
Kuwait,2011,Fuel,%,0.0
Kuwait,2011,Fuel,%,60.84
Kuwait,2011,Fuel,%,0.0
Kuwait,2011,Fuel,%,0.0
Kuwait,2011,Fuel,%,0.0
Kuwait,2011,Fuel,TWh,0.0
Kuwait,2011,Fuel,TWh,0.0
Kuwait,2011,Fuel,TWh,22.5
Kuwait,2011,Fuel,TWh,0.0
Kuwait,2011,Fuel,TWh,0.0
Kuwait,2011,Fuel,TWh,34.96
Kuwait,2011,Fuel,TWh,0.0
Kuwait,2011,Fuel,TWh,0.0
Kuwait,2011,Fuel,TWh,0.0
Kuwait,2011,Total,TWh,57.46
Kuwait,2011,Electricity imports,TWh,0.0
Kuwait,2011,Aggregate fuel,mtCO2,0.0
Kuwait,2011,Aggregate fuel,mtCO2,37.5
Kuwait,2011,Aggregate fuel,mtCO2,37.5
Kuwait,2011,Aggregate fuel,mtCO2,0.0
Kuwait,2011,Aggregate fuel,mtCO2,0.0
Kuwait,2011,Aggregate fuel,mtCO2,0.0
Kuwait,2011,CO2 intensity,gCO2/kWh,652.63
Kuwait,2011,Fuel,mtCO2,0.0
Kuwait,2011,Fuel,mtCO2,0.0
Kuwait,2011,Fuel,mtCO2,14.5
Kuwait,2011,Fuel,mtCO2,0.0
Kuwait,2011,Fuel,mtCO2,0.0
Kuwait,2011,Fuel,mtCO2,23.0
Kuwait,2011,Fuel,mtCO2,0.0
Kuwait,2011,Fuel,mtCO2,0.0
Kuwait,2011,Fuel,mtCO2,0.0
Kuwait,2011,Total,mtCO2,37.5
Kuwait,2012,Aggregate fuel,GW,0.0
Kuwait,2012,Aggregate fuel,GW,15.35
Kuwait,2012,Aggregate fuel,GW,15.35
Kuwait,2012,Aggregate fuel,GW,
Kuwait,2012,Aggregate fuel,GW,0.0
Kuwait,2012,Aggregate fuel,GW,0.0
Kuwait,2012,Fuel,GW,
Kuwait,2012,Fuel,GW,
Kuwait,2012,Fuel,GW,6.85
Kuwait,2012,Fuel,GW,
Kuwait,2012,Fuel,GW,
Kuwait,2012,Fuel,GW,8.5
Kuwait,2012,Fuel,GW,
Kuwait,2012,Fuel,GW,0.0
Kuwait,2012,Fuel,GW,0.0
Kuwait,2012,Demand,TWh,61.12
Kuwait,2012,Demand per capita,MWh,18.32
Kuwait,2012,Aggregate fuel,%,0.0
Kuwait,2012,Aggregate fuel,%,100.0
Kuwait,2012,Aggregate fuel,%,100.0
Kuwait,2012,Aggregate fuel,%,0.0
Kuwait,2012,Aggregate fuel,%,0.0
Kuwait,2012,Aggregate fuel,%,0.0
Kuwait,2012,Aggregate fuel,TWh,0.0
Kuwait,2012,Aggregate fuel,TWh,61.12
Kuwait,2012,Aggregate fuel,TWh,61.12
Kuwait,2012,Aggregate fuel,TWh,0.0
Kuwait,2012,Aggregate fuel,TWh,0.0
Kuwait,2012,Aggregate fuel,TWh,0.0
Kuwait,2012,Fuel,%,0.0
Kuwait,2012,Fuel,%,0.0
Kuwait,2012,Fuel,%,51.23
Kuwait,2012,Fuel,%,0.0
Kuwait,2012,Fuel,%,0.0
Kuwait,2012,Fuel,%,48.77
Kuwait,2012,Fuel,%,0.0
Kuwait,2012,Fuel,%,0.0
Kuwait,2012,Fuel,%,0.0
Kuwait,2012,Fuel,TWh,0.0
Kuwait,2012,Fuel,TWh,0.0
Kuwait,2012,Fuel,TWh,31.31
Kuwait,2012,Fuel,TWh,0.0
Kuwait,2012,Fuel,TWh,0.0
Kuwait,2012,Fuel,TWh,29.81
Kuwait,2012,Fuel,TWh,0.0
Kuwait,2012,Fuel,TWh,0.0
Kuwait,2012,Fuel,TWh,0.0
Kuwait,2012,Total,TWh,61.12
Kuwait,2012,Electricity imports,TWh,0.0
Kuwait,2012,Aggregate fuel,mtCO2,0.0
Kuwait,2012,Aggregate fuel,mtCO2,39.79
Kuwait,2012,Aggregate fuel,mtCO2,39.79
Kuwait,2012,Aggregate fuel,mtCO2,0.0
Kuwait,2012,Aggregate fuel,mtCO2,0.0
Kuwait,2012,Aggregate fuel,mtCO2,0.0
Kuwait,2012,CO2 intensity,gCO2/kWh,651.01
Kuwait,2012,Fuel,mtCO2,0.0
Kuwait,2012,Fuel,mtCO2,0.0
Kuwait,2012,Fuel,mtCO2,20.18
Kuwait,2012,Fuel,mtCO2,0.0
Kuwait,2012,Fuel,mtCO2,0.0
Kuwait,2012,Fuel,mtCO2,19.61
Kuwait,2012,Fuel,mtCO2,0.0
Kuwait,2012,Fuel,mtCO2,0.0
Kuwait,2012,Fuel,mtCO2,0.0
Kuwait,2012,Total,mtCO2,39.79
Kuwait,2013,Aggregate fuel,GW,0.0
Kuwait,2013,Aggregate fuel,GW,15.72
Kuwait,2013,Aggregate fuel,GW,15.72
Kuwait,2013,Aggregate fuel,GW,
Kuwait,2013,Aggregate fuel,GW,0.0
Kuwait,2013,Aggregate fuel,GW,0.0
Kuwait,2013,Fuel,GW,
Kuwait,2013,Fuel,GW,
Kuwait,2013,Fuel,GW,7.22
Kuwait,2013,Fuel,GW,
Kuwait,2013,Fuel,GW,
Kuwait,2013,Fuel,GW,8.5
Kuwait,2013,Fuel,GW,
Kuwait,2013,Fuel,GW,0.0
Kuwait,2013,Fuel,GW,0.0
Kuwait,2013,Demand,TWh,60.99
Kuwait,2013,Demand per capita,MWh,17.39
Kuwait,2013,Aggregate fuel,%,0.02
Kuwait,2013,Aggregate fuel,%,99.98
Kuwait,2013,Aggregate fuel,%,99.98
Kuwait,2013,Aggregate fuel,%,0.0
Kuwait,2013,Aggregate fuel,%,0.02
Kuwait,2013,Aggregate fuel,%,0.02
Kuwait,2013,Aggregate fuel,TWh,0.01
Kuwait,2013,Aggregate fuel,TWh,60.98
Kuwait,2013,Aggregate fuel,TWh,60.98
Kuwait,2013,Aggregate fuel,TWh,0.0
Kuwait,2013,Aggregate fuel,TWh,0.01
Kuwait,2013,Aggregate fuel,TWh,0.01
Kuwait,2013,Fuel,%,0.0
Kuwait,2013,Fuel,%,0.0
Kuwait,2013,Fuel,%,44.71
Kuwait,2013,Fuel,%,0.0
Kuwait,2013,Fuel,%,0.0
Kuwait,2013,Fuel,%,55.27
Kuwait,2013,Fuel,%,0.0
Kuwait,2013,Fuel,%,0.0
Kuwait,2013,Fuel,%,0.02
Kuwait,2013,Fuel,TWh,0.0
Kuwait,2013,Fuel,TWh,0.0
Kuwait,2013,Fuel,TWh,27.27
Kuwait,2013,Fuel,TWh,0.0
Kuwait,2013,Fuel,TWh,0.0
Kuwait,2013,Fuel,TWh,33.71
Kuwait,2013,Fuel,TWh,0.0
Kuwait,2013,Fuel,TWh,0.0
Kuwait,2013,Fuel,TWh,0.01
Kuwait,2013,Total,TWh,60.99
Kuwait,2013,Electricity imports,TWh,0.0
Kuwait,2013,Aggregate fuel,mtCO2,0.0
Kuwait,2013,Aggregate fuel,mtCO2,39.76
Kuwait,2013,Aggregate fuel,mtCO2,39.76
Kuwait,2013,Aggregate fuel,mtCO2,0.0
Kuwait,2013,Aggregate fuel,mtCO2,0.0
Kuwait,2013,Aggregate fuel,mtCO2,0.0
Kuwait,2013,CO2 intensity,gCO2/kWh,651.91
Kuwait,2013,Fuel,mtCO2,0.0
Kuwait,2013,Fuel,mtCO2,0.0
Kuwait,2013,Fuel,mtCO2,17.58
Kuwait,2013,Fuel,mtCO2,0.0
Kuwait,2013,Fuel,mtCO2,0.0
Kuwait,2013,Fuel,mtCO2,22.18
Kuwait,2013,Fuel,mtCO2,0.0
Kuwait,2013,Fuel,mtCO2,0.0
Kuwait,2013,Fuel,mtCO2,0.0
Kuwait,2013,Total,mtCO2,39.76
Kuwait,2014,Aggregate fuel,GW,0.0
Kuwait,2014,Aggregate fuel,GW,15.72
Kuwait,2014,Aggregate fuel,GW,15.72
Kuwait,2014,Aggregate fuel,GW,
Kuwait,2014,Aggregate fuel,GW,0.0
Kuwait,2014,Aggregate fuel,GW,0.0
Kuwait,2014,Fuel,GW,
Kuwait,2014,Fuel,GW,
Kuwait,2014,Fuel,GW,7.22
Kuwait,2014,Fuel,GW,
Kuwait,2014,Fuel,GW,
Kuwait,2014,Fuel,GW,8.5
Kuwait,2014,Fuel,GW,
Kuwait,2014,Fuel,GW,0.0
Kuwait,2014,Fuel,GW,0.0
Kuwait,2014,Demand,TWh,65.15
Kuwait,2014,Demand per capita,MWh,17.77
Kuwait,2014,Aggregate fuel,%,0.02
Kuwait,2014,Aggregate fuel,%,99.99
Kuwait,2014,Aggregate fuel,%,99.99
Kuwait,2014,Aggregate fuel,%,0.0
Kuwait,2014,Aggregate fuel,%,0.02
Kuwait,2014,Aggregate fuel,%,0.02
Kuwait,2014,Aggregate fuel,TWh,0.01
Kuwait,2014,Aggregate fuel,TWh,65.14
Kuwait,2014,Aggregate fuel,TWh,65.14
Kuwait,2014,Aggregate fuel,TWh,0.0
Kuwait,2014,Aggregate fuel,TWh,0.01
Kuwait,2014,Aggregate fuel,TWh,0.01
Kuwait,2014,Fuel,%,0.0
Kuwait,2014,Fuel,%,0.0
Kuwait,2014,Fuel,%,51.85
Kuwait,2014,Fuel,%,0.0
Kuwait,2014,Fuel,%,0.0
Kuwait,2014,Fuel,%,48.14
Kuwait,2014,Fuel,%,0.0
Kuwait,2014,Fuel,%,0.0
Kuwait,2014,Fuel,%,0.02
Kuwait,2014,Fuel,TWh,0.0
Kuwait,2014,Fuel,TWh,0.0
Kuwait,2014,Fuel,TWh,33.78
Kuwait,2014,Fuel,TWh,0.0
Kuwait,2014,Fuel,TWh,0.0
Kuwait,2014,Fuel,TWh,31.36
Kuwait,2014,Fuel,TWh,0.0
Kuwait,2014,Fuel,TWh,0.0
Kuwait,2014,Fuel,TWh,0.01
Kuwait,2014,Total,TWh,65.15
Kuwait,2014,Electricity imports,TWh,0.0
Kuwait,2014,Aggregate fuel,mtCO2,0.0
Kuwait,2014,Aggregate fuel,mtCO2,42.41
Kuwait,2014,Aggregate fuel,mtCO2,42.41
Kuwait,2014,Aggregate fuel,mtCO2,0.0
Kuwait,2014,Aggregate fuel,mtCO2,0.0
Kuwait,2014,Aggregate fuel,mtCO2,0.0
Kuwait,2014,CO2 intensity,gCO2/kWh,650.96
Kuwait,2014,Fuel,mtCO2,0.0
Kuwait,2014,Fuel,mtCO2,0.0
Kuwait,2014,Fuel,mtCO2,21.78
Kuwait,2014,Fuel,mtCO2,0.0
Kuwait,2014,Fuel,mtCO2,0.0
Kuwait,2014,Fuel,mtCO2,20.63
Kuwait,2014,Fuel,mtCO2,0.0
Kuwait,2014,Fuel,mtCO2,0.0
Kuwait,2014,Fuel,mtCO2,0.0
Kuwait,2014,Total,mtCO2,42.41
Kuwait,2015,Aggregate fuel,GW,0.0
Kuwait,2015,Aggregate fuel,GW,18.26
Kuwait,2015,Aggregate fuel,GW,18.26
Kuwait,2015,Aggregate fuel,GW,
Kuwait,2015,Aggregate fuel,GW,0.0
Kuwait,2015,Aggregate fuel,GW,0.0
Kuwait,2015,Fuel,GW,
Kuwait,2015,Fuel,GW,
Kuwait,2015,Fuel,GW,9.76
Kuwait,2015,Fuel,GW,
Kuwait,2015,Fuel,GW,
Kuwait,2015,Fuel,GW,8.5
Kuwait,2015,Fuel,GW,
Kuwait,2015,Fuel,GW,0.0
Kuwait,2015,Fuel,GW,0.0
Kuwait,2015,Demand,TWh,68.3
Kuwait,2015,Demand per capita,MWh,17.81
Kuwait,2015,Aggregate fuel,%,0.01
Kuwait,2015,Aggregate fuel,%,99.99
Kuwait,2015,Aggregate fuel,%,99.99
Kuwait,2015,Aggregate fuel,%,0.0
Kuwait,2015,Aggregate fuel,%,0.01
Kuwait,2015,Aggregate fuel,%,0.01
Kuwait,2015,Aggregate fuel,TWh,0.01
Kuwait,2015,Aggregate fuel,TWh,68.29
Kuwait,2015,Aggregate fuel,TWh,68.29
Kuwait,2015,Aggregate fuel,TWh,0.0
Kuwait,2015,Aggregate fuel,TWh,0.01
Kuwait,2015,Aggregate fuel,TWh,0.01
Kuwait,2015,Fuel,%,0.0
Kuwait,2015,Fuel,%,0.0
Kuwait,2015,Fuel,%,55.3
Kuwait,2015,Fuel,%,0.0
Kuwait,2015,Fuel,%,0.0
Kuwait,2015,Fuel,%,44.69
Kuwait,2015,Fuel,%,0.0
Kuwait,2015,Fuel,%,0.0
Kuwait,2015,Fuel,%,0.01
Kuwait,2015,Fuel,TWh,0.0
Kuwait,2015,Fuel,TWh,0.0
Kuwait,2015,Fuel,TWh,37.77
Kuwait,2015,Fuel,TWh,0.0
Kuwait,2015,Fuel,TWh,0.0
Kuwait,2015,Fuel,TWh,30.52
Kuwait,2015,Fuel,TWh,0.0
Kuwait,2015,Fuel,TWh,0.0
Kuwait,2015,Fuel,TWh,0.01
Kuwait,2015,Total,TWh,68.3
Kuwait,2015,Electricity imports,TWh,0.0
Kuwait,2015,Aggregate fuel,mtCO2,0.0
Kuwait,2015,Aggregate fuel,mtCO2,44.43
Kuwait,2015,Aggregate fuel,mtCO2,44.43
Kuwait,2015,Aggregate fuel,mtCO2,0.0
Kuwait,2015,Aggregate fuel,mtCO2,0.0
Kuwait,2015,Aggregate fuel,mtCO2,0.0
Kuwait,2015,CO2 intensity,gCO2/kWh,650.51
Kuwait,2015,Fuel,mtCO2,0.0
Kuwait,2015,Fuel,mtCO2,0.0
Kuwait,2015,Fuel,mtCO2,24.35
Kuwait,2015,Fuel,mtCO2,0.0
Kuwait,2015,Fuel,mtCO2,0.0
Kuwait,2015,Fuel,mtCO2,20.08
Kuwait,2015,Fuel,mtCO2,0.0
Kuwait,2015,Fuel,mtCO2,0.0
Kuwait,2015,Fuel,mtCO2,0.0
Kuwait,2015,Total,mtCO2,44.43
Kuwait,2016,Aggregate fuel,GW,0.02
Kuwait,2016,Aggregate fuel,GW,18.85
Kuwait,2016,Aggregate fuel,GW,18.85
Kuwait,2016,Aggregate fuel,GW,
Kuwait,2016,Aggregate fuel,GW,0.02
Kuwait,2016,Aggregate fuel,GW,0.02
Kuwait,2016,Fuel,GW,
Kuwait,2016,Fuel,GW,
Kuwait,2016,Fuel,GW,10.35
Kuwait,2016,Fuel,GW,
Kuwait,2016,Fuel,GW,
Kuwait,2016,Fuel,GW,8.5
Kuwait,2016,Fuel,GW,
Kuwait,2016,Fuel,GW,0.02
Kuwait,2016,Fuel,GW,0.0
Kuwait,2016,Demand,TWh,70.1
Kuwait,2016,Demand per capita,MWh,17.51
Kuwait,2016,Aggregate fuel,%,0.02
Kuwait,2016,Aggregate fuel,%,99.97
Kuwait,2016,Aggregate fuel,%,99.97
Kuwait,2016,Aggregate fuel,%,0.0
Kuwait,2016,Aggregate fuel,%,0.02
Kuwait,2016,Aggregate fuel,%,0.02
Kuwait,2016,Aggregate fuel,TWh,0.02
Kuwait,2016,Aggregate fuel,TWh,70.08
Kuwait,2016,Aggregate fuel,TWh,70.08
Kuwait,2016,Aggregate fuel,TWh,0.0
Kuwait,2016,Aggregate fuel,TWh,0.02
Kuwait,2016,Aggregate fuel,TWh,0.02
Kuwait,2016,Fuel,%,0.0
Kuwait,2016,Fuel,%,0.0
Kuwait,2016,Fuel,%,58.1
Kuwait,2016,Fuel,%,0.0
Kuwait,2016,Fuel,%,0.0
Kuwait,2016,Fuel,%,41.87
Kuwait,2016,Fuel,%,0.0
Kuwait,2016,Fuel,%,0.01
Kuwait,2016,Fuel,%,0.01
Kuwait,2016,Fuel,TWh,0.0
Kuwait,2016,Fuel,TWh,0.0
Kuwait,2016,Fuel,TWh,40.73
Kuwait,2016,Fuel,TWh,0.0
Kuwait,2016,Fuel,TWh,0.0
Kuwait,2016,Fuel,TWh,29.35
Kuwait,2016,Fuel,TWh,0.0
Kuwait,2016,Fuel,TWh,0.01
Kuwait,2016,Fuel,TWh,0.01
Kuwait,2016,Total,TWh,70.1
Kuwait,2016,Electricity imports,TWh,0.0
Kuwait,2016,Aggregate fuel,mtCO2,0.0
Kuwait,2016,Aggregate fuel,mtCO2,45.57
Kuwait,2016,Aggregate fuel,mtCO2,45.57
Kuwait,2016,Aggregate fuel,mtCO2,0.0
Kuwait,2016,Aggregate fuel,mtCO2,0.0
Kuwait,2016,Aggregate fuel,mtCO2,0.0
Kuwait,2016,CO2 intensity,gCO2/kWh,650.07
Kuwait,2016,Fuel,mtCO2,0.0
Kuwait,2016,Fuel,mtCO2,0.0
Kuwait,2016,Fuel,mtCO2,26.26
Kuwait,2016,Fuel,mtCO2,0.0
Kuwait,2016,Fuel,mtCO2,0.0
Kuwait,2016,Fuel,mtCO2,19.31
Kuwait,2016,Fuel,mtCO2,0.0
Kuwait,2016,Fuel,mtCO2,0.0
Kuwait,2016,Fuel,mtCO2,0.0
Kuwait,2016,Total,mtCO2,45.57
Kuwait,2017,Aggregate fuel,GW,0.02
Kuwait,2017,Aggregate fuel,GW,18.72
Kuwait,2017,Aggregate fuel,GW,18.72
Kuwait,2017,Aggregate fuel,GW,
Kuwait,2017,Aggregate fuel,GW,0.02
Kuwait,2017,Aggregate fuel,GW,0.02
Kuwait,2017,Fuel,GW,
Kuwait,2017,Fuel,GW,
Kuwait,2017,Fuel,GW,10.22
Kuwait,2017,Fuel,GW,
Kuwait,2017,Fuel,GW,
Kuwait,2017,Fuel,GW,8.5
Kuwait,2017,Fuel,GW,
Kuwait,2017,Fuel,GW,0.02
Kuwait,2017,Fuel,GW,0.0
Kuwait,2017,Demand,TWh,68.89
Kuwait,2017,Demand per capita,MWh,16.58
Kuwait,2017,Aggregate fuel,%,0.05
Kuwait,2017,Aggregate fuel,%,99.94
Kuwait,2017,Aggregate fuel,%,99.94
Kuwait,2017,Aggregate fuel,%,0.0
Kuwait,2017,Aggregate fuel,%,0.05
Kuwait,2017,Aggregate fuel,%,0.05
Kuwait,2017,Aggregate fuel,TWh,0.04
Kuwait,2017,Aggregate fuel,TWh,68.85
Kuwait,2017,Aggregate fuel,TWh,68.85
Kuwait,2017,Aggregate fuel,TWh,0.0
Kuwait,2017,Aggregate fuel,TWh,0.04
Kuwait,2017,Aggregate fuel,TWh,0.04
Kuwait,2017,Fuel,%,0.0
Kuwait,2017,Fuel,%,0.0
Kuwait,2017,Fuel,%,52.85
Kuwait,2017,Fuel,%,0.0
Kuwait,2017,Fuel,%,0.0
Kuwait,2017,Fuel,%,47.09
Kuwait,2017,Fuel,%,0.0
Kuwait,2017,Fuel,%,0.01
Kuwait,2017,Fuel,%,0.04
Kuwait,2017,Fuel,TWh,0.0
Kuwait,2017,Fuel,TWh,0.0
Kuwait,2017,Fuel,TWh,36.41
Kuwait,2017,Fuel,TWh,0.0
Kuwait,2017,Fuel,TWh,0.0
Kuwait,2017,Fuel,TWh,32.44
Kuwait,2017,Fuel,TWh,0.0
Kuwait,2017,Fuel,TWh,0.01
Kuwait,2017,Fuel,TWh,0.03
Kuwait,2017,Total,TWh,68.89
Kuwait,2017,Electricity imports,TWh,0.0
Kuwait,2017,Aggregate fuel,mtCO2,0.0
Kuwait,2017,Aggregate fuel,mtCO2,44.82
Kuwait,2017,Aggregate fuel,mtCO2,44.82
Kuwait,2017,Aggregate fuel,mtCO2,0.0
Kuwait,2017,Aggregate fuel,mtCO2,0.0
Kuwait,2017,Aggregate fuel,mtCO2,0.0
Kuwait,2017,CO2 intensity,gCO2/kWh,650.6
Kuwait,2017,Fuel,mtCO2,0.0
Kuwait,2017,Fuel,mtCO2,0.0
Kuwait,2017,Fuel,mtCO2,23.47
Kuwait,2017,Fuel,mtCO2,0.0
Kuwait,2017,Fuel,mtCO2,0.0
Kuwait,2017,Fuel,mtCO2,21.35
Kuwait,2017,Fuel,mtCO2,0.0
Kuwait,2017,Fuel,mtCO2,0.0
Kuwait,2017,Fuel,mtCO2,0.0
Kuwait,2017,Total,mtCO2,44.82
Kuwait,2018,Aggregate fuel,GW,0.04
Kuwait,2018,Aggregate fuel,GW,18.72
Kuwait,2018,Aggregate fuel,GW,18.72
Kuwait,2018,Aggregate fuel,GW,
Kuwait,2018,Aggregate fuel,GW,0.04
Kuwait,2018,Aggregate fuel,GW,0.04
Kuwait,2018,Fuel,GW,
Kuwait,2018,Fuel,GW,
Kuwait,2018,Fuel,GW,10.22
Kuwait,2018,Fuel,GW,
Kuwait,2018,Fuel,GW,
Kuwait,2018,Fuel,GW,8.5
Kuwait,2018,Fuel,GW,
Kuwait,2018,Fuel,GW,0.03
Kuwait,2018,Fuel,GW,0.01
Kuwait,2018,Demand,TWh,74.13
Kuwait,2018,Demand per capita,MWh,17.15
Kuwait,2018,Aggregate fuel,%,0.12
Kuwait,2018,Aggregate fuel,%,99.87
Kuwait,2018,Aggregate fuel,%,99.87
Kuwait,2018,Aggregate fuel,%,0.0
Kuwait,2018,Aggregate fuel,%,0.12
Kuwait,2018,Aggregate fuel,%,0.12
Kuwait,2018,Aggregate fuel,TWh,0.09
Kuwait,2018,Aggregate fuel,TWh,74.04
Kuwait,2018,Aggregate fuel,TWh,74.04
Kuwait,2018,Aggregate fuel,TWh,0.0
Kuwait,2018,Aggregate fuel,TWh,0.09
Kuwait,2018,Aggregate fuel,TWh,0.09
Kuwait,2018,Fuel,%,0.0
Kuwait,2018,Fuel,%,0.0
Kuwait,2018,Fuel,%,53.2
Kuwait,2018,Fuel,%,0.0
Kuwait,2018,Fuel,%,0.0
Kuwait,2018,Fuel,%,46.67
Kuwait,2018,Fuel,%,0.0
Kuwait,2018,Fuel,%,0.07
Kuwait,2018,Fuel,%,0.05
Kuwait,2018,Fuel,TWh,0.0
Kuwait,2018,Fuel,TWh,0.0
Kuwait,2018,Fuel,TWh,39.44
Kuwait,2018,Fuel,TWh,0.0
Kuwait,2018,Fuel,TWh,0.0
Kuwait,2018,Fuel,TWh,34.6
Kuwait,2018,Fuel,TWh,0.0
Kuwait,2018,Fuel,TWh,0.05
Kuwait,2018,Fuel,TWh,0.04
Kuwait,2018,Total,TWh,74.13
Kuwait,2018,Electricity imports,TWh,0.0
Kuwait,2018,Aggregate fuel,mtCO2,0.0
Kuwait,2018,Aggregate fuel,mtCO2,48.19
Kuwait,2018,Aggregate fuel,mtCO2,48.19
Kuwait,2018,Aggregate fuel,mtCO2,0.0
Kuwait,2018,Aggregate fuel,mtCO2,0.0
Kuwait,2018,Aggregate fuel,mtCO2,0.0
Kuwait,2018,CO2 intensity,gCO2/kWh,650.07
Kuwait,2018,Fuel,mtCO2,0.0
Kuwait,2018,Fuel,mtCO2,0.0
Kuwait,2018,Fuel,mtCO2,25.42
Kuwait,2018,Fuel,mtCO2,0.0
Kuwait,2018,Fuel,mtCO2,0.0
Kuwait,2018,Fuel,mtCO2,22.77
Kuwait,2018,Fuel,mtCO2,0.0
Kuwait,2018,Fuel,mtCO2,0.0
Kuwait,2018,Fuel,mtCO2,0.0
Kuwait,2018,Total,mtCO2,48.19
Kuwait,2019,Aggregate fuel,GW,0.09
Kuwait,2019,Aggregate fuel,GW,19.6
Kuwait,2019,Aggregate fuel,GW,19.6
Kuwait,2019,Aggregate fuel,GW,
Kuwait,2019,Aggregate fuel,GW,0.09
Kuwait,2019,Aggregate fuel,GW,0.09
Kuwait,2019,Fuel,GW,
Kuwait,2019,Fuel,GW,
Kuwait,2019,Fuel,GW,11.1
Kuwait,2019,Fuel,GW,
Kuwait,2019,Fuel,GW,
Kuwait,2019,Fuel,GW,8.5
Kuwait,2019,Fuel,GW,
Kuwait,2019,Fuel,GW,0.08
Kuwait,2019,Fuel,GW,0.01
Kuwait,2019,Demand,TWh,75.04
Kuwait,2019,Demand per capita,MWh,16.89
Kuwait,2019,Aggregate fuel,%,0.13
Kuwait,2019,Aggregate fuel,%,99.86
Kuwait,2019,Aggregate fuel,%,99.86
Kuwait,2019,Aggregate fuel,%,0.0
Kuwait,2019,Aggregate fuel,%,0.13
Kuwait,2019,Aggregate fuel,%,0.13
Kuwait,2019,Aggregate fuel,TWh,0.1
Kuwait,2019,Aggregate fuel,TWh,74.94
Kuwait,2019,Aggregate fuel,TWh,74.94
Kuwait,2019,Aggregate fuel,TWh,0.0
Kuwait,2019,Aggregate fuel,TWh,0.1
Kuwait,2019,Aggregate fuel,TWh,0.1
Kuwait,2019,Fuel,%,0.0
Kuwait,2019,Fuel,%,0.0
Kuwait,2019,Fuel,%,56.5
Kuwait,2019,Fuel,%,0.0
Kuwait,2019,Fuel,%,0.0
Kuwait,2019,Fuel,%,43.36
Kuwait,2019,Fuel,%,0.0
Kuwait,2019,Fuel,%,0.08
Kuwait,2019,Fuel,%,0.05
Kuwait,2019,Fuel,TWh,0.0
Kuwait,2019,Fuel,TWh,0.0
Kuwait,2019,Fuel,TWh,42.4
Kuwait,2019,Fuel,TWh,0.0
Kuwait,2019,Fuel,TWh,0.0
Kuwait,2019,Fuel,TWh,32.54
Kuwait,2019,Fuel,TWh,0.0
Kuwait,2019,Fuel,TWh,0.06
Kuwait,2019,Fuel,TWh,0.04
Kuwait,2019,Total,TWh,75.04
Kuwait,2019,Electricity imports,TWh,0.0
Kuwait,2019,Aggregate fuel,mtCO2,0.0
Kuwait,2019,Aggregate fuel,mtCO2,48.74
Kuwait,2019,Aggregate fuel,mtCO2,48.74
Kuwait,2019,Aggregate fuel,mtCO2,0.0
Kuwait,2019,Aggregate fuel,mtCO2,0.0
Kuwait,2019,Aggregate fuel,mtCO2,0.0
Kuwait,2019,CO2 intensity,gCO2/kWh,649.52
Kuwait,2019,Fuel,mtCO2,0.0
Kuwait,2019,Fuel,mtCO2,0.0
Kuwait,2019,Fuel,mtCO2,27.33
Kuwait,2019,Fuel,mtCO2,0.0
Kuwait,2019,Fuel,mtCO2,0.0
Kuwait,2019,Fuel,mtCO2,21.41
Kuwait,2019,Fuel,mtCO2,0.0
Kuwait,2019,Fuel,mtCO2,0.0
Kuwait,2019,Fuel,mtCO2,0.0
Kuwait,2019,Total,mtCO2,48.74
Kuwait,2020,Aggregate fuel,GW,0.09
Kuwait,2020,Aggregate fuel,GW,20.15
Kuwait,2020,Aggregate fuel,GW,20.15
Kuwait,2020,Aggregate fuel,GW,
Kuwait,2020,Aggregate fuel,GW,0.09
Kuwait,2020,Aggregate fuel,GW,0.09
Kuwait,2020,Fuel,GW,
Kuwait,2020,Fuel,GW,
Kuwait,2020,Fuel,GW,11.65
Kuwait,2020,Fuel,GW,
Kuwait,2020,Fuel,GW,
Kuwait,2020,Fuel,GW,8.5
Kuwait,2020,Fuel,GW,
Kuwait,2020,Fuel,GW,0.08
Kuwait,2020,Fuel,GW,0.01
Kuwait,2020,Demand,TWh,74.64
Kuwait,2020,Demand per capita,MWh,16.96
Kuwait,2020,Aggregate fuel,%,0.12
Kuwait,2020,Aggregate fuel,%,99.88
Kuwait,2020,Aggregate fuel,%,99.88
Kuwait,2020,Aggregate fuel,%,0.0
Kuwait,2020,Aggregate fuel,%,0.12
Kuwait,2020,Aggregate fuel,%,0.12
Kuwait,2020,Aggregate fuel,TWh,0.09
Kuwait,2020,Aggregate fuel,TWh,74.55
Kuwait,2020,Aggregate fuel,TWh,74.55
Kuwait,2020,Aggregate fuel,TWh,0.0
Kuwait,2020,Aggregate fuel,TWh,0.09
Kuwait,2020,Aggregate fuel,TWh,0.09
Kuwait,2020,Fuel,%,0.0
Kuwait,2020,Fuel,%,0.0
Kuwait,2020,Fuel,%,52.57
Kuwait,2020,Fuel,%,0.0
Kuwait,2020,Fuel,%,0.0
Kuwait,2020,Fuel,%,47.31
Kuwait,2020,Fuel,%,0.0
Kuwait,2020,Fuel,%,0.08
Kuwait,2020,Fuel,%,0.04
Kuwait,2020,Fuel,TWh,0.0
Kuwait,2020,Fuel,TWh,0.0
Kuwait,2020,Fuel,TWh,39.24
Kuwait,2020,Fuel,TWh,0.0
Kuwait,2020,Fuel,TWh,0.0
Kuwait,2020,Fuel,TWh,35.31
Kuwait,2020,Fuel,TWh,0.0
Kuwait,2020,Fuel,TWh,0.06
Kuwait,2020,Fuel,TWh,0.03
Kuwait,2020,Total,TWh,74.64
Kuwait,2020,Electricity imports,TWh,0.0
Kuwait,2020,Aggregate fuel,mtCO2,0.0
Kuwait,2020,Aggregate fuel,mtCO2,48.53
Kuwait,2020,Aggregate fuel,mtCO2,48.53
Kuwait,2020,Aggregate fuel,mtCO2,0.0
Kuwait,2020,Aggregate fuel,mtCO2,0.0
Kuwait,2020,Aggregate fuel,mtCO2,0.0
Kuwait,2020,CO2 intensity,gCO2/kWh,650.19
Kuwait,2020,Fuel,mtCO2,0.0
Kuwait,2020,Fuel,mtCO2,0.0
Kuwait,2020,Fuel,mtCO2,25.3
Kuwait,2020,Fuel,mtCO2,0.0
Kuwait,2020,Fuel,mtCO2,0.0
Kuwait,2020,Fuel,mtCO2,23.23
Kuwait,2020,Fuel,mtCO2,0.0
Kuwait,2020,Fuel,mtCO2,0.0
Kuwait,2020,Fuel,mtCO2,0.0
Kuwait,2020,Total,mtCO2,48.53
Kuwait,2021,Aggregate fuel,GW,0.09
Kuwait,2021,Aggregate fuel,GW,20.18
Kuwait,2021,Aggregate fuel,GW,20.18
Kuwait,2021,Aggregate fuel,GW,
Kuwait,2021,Aggregate fuel,GW,0.09
Kuwait,2021,Aggregate fuel,GW,0.09
Kuwait,2021,Fuel,GW,
Kuwait,2021,Fuel,GW,
Kuwait,2021,Fuel,GW,11.68
Kuwait,2021,Fuel,GW,
Kuwait,2021,Fuel,GW,
Kuwait,2021,Fuel,GW,8.5
Kuwait,2021,Fuel,GW,
Kuwait,2021,Fuel,GW,0.08
Kuwait,2021,Fuel,GW,0.01
Kuwait,2021,Demand,TWh,80.8
Kuwait,2021,Demand per capita,MWh,18.53
Kuwait,2021,Aggregate fuel,%,0.26
Kuwait,2021,Aggregate fuel,%,99.74
Kuwait,2021,Aggregate fuel,%,99.74
Kuwait,2021,Aggregate fuel,%,0.0
Kuwait,2021,Aggregate fuel,%,0.26
Kuwait,2021,Aggregate fuel,%,0.26
Kuwait,2021,Aggregate fuel,TWh,0.21
Kuwait,2021,Aggregate fuel,TWh,80.59
Kuwait,2021,Aggregate fuel,TWh,80.59
Kuwait,2021,Aggregate fuel,TWh,0.0
Kuwait,2021,Aggregate fuel,TWh,0.21
Kuwait,2021,Aggregate fuel,TWh,0.21
Kuwait,2021,Fuel,%,0.0
Kuwait,2021,Fuel,%,0.0
Kuwait,2021,Fuel,%,50.84
Kuwait,2021,Fuel,%,0.0
Kuwait,2021,Fuel,%,0.0
Kuwait,2021,Fuel,%,48.9
Kuwait,2021,Fuel,%,0.0
Kuwait,2021,Fuel,%,0.17
Kuwait,2021,Fuel,%,0.09
Kuwait,2021,Fuel,TWh,0.0
Kuwait,2021,Fuel,TWh,0.0
Kuwait,2021,Fuel,TWh,41.08
Kuwait,2021,Fuel,TWh,0.0
Kuwait,2021,Fuel,TWh,0.0
Kuwait,2021,Fuel,TWh,39.51
Kuwait,2021,Fuel,TWh,0.0
Kuwait,2021,Fuel,TWh,0.14
Kuwait,2021,Fuel,TWh,0.07
Kuwait,2021,Total,TWh,80.8
Kuwait,2021,Electricity imports,TWh,0.0
Kuwait,2021,Aggregate fuel,mtCO2,0.01
Kuwait,2021,Aggregate fuel,mtCO2,52.48
Kuwait,2021,Aggregate fuel,mtCO2,52.48
Kuwait,2021,Aggregate fuel,mtCO2,0.0
Kuwait,2021,Aggregate fuel,mtCO2,0.01
Kuwait,2021,Aggregate fuel,mtCO2,0.01
Kuwait,2021,CO2 intensity,gCO2/kWh,649.63
Kuwait,2021,Fuel,mtCO2,0.0
Kuwait,2021,Fuel,mtCO2,0.0
Kuwait,2021,Fuel,mtCO2,26.48
Kuwait,2021,Fuel,mtCO2,0.0
Kuwait,2021,Fuel,mtCO2,0.0
Kuwait,2021,Fuel,mtCO2,26.0
Kuwait,2021,Fuel,mtCO2,0.0
Kuwait,2021,Fuel,mtCO2,0.01
Kuwait,2021,Fuel,mtCO2,0.0
Kuwait,2021,Total,mtCO2,52.49
Kuwait,2022,Aggregate fuel,GW,0.11
Kuwait,2022,Aggregate fuel,GW,20.18
Kuwait,2022,Aggregate fuel,GW,20.18
Kuwait,2022,Aggregate fuel,GW,
Kuwait,2022,Aggregate fuel,GW,0.11
Kuwait,2022,Aggregate fuel,GW,0.11
Kuwait,2022,Fuel,GW,
Kuwait,2022,Fuel,GW,
Kuwait,2022,Fuel,GW,11.68
Kuwait,2022,Fuel,GW,
Kuwait,2022,Fuel,GW,
Kuwait,2022,Fuel,GW,8.5
Kuwait,2022,Fuel,GW,
Kuwait,2022,Fuel,GW,0.1
Kuwait,2022,Fuel,GW,0.01
Kuwait,2022,Demand,TWh,85.29
Kuwait,2022,Demand per capita,MWh,18.58
Kuwait,2022,Aggregate fuel,%,2.23
Kuwait,2022,Aggregate fuel,%,97.77
Kuwait,2022,Aggregate fuel,%,97.77
Kuwait,2022,Aggregate fuel,%,0.0
Kuwait,2022,Aggregate fuel,%,2.23
Kuwait,2022,Aggregate fuel,%,2.23
Kuwait,2022,Aggregate fuel,TWh,1.9
Kuwait,2022,Aggregate fuel,TWh,83.39
Kuwait,2022,Aggregate fuel,TWh,83.39
Kuwait,2022,Aggregate fuel,TWh,0.0
Kuwait,2022,Aggregate fuel,TWh,1.9
Kuwait,2022,Aggregate fuel,TWh,1.9
Kuwait,2022,Fuel,%,0.0
Kuwait,2022,Fuel,%,0.0
Kuwait,2022,Fuel,%,51.01
Kuwait,2022,Fuel,%,0.0
Kuwait,2022,Fuel,%,0.0
Kuwait,2022,Fuel,%,46.76
Kuwait,2022,Fuel,%,0.0
Kuwait,2022,Fuel,%,0.21
Kuwait,2022,Fuel,%,2.02
Kuwait,2022,Fuel,TWh,0.0
Kuwait,2022,Fuel,TWh,0.0
Kuwait,2022,Fuel,TWh,43.51
Kuwait,2022,Fuel,TWh,0.0
Kuwait,2022,Fuel,TWh,0.0
Kuwait,2022,Fuel,TWh,39.88
Kuwait,2022,Fuel,TWh,0.0
Kuwait,2022,Fuel,TWh,0.18
Kuwait,2022,Fuel,TWh,1.72
Kuwait,2022,Total,TWh,85.29
Kuwait,2022,Electricity imports,TWh,0.0
Kuwait,2022,Aggregate fuel,mtCO2,0.03
Kuwait,2022,Aggregate fuel,mtCO2,54.29
Kuwait,2022,Aggregate fuel,mtCO2,54.29
Kuwait,2022,Aggregate fuel,mtCO2,0.0
Kuwait,2022,Aggregate fuel,mtCO2,0.03
Kuwait,2022,Aggregate fuel,mtCO2,0.03
Kuwait,2022,CO2 intensity,gCO2/kWh,636.89
Kuwait,2022,Fuel,mtCO2,0.0
Kuwait,2022,Fuel,mtCO2,0.0
Kuwait,2022,Fuel,mtCO2,28.05
Kuwait,2022,Fuel,mtCO2,0.0
Kuwait,2022,Fuel,mtCO2,0.0
Kuwait,2022,Fuel,mtCO2,26.24
Kuwait,2022,Fuel,mtCO2,0.0
Kuwait,2022,Fuel,mtCO2,0.01
Kuwait,2022,Fuel,mtCO2,0.02
Kuwait,2022,Total,mtCO2,54.32
Kuwait,2023,Aggregate fuel,GW,0.11
Kuwait,2023,Aggregate fuel,GW,20.18
Kuwait,2023,Aggregate fuel,GW,20.18
Kuwait,2023,Aggregate fuel,GW,
Kuwait,2023,Aggregate fuel,GW,0.11
Kuwait,2023,Aggregate fuel,GW,0.11
Kuwait,2023,Fuel,GW,
Kuwait,2023,Fuel,GW,
Kuwait,2023,Fuel,GW,11.68
Kuwait,2023,Fuel,GW,
Kuwait,2023,Fuel,GW,
Kuwait,2023,Fuel,GW,8.5
Kuwait,2023,Fuel,GW,
Kuwait,2023,Fuel,GW,0.1
Kuwait,2023,Fuel,GW,0.01
Kuwait,2023,Demand,TWh,85.57
Kuwait,2023,Demand per capita,MWh,17.68
Kuwait,2023,Aggregate fuel,%,2.23
Kuwait,2023,Aggregate fuel,%,97.77
Kuwait,2023,Aggregate fuel,%,97.77
Kuwait,2023,Aggregate fuel,%,0.0
Kuwait,2023,Aggregate fuel,%,2.23
Kuwait,2023,Aggregate fuel,%,2.23
Kuwait,2023,Aggregate fuel,TWh,1.91
Kuwait,2023,Aggregate fuel,TWh,83.66
Kuwait,2023,Aggregate fuel,TWh,83.66
Kuwait,2023,Aggregate fuel,TWh,0.0
Kuwait,2023,Aggregate fuel,TWh,1.91
Kuwait,2023,Aggregate fuel,TWh,1.91
Kuwait,2023,Fuel,%,0.0
Kuwait,2023,Fuel,%,0.0
Kuwait,2023,Fuel,%,50.92
Kuwait,2023,Fuel,%,0.0
Kuwait,2023,Fuel,%,0.0
Kuwait,2023,Fuel,%,46.85
Kuwait,2023,Fuel,%,0.0
Kuwait,2023,Fuel,%,0.22
Kuwait,2023,Fuel,%,2.01
Kuwait,2023,Fuel,TWh,0.0
Kuwait,2023,Fuel,TWh,0.0
Kuwait,2023,Fuel,TWh,43.57
Kuwait,2023,Fuel,TWh,0.0
Kuwait,2023,Fuel,TWh,0.0
Kuwait,2023,Fuel,TWh,40.09
Kuwait,2023,Fuel,TWh,0.0
Kuwait,2023,Fuel,TWh,0.19
Kuwait,2023,Fuel,TWh,1.72
Kuwait,2023,Total,TWh,85.57
Kuwait,2023,Electricity imports,TWh,0.0
Kuwait,2023,Aggregate fuel,mtCO2,0.03
Kuwait,2023,Aggregate fuel,mtCO2,54.47
Kuwait,2023,Aggregate fuel,mtCO2,54.47
Kuwait,2023,Aggregate fuel,mtCO2,0.0
Kuwait,2023,Aggregate fuel,mtCO2,0.03
Kuwait,2023,Aggregate fuel,mtCO2,0.03
Kuwait,2023,CO2 intensity,gCO2/kWh,636.91
Kuwait,2023,Fuel,mtCO2,0.0
Kuwait,2023,Fuel,mtCO2,0.0
Kuwait,2023,Fuel,mtCO2,28.09
Kuwait,2023,Fuel,mtCO2,0.0
Kuwait,2023,Fuel,mtCO2,0.0
Kuwait,2023,Fuel,mtCO2,26.38
Kuwait,2023,Fuel,mtCO2,0.0
Kuwait,2023,Fuel,mtCO2,0.01
Kuwait,2023,Fuel,mtCO2,0.02
Kuwait,2023,Total,mtCO2,54.5
Kuwait,2024,Aggregate fuel,GW,0.11
Kuwait,2024,Aggregate fuel,GW,20.22
Kuwait,2024,Aggregate fuel,GW,20.22
Kuwait,2024,Aggregate fuel,GW,
Kuwait,2024,Aggregate fuel,GW,0.11
Kuwait,2024,Aggregate fuel,GW,0.11
Kuwait,2024,Fuel,GW,
Kuwait,2024,Fuel,GW,
Kuwait,2024,Fuel,GW,11.72
Kuwait,2024,Fuel,GW,
Kuwait,2024,Fuel,GW,
Kuwait,2024,Fuel,GW,8.5
Kuwait,2024,Fuel,GW,
Kuwait,2024,Fuel,GW,0.1
Kuwait,2024,Fuel,GW,0.01
Kuwait,2024,Demand,TWh,87.66
Kuwait,2024,Demand per capita,MWh,17.77
Kuwait,2024,Aggregate fuel,%,2.18
Kuwait,2024,Aggregate fuel,%,97.82
Kuwait,2024,Aggregate fuel,%,97.82
Kuwait,2024,Aggregate fuel,%,0.0
Kuwait,2024,Aggregate fuel,%,2.18
Kuwait,2024,Aggregate fuel,%,2.18
Kuwait,2024,Aggregate fuel,TWh,1.91
Kuwait,2024,Aggregate fuel,TWh,85.75
Kuwait,2024,Aggregate fuel,TWh,85.75
Kuwait,2024,Aggregate fuel,TWh,0.0
Kuwait,2024,Aggregate fuel,TWh,1.91
Kuwait,2024,Aggregate fuel,TWh,1.91
Kuwait,2024,Fuel,%,0.0
Kuwait,2024,Fuel,%,0.0
Kuwait,2024,Fuel,%,51.08
Kuwait,2024,Fuel,%,0.0
Kuwait,2024,Fuel,%,0.0
Kuwait,2024,Fuel,%,46.74
Kuwait,2024,Fuel,%,0.0
Kuwait,2024,Fuel,%,0.22
Kuwait,2024,Fuel,%,1.96
Kuwait,2024,Fuel,TWh,0.0
Kuwait,2024,Fuel,TWh,0.0
Kuwait,2024,Fuel,TWh,44.78
Kuwait,2024,Fuel,TWh,0.0
Kuwait,2024,Fuel,TWh,0.0
Kuwait,2024,Fuel,TWh,40.97
Kuwait,2024,Fuel,TWh,0.0
Kuwait,2024,Fuel,TWh,0.19
Kuwait,2024,Fuel,TWh,1.72
Kuwait,2024,Total,TWh,87.66
Kuwait,2024,Electricity imports,TWh,0.0
Kuwait,2024,Aggregate fuel,mtCO2,0.03
Kuwait,2024,Aggregate fuel,mtCO2,55.83
Kuwait,2024,Aggregate fuel,mtCO2,55.83
Kuwait,2024,Aggregate fuel,mtCO2,0.0
Kuwait,2024,Aggregate fuel,mtCO2,0.03
Kuwait,2024,Aggregate fuel,mtCO2,0.03
Kuwait,2024,CO2 intensity,gCO2/kWh,637.24
Kuwait,2024,Fuel,mtCO2,0.0
Kuwait,2024,Fuel,mtCO2,0.0
Kuwait,2024,Fuel,mtCO2,28.87
Kuwait,2024,Fuel,mtCO2,0.0
Kuwait,2024,Fuel,mtCO2,0.0
Kuwait,2024,Fuel,mtCO2,26.96
Kuwait,2024,Fuel,mtCO2,0.0
Kuwait,2024,Fuel,mtCO2,0.01
Kuwait,2024,Fuel,mtCO2,0.02
Kuwait,2024,Total,mtCO2,55.86
Tunisia,2000,Aggregate fuel,GW,0.07
Tunisia,2000,Aggregate fuel,GW,1.74
Tunisia,2000,Aggregate fuel,GW,1.74
Tunisia,2000,Aggregate fuel,GW,0.06
Tunisia,2000,Aggregate fuel,GW,0.07
Tunisia,2000,Aggregate fuel,GW,0.01
Tunisia,2000,Fuel,GW,
Tunisia,2000,Fuel,GW,
Tunisia,2000,Fuel,GW,1.74
Tunisia,2000,Fuel,GW,0.06
Tunisia,2000,Fuel,GW,
Tunisia,2000,Fuel,GW,
Tunisia,2000,Fuel,GW,
Tunisia,2000,Fuel,GW,0.0
Tunisia,2000,Fuel,GW,0.01
Tunisia,2000,Demand,TWh,10.59
Tunisia,2000,Demand per capita,MWh,1.08
Tunisia,2000,Aggregate fuel,%,0.76
Tunisia,2000,Aggregate fuel,%,99.24
Tunisia,2000,Aggregate fuel,%,99.24
Tunisia,2000,Aggregate fuel,%,0.57
Tunisia,2000,Aggregate fuel,%,0.76
Tunisia,2000,Aggregate fuel,%,0.19
Tunisia,2000,Aggregate fuel,TWh,0.08
Tunisia,2000,Aggregate fuel,TWh,10.51
Tunisia,2000,Aggregate fuel,TWh,10.51
Tunisia,2000,Aggregate fuel,TWh,0.06
Tunisia,2000,Aggregate fuel,TWh,0.08
Tunisia,2000,Aggregate fuel,TWh,0.02
Tunisia,2000,Fuel,%,0.0
Tunisia,2000,Fuel,%,0.0
Tunisia,2000,Fuel,%,87.63
Tunisia,2000,Fuel,%,0.57
Tunisia,2000,Fuel,%,0.0
Tunisia,2000,Fuel,%,11.61
Tunisia,2000,Fuel,%,0.0
Tunisia,2000,Fuel,%,0.0
Tunisia,2000,Fuel,%,0.19
Tunisia,2000,Fuel,TWh,0.0
Tunisia,2000,Fuel,TWh,0.0
Tunisia,2000,Fuel,TWh,9.28
Tunisia,2000,Fuel,TWh,0.06
Tunisia,2000,Fuel,TWh,0.0
Tunisia,2000,Fuel,TWh,1.23
Tunisia,2000,Fuel,TWh,0.0
Tunisia,2000,Fuel,TWh,0.0
Tunisia,2000,Fuel,TWh,0.02
Tunisia,2000,Total,TWh,10.59
Tunisia,2000,Electricity imports,TWh,0.0
Tunisia,2000,Aggregate fuel,mtCO2,0.0
Tunisia,2000,Aggregate fuel,mtCO2,6.21
Tunisia,2000,Aggregate fuel,mtCO2,6.21
Tunisia,2000,Aggregate fuel,mtCO2,0.0
Tunisia,2000,Aggregate fuel,mtCO2,0.0
Tunisia,2000,Aggregate fuel,mtCO2,0.0
Tunisia,2000,CO2 intensity,gCO2/kWh,586.4
Tunisia,2000,Fuel,mtCO2,0.0
Tunisia,2000,Fuel,mtCO2,0.0
Tunisia,2000,Fuel,mtCO2,5.4
Tunisia,2000,Fuel,mtCO2,0.0
Tunisia,2000,Fuel,mtCO2,0.0
Tunisia,2000,Fuel,mtCO2,0.81
Tunisia,2000,Fuel,mtCO2,0.0
Tunisia,2000,Fuel,mtCO2,0.0
Tunisia,2000,Fuel,mtCO2,0.0
Tunisia,2000,Total,mtCO2,6.21
Tunisia,2001,Aggregate fuel,GW,0.07
Tunisia,2001,Aggregate fuel,GW,1.74
Tunisia,2001,Aggregate fuel,GW,1.74
Tunisia,2001,Aggregate fuel,GW,0.06
Tunisia,2001,Aggregate fuel,GW,0.07
Tunisia,2001,Aggregate fuel,GW,0.01
Tunisia,2001,Fuel,GW,
Tunisia,2001,Fuel,GW,
Tunisia,2001,Fuel,GW,1.74
Tunisia,2001,Fuel,GW,0.06
Tunisia,2001,Fuel,GW,
Tunisia,2001,Fuel,GW,
Tunisia,2001,Fuel,GW,
Tunisia,2001,Fuel,GW,0.0
Tunisia,2001,Fuel,GW,0.01
Tunisia,2001,Demand,TWh,11.39
Tunisia,2001,Demand per capita,MWh,1.15
Tunisia,2001,Aggregate fuel,%,0.62
Tunisia,2001,Aggregate fuel,%,99.38
Tunisia,2001,Aggregate fuel,%,99.38
Tunisia,2001,Aggregate fuel,%,0.44
Tunisia,2001,Aggregate fuel,%,0.62
Tunisia,2001,Aggregate fuel,%,0.18
Tunisia,2001,Aggregate fuel,TWh,0.07
Tunisia,2001,Aggregate fuel,TWh,11.31
Tunisia,2001,Aggregate fuel,TWh,11.31
Tunisia,2001,Aggregate fuel,TWh,0.05
Tunisia,2001,Aggregate fuel,TWh,0.07
Tunisia,2001,Aggregate fuel,TWh,0.02
Tunisia,2001,Fuel,%,0.0
Tunisia,2001,Fuel,%,0.0
Tunisia,2001,Fuel,%,89.54
Tunisia,2001,Fuel,%,0.44
Tunisia,2001,Fuel,%,0.0
Tunisia,2001,Fuel,%,9.84
Tunisia,2001,Fuel,%,0.0
Tunisia,2001,Fuel,%,0.0
Tunisia,2001,Fuel,%,0.18
Tunisia,2001,Fuel,TWh,0.0
Tunisia,2001,Fuel,TWh,0.0
Tunisia,2001,Fuel,TWh,10.19
Tunisia,2001,Fuel,TWh,0.05
Tunisia,2001,Fuel,TWh,0.0
Tunisia,2001,Fuel,TWh,1.12
Tunisia,2001,Fuel,TWh,0.0
Tunisia,2001,Fuel,TWh,0.0
Tunisia,2001,Fuel,TWh,0.02
Tunisia,2001,Total,TWh,11.38
Tunisia,2001,Electricity imports,TWh,0.01
Tunisia,2001,Aggregate fuel,mtCO2,0.0
Tunisia,2001,Aggregate fuel,mtCO2,6.67
Tunisia,2001,Aggregate fuel,mtCO2,6.67
Tunisia,2001,Aggregate fuel,mtCO2,0.0
Tunisia,2001,Aggregate fuel,mtCO2,0.0
Tunisia,2001,Aggregate fuel,mtCO2,0.0
Tunisia,2001,CO2 intensity,gCO2/kWh,586.12
Tunisia,2001,Fuel,mtCO2,0.0
Tunisia,2001,Fuel,mtCO2,0.0
Tunisia,2001,Fuel,mtCO2,5.93
Tunisia,2001,Fuel,mtCO2,0.0
Tunisia,2001,Fuel,mtCO2,0.0
Tunisia,2001,Fuel,mtCO2,0.74
Tunisia,2001,Fuel,mtCO2,0.0
Tunisia,2001,Fuel,mtCO2,0.0
Tunisia,2001,Fuel,mtCO2,0.0
Tunisia,2001,Total,mtCO2,6.67
Tunisia,2002,Aggregate fuel,GW,0.07
Tunisia,2002,Aggregate fuel,GW,2.22
Tunisia,2002,Aggregate fuel,GW,2.22
Tunisia,2002,Aggregate fuel,GW,0.06
Tunisia,2002,Aggregate fuel,GW,0.07
Tunisia,2002,Aggregate fuel,GW,0.01
Tunisia,2002,Fuel,GW,
Tunisia,2002,Fuel,GW,
Tunisia,2002,Fuel,GW,2.22
Tunisia,2002,Fuel,GW,0.06
Tunisia,2002,Fuel,GW,
Tunisia,2002,Fuel,GW,
Tunisia,2002,Fuel,GW,
Tunisia,2002,Fuel,GW,0.0
Tunisia,2002,Fuel,GW,0.01
Tunisia,2002,Demand,TWh,11.78
Tunisia,2002,Demand per capita,MWh,1.18
Tunisia,2002,Aggregate fuel,%,0.76
Tunisia,2002,Aggregate fuel,%,99.24
Tunisia,2002,Aggregate fuel,%,99.24
Tunisia,2002,Aggregate fuel,%,0.51
Tunisia,2002,Aggregate fuel,%,0.76
Tunisia,2002,Aggregate fuel,%,0.25
Tunisia,2002,Aggregate fuel,TWh,0.09
Tunisia,2002,Aggregate fuel,TWh,11.75
Tunisia,2002,Aggregate fuel,TWh,11.75
Tunisia,2002,Aggregate fuel,TWh,0.06
Tunisia,2002,Aggregate fuel,TWh,0.09
Tunisia,2002,Aggregate fuel,TWh,0.03
Tunisia,2002,Fuel,%,0.0
Tunisia,2002,Fuel,%,0.0
Tunisia,2002,Fuel,%,89.1
Tunisia,2002,Fuel,%,0.51
Tunisia,2002,Fuel,%,0.0
Tunisia,2002,Fuel,%,10.14
Tunisia,2002,Fuel,%,0.0
Tunisia,2002,Fuel,%,0.0
Tunisia,2002,Fuel,%,0.25
Tunisia,2002,Fuel,TWh,0.0
Tunisia,2002,Fuel,TWh,0.0
Tunisia,2002,Fuel,TWh,10.55
Tunisia,2002,Fuel,TWh,0.06
Tunisia,2002,Fuel,TWh,0.0
Tunisia,2002,Fuel,TWh,1.2
Tunisia,2002,Fuel,TWh,0.0
Tunisia,2002,Fuel,TWh,0.0
Tunisia,2002,Fuel,TWh,0.03
Tunisia,2002,Total,TWh,11.84
Tunisia,2002,Electricity imports,TWh,-0.06
Tunisia,2002,Aggregate fuel,mtCO2,0.0
Tunisia,2002,Aggregate fuel,mtCO2,6.92
Tunisia,2002,Aggregate fuel,mtCO2,6.92
Tunisia,2002,Aggregate fuel,mtCO2,0.0
Tunisia,2002,Aggregate fuel,mtCO2,0.0
Tunisia,2002,Aggregate fuel,mtCO2,0.0
Tunisia,2002,CO2 intensity,gCO2/kWh,584.46
Tunisia,2002,Fuel,mtCO2,0.0
Tunisia,2002,Fuel,mtCO2,0.0
Tunisia,2002,Fuel,mtCO2,6.13
Tunisia,2002,Fuel,mtCO2,0.0
Tunisia,2002,Fuel,mtCO2,0.0
Tunisia,2002,Fuel,mtCO2,0.79
Tunisia,2002,Fuel,mtCO2,0.0
Tunisia,2002,Fuel,mtCO2,0.0
Tunisia,2002,Fuel,mtCO2,0.0
Tunisia,2002,Total,mtCO2,6.92
Tunisia,2003,Aggregate fuel,GW,0.08
Tunisia,2003,Aggregate fuel,GW,2.22
Tunisia,2003,Aggregate fuel,GW,2.22
Tunisia,2003,Aggregate fuel,GW,0.06
Tunisia,2003,Aggregate fuel,GW,0.08
Tunisia,2003,Aggregate fuel,GW,0.02
Tunisia,2003,Fuel,GW,
Tunisia,2003,Fuel,GW,
Tunisia,2003,Fuel,GW,2.22
Tunisia,2003,Fuel,GW,0.06
Tunisia,2003,Fuel,GW,
Tunisia,2003,Fuel,GW,
Tunisia,2003,Fuel,GW,
Tunisia,2003,Fuel,GW,0.0
Tunisia,2003,Fuel,GW,0.02
Tunisia,2003,Demand,TWh,11.26
Tunisia,2003,Demand per capita,MWh,1.12
Tunisia,2003,Aggregate fuel,%,1.69
Tunisia,2003,Aggregate fuel,%,98.32
Tunisia,2003,Aggregate fuel,%,98.32
Tunisia,2003,Aggregate fuel,%,1.42
Tunisia,2003,Aggregate fuel,%,1.69
Tunisia,2003,Aggregate fuel,%,0.27
Tunisia,2003,Aggregate fuel,TWh,0.19
Tunisia,2003,Aggregate fuel,TWh,11.09
Tunisia,2003,Aggregate fuel,TWh,11.09
Tunisia,2003,Aggregate fuel,TWh,0.16
Tunisia,2003,Aggregate fuel,TWh,0.19
Tunisia,2003,Aggregate fuel,TWh,0.03
Tunisia,2003,Fuel,%,0.0
Tunisia,2003,Fuel,%,0.0
Tunisia,2003,Fuel,%,97.43
Tunisia,2003,Fuel,%,1.42
Tunisia,2003,Fuel,%,0.0
Tunisia,2003,Fuel,%,0.89
Tunisia,2003,Fuel,%,0.0
Tunisia,2003,Fuel,%,0.0
Tunisia,2003,Fuel,%,0.27
Tunisia,2003,Fuel,TWh,0.0
Tunisia,2003,Fuel,TWh,0.0
Tunisia,2003,Fuel,TWh,10.99
Tunisia,2003,Fuel,TWh,0.16
Tunisia,2003,Fuel,TWh,0.0
Tunisia,2003,Fuel,TWh,0.1
Tunisia,2003,Fuel,TWh,0.0
Tunisia,2003,Fuel,TWh,0.0
Tunisia,2003,Fuel,TWh,0.03
Tunisia,2003,Total,TWh,11.28
Tunisia,2003,Electricity imports,TWh,-0.02
Tunisia,2003,Aggregate fuel,mtCO2,0.0
Tunisia,2003,Aggregate fuel,mtCO2,6.46
Tunisia,2003,Aggregate fuel,mtCO2,6.46
Tunisia,2003,Aggregate fuel,mtCO2,0.0
Tunisia,2003,Aggregate fuel,mtCO2,0.0
Tunisia,2003,Aggregate fuel,mtCO2,0.0
Tunisia,2003,CO2 intensity,gCO2/kWh,572.7
Tunisia,2003,Fuel,mtCO2,0.0
Tunisia,2003,Fuel,mtCO2,0.0
Tunisia,2003,Fuel,mtCO2,6.39
Tunisia,2003,Fuel,mtCO2,0.0
Tunisia,2003,Fuel,mtCO2,0.0
Tunisia,2003,Fuel,mtCO2,0.07
Tunisia,2003,Fuel,mtCO2,0.0
Tunisia,2003,Fuel,mtCO2,0.0
Tunisia,2003,Fuel,mtCO2,0.0
Tunisia,2003,Total,mtCO2,6.46
Tunisia,2004,Aggregate fuel,GW,0.08
Tunisia,2004,Aggregate fuel,GW,2.34
Tunisia,2004,Aggregate fuel,GW,2.34
Tunisia,2004,Aggregate fuel,GW,0.06
Tunisia,2004,Aggregate fuel,GW,0.08
Tunisia,2004,Aggregate fuel,GW,0.02
Tunisia,2004,Fuel,GW,
Tunisia,2004,Fuel,GW,
Tunisia,2004,Fuel,GW,2.34
Tunisia,2004,Fuel,GW,0.06
Tunisia,2004,Fuel,GW,
Tunisia,2004,Fuel,GW,
Tunisia,2004,Fuel,GW,
Tunisia,2004,Fuel,GW,0.0
Tunisia,2004,Fuel,GW,0.02
Tunisia,2004,Demand,TWh,11.9
Tunisia,2004,Demand per capita,MWh,1.17
Tunisia,2004,Aggregate fuel,%,1.6
Tunisia,2004,Aggregate fuel,%,98.41
Tunisia,2004,Aggregate fuel,%,98.41
Tunisia,2004,Aggregate fuel,%,1.26
Tunisia,2004,Aggregate fuel,%,1.6
Tunisia,2004,Aggregate fuel,%,0.34
Tunisia,2004,Aggregate fuel,TWh,0.19
Tunisia,2004,Aggregate fuel,TWh,11.74
Tunisia,2004,Aggregate fuel,TWh,11.74
Tunisia,2004,Aggregate fuel,TWh,0.15
Tunisia,2004,Aggregate fuel,TWh,0.19
Tunisia,2004,Aggregate fuel,TWh,0.04
Tunisia,2004,Fuel,%,0.0
Tunisia,2004,Fuel,%,0.0
Tunisia,2004,Fuel,%,97.15
Tunisia,2004,Fuel,%,1.26
Tunisia,2004,Fuel,%,0.0
Tunisia,2004,Fuel,%,1.26
Tunisia,2004,Fuel,%,0.0
Tunisia,2004,Fuel,%,0.0
Tunisia,2004,Fuel,%,0.34
Tunisia,2004,Fuel,TWh,0.0
Tunisia,2004,Fuel,TWh,0.0
Tunisia,2004,Fuel,TWh,11.59
Tunisia,2004,Fuel,TWh,0.15
Tunisia,2004,Fuel,TWh,0.0
Tunisia,2004,Fuel,TWh,0.15
Tunisia,2004,Fuel,TWh,0.0
Tunisia,2004,Fuel,TWh,0.0
Tunisia,2004,Fuel,TWh,0.04
Tunisia,2004,Total,TWh,11.93
Tunisia,2004,Electricity imports,TWh,-0.03
Tunisia,2004,Aggregate fuel,mtCO2,0.0
Tunisia,2004,Aggregate fuel,mtCO2,6.84
Tunisia,2004,Aggregate fuel,mtCO2,6.84
Tunisia,2004,Aggregate fuel,mtCO2,0.0
Tunisia,2004,Aggregate fuel,mtCO2,0.0
Tunisia,2004,Aggregate fuel,mtCO2,0.0
Tunisia,2004,CO2 intensity,gCO2/kWh,573.35
Tunisia,2004,Fuel,mtCO2,0.0
Tunisia,2004,Fuel,mtCO2,0.0
Tunisia,2004,Fuel,mtCO2,6.74
Tunisia,2004,Fuel,mtCO2,0.0
Tunisia,2004,Fuel,mtCO2,0.0
Tunisia,2004,Fuel,mtCO2,0.1
Tunisia,2004,Fuel,mtCO2,0.0
Tunisia,2004,Fuel,mtCO2,0.0
Tunisia,2004,Fuel,mtCO2,0.0
Tunisia,2004,Total,mtCO2,6.84
Tunisia,2005,Aggregate fuel,GW,0.08
Tunisia,2005,Aggregate fuel,GW,2.58
Tunisia,2005,Aggregate fuel,GW,2.58
Tunisia,2005,Aggregate fuel,GW,0.06
Tunisia,2005,Aggregate fuel,GW,0.08
Tunisia,2005,Aggregate fuel,GW,0.02
Tunisia,2005,Fuel,GW,
Tunisia,2005,Fuel,GW,
Tunisia,2005,Fuel,GW,2.58
Tunisia,2005,Fuel,GW,0.06
Tunisia,2005,Fuel,GW,
Tunisia,2005,Fuel,GW,
Tunisia,2005,Fuel,GW,
Tunisia,2005,Fuel,GW,0.0
Tunisia,2005,Fuel,GW,0.02
Tunisia,2005,Demand,TWh,12.66
Tunisia,2005,Demand per capita,MWh,1.23
Tunisia,2005,Aggregate fuel,%,1.43
Tunisia,2005,Aggregate fuel,%,98.58
Tunisia,2005,Aggregate fuel,%,98.58
Tunisia,2005,Aggregate fuel,%,1.11
Tunisia,2005,Aggregate fuel,%,1.43
Tunisia,2005,Aggregate fuel,%,0.32
Tunisia,2005,Aggregate fuel,TWh,0.18
Tunisia,2005,Aggregate fuel,TWh,12.48
Tunisia,2005,Aggregate fuel,TWh,12.48
Tunisia,2005,Aggregate fuel,TWh,0.14
Tunisia,2005,Aggregate fuel,TWh,0.18
Tunisia,2005,Aggregate fuel,TWh,0.04
Tunisia,2005,Fuel,%,0.0
Tunisia,2005,Fuel,%,0.0
Tunisia,2005,Fuel,%,96.92
Tunisia,2005,Fuel,%,1.11
Tunisia,2005,Fuel,%,0.0
Tunisia,2005,Fuel,%,1.66
Tunisia,2005,Fuel,%,0.0
Tunisia,2005,Fuel,%,0.0
Tunisia,2005,Fuel,%,0.32
Tunisia,2005,Fuel,TWh,0.0
Tunisia,2005,Fuel,TWh,0.0
Tunisia,2005,Fuel,TWh,12.27
Tunisia,2005,Fuel,TWh,0.14
Tunisia,2005,Fuel,TWh,0.0
Tunisia,2005,Fuel,TWh,0.21
Tunisia,2005,Fuel,TWh,0.0
Tunisia,2005,Fuel,TWh,0.0
Tunisia,2005,Fuel,TWh,0.04
Tunisia,2005,Total,TWh,12.66
Tunisia,2005,Electricity imports,TWh,0.0
Tunisia,2005,Aggregate fuel,mtCO2,0.0
Tunisia,2005,Aggregate fuel,mtCO2,7.27
Tunisia,2005,Aggregate fuel,mtCO2,7.27
Tunisia,2005,Aggregate fuel,mtCO2,0.0
Tunisia,2005,Aggregate fuel,mtCO2,0.0
Tunisia,2005,Aggregate fuel,mtCO2,0.0
Tunisia,2005,CO2 intensity,gCO2/kWh,574.25
Tunisia,2005,Fuel,mtCO2,0.0
Tunisia,2005,Fuel,mtCO2,0.0
Tunisia,2005,Fuel,mtCO2,7.13
Tunisia,2005,Fuel,mtCO2,0.0
Tunisia,2005,Fuel,mtCO2,0.0
Tunisia,2005,Fuel,mtCO2,0.14
Tunisia,2005,Fuel,mtCO2,0.0
Tunisia,2005,Fuel,mtCO2,0.0
Tunisia,2005,Fuel,mtCO2,0.0
Tunisia,2005,Total,mtCO2,7.27
Tunisia,2006,Aggregate fuel,GW,0.08
Tunisia,2006,Aggregate fuel,GW,2.58
Tunisia,2006,Aggregate fuel,GW,2.58
Tunisia,2006,Aggregate fuel,GW,0.06
Tunisia,2006,Aggregate fuel,GW,0.08
Tunisia,2006,Aggregate fuel,GW,0.02
Tunisia,2006,Fuel,GW,
Tunisia,2006,Fuel,GW,
Tunisia,2006,Fuel,GW,2.58
Tunisia,2006,Fuel,GW,0.06
Tunisia,2006,Fuel,GW,
Tunisia,2006,Fuel,GW,
Tunisia,2006,Fuel,GW,
Tunisia,2006,Fuel,GW,0.0
Tunisia,2006,Fuel,GW,0.02
Tunisia,2006,Demand,TWh,13.08
Tunisia,2006,Demand per capita,MWh,1.26
Tunisia,2006,Aggregate fuel,%,1.0
Tunisia,2006,Aggregate fuel,%,99.0
Tunisia,2006,Aggregate fuel,%,99.0
Tunisia,2006,Aggregate fuel,%,0.69
Tunisia,2006,Aggregate fuel,%,1.0
Tunisia,2006,Aggregate fuel,%,0.31
Tunisia,2006,Aggregate fuel,TWh,0.13
Tunisia,2006,Aggregate fuel,TWh,12.94
Tunisia,2006,Aggregate fuel,TWh,12.94
Tunisia,2006,Aggregate fuel,TWh,0.09
Tunisia,2006,Aggregate fuel,TWh,0.13
Tunisia,2006,Aggregate fuel,TWh,0.04
Tunisia,2006,Fuel,%,0.0
Tunisia,2006,Fuel,%,0.0
Tunisia,2006,Fuel,%,91.35
Tunisia,2006,Fuel,%,0.69
Tunisia,2006,Fuel,%,0.0
Tunisia,2006,Fuel,%,7.65
Tunisia,2006,Fuel,%,0.0
Tunisia,2006,Fuel,%,0.0
Tunisia,2006,Fuel,%,0.31
Tunisia,2006,Fuel,TWh,0.0
Tunisia,2006,Fuel,TWh,0.0
Tunisia,2006,Fuel,TWh,11.94
Tunisia,2006,Fuel,TWh,0.09
Tunisia,2006,Fuel,TWh,0.0
Tunisia,2006,Fuel,TWh,1.0
Tunisia,2006,Fuel,TWh,0.0
Tunisia,2006,Fuel,TWh,0.0
Tunisia,2006,Fuel,TWh,0.04
Tunisia,2006,Total,TWh,13.07
Tunisia,2006,Electricity imports,TWh,0.01
Tunisia,2006,Aggregate fuel,mtCO2,0.0
Tunisia,2006,Aggregate fuel,mtCO2,7.6
Tunisia,2006,Aggregate fuel,mtCO2,7.6
Tunisia,2006,Aggregate fuel,mtCO2,0.0
Tunisia,2006,Aggregate fuel,mtCO2,0.0
Tunisia,2006,Aggregate fuel,mtCO2,0.0
Tunisia,2006,CO2 intensity,gCO2/kWh,581.48
Tunisia,2006,Fuel,mtCO2,0.0
Tunisia,2006,Fuel,mtCO2,0.0
Tunisia,2006,Fuel,mtCO2,6.94
Tunisia,2006,Fuel,mtCO2,0.0
Tunisia,2006,Fuel,mtCO2,0.0
Tunisia,2006,Fuel,mtCO2,0.66
Tunisia,2006,Fuel,mtCO2,0.0
Tunisia,2006,Fuel,mtCO2,0.0
Tunisia,2006,Fuel,mtCO2,0.0
Tunisia,2006,Total,mtCO2,7.6
Tunisia,2007,Aggregate fuel,GW,0.08
Tunisia,2007,Aggregate fuel,GW,2.7
Tunisia,2007,Aggregate fuel,GW,2.7
Tunisia,2007,Aggregate fuel,GW,0.06
Tunisia,2007,Aggregate fuel,GW,0.08
Tunisia,2007,Aggregate fuel,GW,0.02
Tunisia,2007,Fuel,GW,
Tunisia,2007,Fuel,GW,
Tunisia,2007,Fuel,GW,2.7
Tunisia,2007,Fuel,GW,0.06
Tunisia,2007,Fuel,GW,
Tunisia,2007,Fuel,GW,
Tunisia,2007,Fuel,GW,
Tunisia,2007,Fuel,GW,0.0
Tunisia,2007,Fuel,GW,0.02
Tunisia,2007,Demand,TWh,13.73
Tunisia,2007,Demand per capita,MWh,1.32
Tunisia,2007,Aggregate fuel,%,0.65
Tunisia,2007,Aggregate fuel,%,99.35
Tunisia,2007,Aggregate fuel,%,99.35
Tunisia,2007,Aggregate fuel,%,0.36
Tunisia,2007,Aggregate fuel,%,0.65
Tunisia,2007,Aggregate fuel,%,0.29
Tunisia,2007,Aggregate fuel,TWh,0.09
Tunisia,2007,Aggregate fuel,TWh,13.65
Tunisia,2007,Aggregate fuel,TWh,13.65
Tunisia,2007,Aggregate fuel,TWh,0.05
Tunisia,2007,Aggregate fuel,TWh,0.09
Tunisia,2007,Aggregate fuel,TWh,0.04
Tunisia,2007,Fuel,%,0.0
Tunisia,2007,Fuel,%,0.0
Tunisia,2007,Fuel,%,88.72
Tunisia,2007,Fuel,%,0.36
Tunisia,2007,Fuel,%,0.0
Tunisia,2007,Fuel,%,10.63
Tunisia,2007,Fuel,%,0.0
Tunisia,2007,Fuel,%,0.0
Tunisia,2007,Fuel,%,0.29
Tunisia,2007,Fuel,TWh,0.0
Tunisia,2007,Fuel,TWh,0.0
Tunisia,2007,Fuel,TWh,12.19
Tunisia,2007,Fuel,TWh,0.05
Tunisia,2007,Fuel,TWh,0.0
Tunisia,2007,Fuel,TWh,1.46
Tunisia,2007,Fuel,TWh,0.0
Tunisia,2007,Fuel,TWh,0.0
Tunisia,2007,Fuel,TWh,0.04
Tunisia,2007,Total,TWh,13.74
Tunisia,2007,Electricity imports,TWh,-0.01
Tunisia,2007,Aggregate fuel,mtCO2,0.0
Tunisia,2007,Aggregate fuel,mtCO2,8.05
Tunisia,2007,Aggregate fuel,mtCO2,8.05
Tunisia,2007,Aggregate fuel,mtCO2,0.0
Tunisia,2007,Aggregate fuel,mtCO2,0.0
Tunisia,2007,Aggregate fuel,mtCO2,0.0
Tunisia,2007,CO2 intensity,gCO2/kWh,585.88
Tunisia,2007,Fuel,mtCO2,0.0
Tunisia,2007,Fuel,mtCO2,0.0
Tunisia,2007,Fuel,mtCO2,7.09
Tunisia,2007,Fuel,mtCO2,0.0
Tunisia,2007,Fuel,mtCO2,0.0
Tunisia,2007,Fuel,mtCO2,0.96
Tunisia,2007,Fuel,mtCO2,0.0
Tunisia,2007,Fuel,mtCO2,0.0
Tunisia,2007,Fuel,mtCO2,0.0
Tunisia,2007,Total,mtCO2,8.05
Tunisia,2008,Aggregate fuel,GW,0.08
Tunisia,2008,Aggregate fuel,GW,2.7
Tunisia,2008,Aggregate fuel,GW,2.7
Tunisia,2008,Aggregate fuel,GW,0.06
Tunisia,2008,Aggregate fuel,GW,0.08
Tunisia,2008,Aggregate fuel,GW,0.02
Tunisia,2008,Fuel,GW,
Tunisia,2008,Fuel,GW,
Tunisia,2008,Fuel,GW,2.7
Tunisia,2008,Fuel,GW,0.06
Tunisia,2008,Fuel,GW,
Tunisia,2008,Fuel,GW,
Tunisia,2008,Fuel,GW,
Tunisia,2008,Fuel,GW,0.0
Tunisia,2008,Fuel,GW,0.02
Tunisia,2008,Demand,TWh,14.36
Tunisia,2008,Demand per capita,MWh,1.36
Tunisia,2008,Aggregate fuel,%,0.49
Tunisia,2008,Aggregate fuel,%,99.51
Tunisia,2008,Aggregate fuel,%,99.51
Tunisia,2008,Aggregate fuel,%,0.21
Tunisia,2008,Aggregate fuel,%,0.49
Tunisia,2008,Aggregate fuel,%,0.28
Tunisia,2008,Aggregate fuel,TWh,0.07
Tunisia,2008,Aggregate fuel,TWh,14.3
Tunisia,2008,Aggregate fuel,TWh,14.3
Tunisia,2008,Aggregate fuel,TWh,0.03
Tunisia,2008,Aggregate fuel,TWh,0.07
Tunisia,2008,Aggregate fuel,TWh,0.04
Tunisia,2008,Fuel,%,0.0
Tunisia,2008,Fuel,%,0.0
Tunisia,2008,Fuel,%,94.5
Tunisia,2008,Fuel,%,0.21
Tunisia,2008,Fuel,%,0.0
Tunisia,2008,Fuel,%,5.01
Tunisia,2008,Fuel,%,0.0
Tunisia,2008,Fuel,%,0.0
Tunisia,2008,Fuel,%,0.28
Tunisia,2008,Fuel,TWh,0.0
Tunisia,2008,Fuel,TWh,0.0
Tunisia,2008,Fuel,TWh,13.58
Tunisia,2008,Fuel,TWh,0.03
Tunisia,2008,Fuel,TWh,0.0
Tunisia,2008,Fuel,TWh,0.72
Tunisia,2008,Fuel,TWh,0.0
Tunisia,2008,Fuel,TWh,0.0
Tunisia,2008,Fuel,TWh,0.04
Tunisia,2008,Total,TWh,14.37
Tunisia,2008,Electricity imports,TWh,-0.01
Tunisia,2008,Aggregate fuel,mtCO2,0.0
Tunisia,2008,Aggregate fuel,mtCO2,8.37
Tunisia,2008,Aggregate fuel,mtCO2,8.37
Tunisia,2008,Aggregate fuel,mtCO2,0.0
Tunisia,2008,Aggregate fuel,mtCO2,0.0
Tunisia,2008,Aggregate fuel,mtCO2,0.0
Tunisia,2008,CO2 intensity,gCO2/kWh,582.46
Tunisia,2008,Fuel,mtCO2,0.0
Tunisia,2008,Fuel,mtCO2,0.0
Tunisia,2008,Fuel,mtCO2,7.9
Tunisia,2008,Fuel,mtCO2,0.0
Tunisia,2008,Fuel,mtCO2,0.0
Tunisia,2008,Fuel,mtCO2,0.47
Tunisia,2008,Fuel,mtCO2,0.0
Tunisia,2008,Fuel,mtCO2,0.0
Tunisia,2008,Fuel,mtCO2,0.0
Tunisia,2008,Total,mtCO2,8.37
Tunisia,2009,Aggregate fuel,GW,0.11
Tunisia,2009,Aggregate fuel,GW,2.82
Tunisia,2009,Aggregate fuel,GW,2.82
Tunisia,2009,Aggregate fuel,GW,0.06
Tunisia,2009,Aggregate fuel,GW,0.11
Tunisia,2009,Aggregate fuel,GW,0.05
Tunisia,2009,Fuel,GW,
Tunisia,2009,Fuel,GW,
Tunisia,2009,Fuel,GW,2.82
Tunisia,2009,Fuel,GW,0.06
Tunisia,2009,Fuel,GW,
Tunisia,2009,Fuel,GW,
Tunisia,2009,Fuel,GW,
Tunisia,2009,Fuel,GW,0.0
Tunisia,2009,Fuel,GW,0.05
Tunisia,2009,Demand,TWh,15.3
Tunisia,2009,Demand per capita,MWh,1.44
Tunisia,2009,Aggregate fuel,%,1.18
Tunisia,2009,Aggregate fuel,%,98.82
Tunisia,2009,Aggregate fuel,%,98.82
Tunisia,2009,Aggregate fuel,%,0.52
Tunisia,2009,Aggregate fuel,%,1.18
Tunisia,2009,Aggregate fuel,%,0.66
Tunisia,2009,Aggregate fuel,TWh,0.18
Tunisia,2009,Aggregate fuel,TWh,15.08
Tunisia,2009,Aggregate fuel,TWh,15.08
Tunisia,2009,Aggregate fuel,TWh,0.08
Tunisia,2009,Aggregate fuel,TWh,0.18
Tunisia,2009,Aggregate fuel,TWh,0.1
Tunisia,2009,Fuel,%,0.0
Tunisia,2009,Fuel,%,0.0
Tunisia,2009,Fuel,%,95.35
Tunisia,2009,Fuel,%,0.52
Tunisia,2009,Fuel,%,0.0
Tunisia,2009,Fuel,%,3.47
Tunisia,2009,Fuel,%,0.0
Tunisia,2009,Fuel,%,0.0
Tunisia,2009,Fuel,%,0.66
Tunisia,2009,Fuel,TWh,0.0
Tunisia,2009,Fuel,TWh,0.0
Tunisia,2009,Fuel,TWh,14.55
Tunisia,2009,Fuel,TWh,0.08
Tunisia,2009,Fuel,TWh,0.0
Tunisia,2009,Fuel,TWh,0.53
Tunisia,2009,Fuel,TWh,0.0
Tunisia,2009,Fuel,TWh,0.0
Tunisia,2009,Fuel,TWh,0.1
Tunisia,2009,Total,TWh,15.26
Tunisia,2009,Electricity imports,TWh,0.04
Tunisia,2009,Aggregate fuel,mtCO2,0.0
Tunisia,2009,Aggregate fuel,mtCO2,8.81
Tunisia,2009,Aggregate fuel,mtCO2,8.81
Tunisia,2009,Aggregate fuel,mtCO2,0.0
Tunisia,2009,Aggregate fuel,mtCO2,0.0
Tunisia,2009,Aggregate fuel,mtCO2,0.0
Tunisia,2009,CO2 intensity,gCO2/kWh,577.33
Tunisia,2009,Fuel,mtCO2,0.0
Tunisia,2009,Fuel,mtCO2,0.0
Tunisia,2009,Fuel,mtCO2,8.46
Tunisia,2009,Fuel,mtCO2,0.0
Tunisia,2009,Fuel,mtCO2,0.0
Tunisia,2009,Fuel,mtCO2,0.35
Tunisia,2009,Fuel,mtCO2,0.0
Tunisia,2009,Fuel,mtCO2,0.0
Tunisia,2009,Fuel,mtCO2,0.0
Tunisia,2009,Total,mtCO2,8.81
Tunisia,2010,Aggregate fuel,GW,0.11
Tunisia,2010,Aggregate fuel,GW,2.94
Tunisia,2010,Aggregate fuel,GW,2.94
Tunisia,2010,Aggregate fuel,GW,0.06
Tunisia,2010,Aggregate fuel,GW,0.11
Tunisia,2010,Aggregate fuel,GW,0.05
Tunisia,2010,Fuel,GW,
Tunisia,2010,Fuel,GW,
Tunisia,2010,Fuel,GW,2.94
Tunisia,2010,Fuel,GW,0.06
Tunisia,2010,Fuel,GW,
Tunisia,2010,Fuel,GW,
Tunisia,2010,Fuel,GW,
Tunisia,2010,Fuel,GW,0.0
Tunisia,2010,Fuel,GW,0.05
Tunisia,2010,Demand,TWh,15.91
Tunisia,2010,Demand per capita,MWh,1.48
Tunisia,2010,Aggregate fuel,%,1.19
Tunisia,2010,Aggregate fuel,%,98.8
Tunisia,2010,Aggregate fuel,%,98.8
Tunisia,2010,Aggregate fuel,%,0.31
Tunisia,2010,Aggregate fuel,%,1.19
Tunisia,2010,Aggregate fuel,%,0.88
Tunisia,2010,Aggregate fuel,TWh,0.19
Tunisia,2010,Aggregate fuel,TWh,15.7
Tunisia,2010,Aggregate fuel,TWh,15.7
Tunisia,2010,Aggregate fuel,TWh,0.05
Tunisia,2010,Aggregate fuel,TWh,0.19
Tunisia,2010,Aggregate fuel,TWh,0.14
Tunisia,2010,Fuel,%,0.0
Tunisia,2010,Fuel,%,0.0
Tunisia,2010,Fuel,%,98.8
Tunisia,2010,Fuel,%,0.31
Tunisia,2010,Fuel,%,0.0
Tunisia,2010,Fuel,%,0.0
Tunisia,2010,Fuel,%,0.0
Tunisia,2010,Fuel,%,0.0
Tunisia,2010,Fuel,%,0.88
Tunisia,2010,Fuel,TWh,0.0
Tunisia,2010,Fuel,TWh,0.0
Tunisia,2010,Fuel,TWh,15.7
Tunisia,2010,Fuel,TWh,0.05
Tunisia,2010,Fuel,TWh,0.0
Tunisia,2010,Fuel,TWh,0.0
Tunisia,2010,Fuel,TWh,0.0
Tunisia,2010,Fuel,TWh,0.0
Tunisia,2010,Fuel,TWh,0.14
Tunisia,2010,Total,TWh,15.89
Tunisia,2010,Electricity imports,TWh,0.02
Tunisia,2010,Aggregate fuel,mtCO2,0.0
Tunisia,2010,Aggregate fuel,mtCO2,9.13
Tunisia,2010,Aggregate fuel,mtCO2,9.13
Tunisia,2010,Aggregate fuel,mtCO2,0.0
Tunisia,2010,Aggregate fuel,mtCO2,0.0
Tunisia,2010,Aggregate fuel,mtCO2,0.0
Tunisia,2010,CO2 intensity,gCO2/kWh,574.58
Tunisia,2010,Fuel,mtCO2,0.0
Tunisia,2010,Fuel,mtCO2,0.0
Tunisia,2010,Fuel,mtCO2,9.13
Tunisia,2010,Fuel,mtCO2,0.0
Tunisia,2010,Fuel,mtCO2,0.0
Tunisia,2010,Fuel,mtCO2,0.0
Tunisia,2010,Fuel,mtCO2,0.0
Tunisia,2010,Fuel,mtCO2,0.0
Tunisia,2010,Fuel,mtCO2,0.0
Tunisia,2010,Total,mtCO2,9.13
Tunisia,2011,Aggregate fuel,GW,0.11
Tunisia,2011,Aggregate fuel,GW,3.34
Tunisia,2011,Aggregate fuel,GW,3.34
Tunisia,2011,Aggregate fuel,GW,0.06
Tunisia,2011,Aggregate fuel,GW,0.11
Tunisia,2011,Aggregate fuel,GW,0.05
Tunisia,2011,Fuel,GW,
Tunisia,2011,Fuel,GW,
Tunisia,2011,Fuel,GW,3.34
Tunisia,2011,Fuel,GW,0.06
Tunisia,2011,Fuel,GW,
Tunisia,2011,Fuel,GW,
Tunisia,2011,Fuel,GW,
Tunisia,2011,Fuel,GW,0.0
Tunisia,2011,Fuel,GW,0.05
Tunisia,2011,Demand,TWh,16.27
Tunisia,2011,Demand per capita,MWh,1.5
Tunisia,2011,Aggregate fuel,%,0.98
Tunisia,2011,Aggregate fuel,%,99.02
Tunisia,2011,Aggregate fuel,%,99.02
Tunisia,2011,Aggregate fuel,%,0.31
Tunisia,2011,Aggregate fuel,%,0.98
Tunisia,2011,Aggregate fuel,%,0.67
Tunisia,2011,Aggregate fuel,TWh,0.16
Tunisia,2011,Aggregate fuel,TWh,16.14
Tunisia,2011,Aggregate fuel,TWh,16.14
Tunisia,2011,Aggregate fuel,TWh,0.05
Tunisia,2011,Aggregate fuel,TWh,0.16
Tunisia,2011,Aggregate fuel,TWh,0.11
Tunisia,2011,Fuel,%,0.0
Tunisia,2011,Fuel,%,0.0
Tunisia,2011,Fuel,%,98.96
Tunisia,2011,Fuel,%,0.31
Tunisia,2011,Fuel,%,0.0
Tunisia,2011,Fuel,%,0.06
Tunisia,2011,Fuel,%,0.0
Tunisia,2011,Fuel,%,0.0
Tunisia,2011,Fuel,%,0.67
Tunisia,2011,Fuel,TWh,0.0
Tunisia,2011,Fuel,TWh,0.0
Tunisia,2011,Fuel,TWh,16.13
Tunisia,2011,Fuel,TWh,0.05
Tunisia,2011,Fuel,TWh,0.0
Tunisia,2011,Fuel,TWh,0.01
Tunisia,2011,Fuel,TWh,0.0
Tunisia,2011,Fuel,TWh,0.0
Tunisia,2011,Fuel,TWh,0.11
Tunisia,2011,Total,TWh,16.3
Tunisia,2011,Electricity imports,TWh,-0.03
Tunisia,2011,Aggregate fuel,mtCO2,0.0
Tunisia,2011,Aggregate fuel,mtCO2,9.39
Tunisia,2011,Aggregate fuel,mtCO2,9.39
Tunisia,2011,Aggregate fuel,mtCO2,0.0
Tunisia,2011,Aggregate fuel,mtCO2,0.0
Tunisia,2011,Aggregate fuel,mtCO2,0.0
Tunisia,2011,CO2 intensity,gCO2/kWh,576.07
Tunisia,2011,Fuel,mtCO2,0.0
Tunisia,2011,Fuel,mtCO2,0.0
Tunisia,2011,Fuel,mtCO2,9.38
Tunisia,2011,Fuel,mtCO2,0.0
Tunisia,2011,Fuel,mtCO2,0.0
Tunisia,2011,Fuel,mtCO2,0.01
Tunisia,2011,Fuel,mtCO2,0.0
Tunisia,2011,Fuel,mtCO2,0.0
Tunisia,2011,Fuel,mtCO2,0.0
Tunisia,2011,Total,mtCO2,9.39
Tunisia,2012,Aggregate fuel,GW,0.24
Tunisia,2012,Aggregate fuel,GW,3.34
Tunisia,2012,Aggregate fuel,GW,3.34
Tunisia,2012,Aggregate fuel,GW,0.06
Tunisia,2012,Aggregate fuel,GW,0.24
Tunisia,2012,Aggregate fuel,GW,0.18
Tunisia,2012,Fuel,GW,
Tunisia,2012,Fuel,GW,
Tunisia,2012,Fuel,GW,3.34
Tunisia,2012,Fuel,GW,0.06
Tunisia,2012,Fuel,GW,
Tunisia,2012,Fuel,GW,
Tunisia,2012,Fuel,GW,
Tunisia,2012,Fuel,GW,0.01
Tunisia,2012,Fuel,GW,0.17
Tunisia,2012,Demand,TWh,17.8
Tunisia,2012,Demand per capita,MWh,1.62
Tunisia,2012,Aggregate fuel,%,1.74
Tunisia,2012,Aggregate fuel,%,98.26
Tunisia,2012,Aggregate fuel,%,98.26
Tunisia,2012,Aggregate fuel,%,0.62
Tunisia,2012,Aggregate fuel,%,1.74
Tunisia,2012,Aggregate fuel,%,1.12
Tunisia,2012,Aggregate fuel,TWh,0.31
Tunisia,2012,Aggregate fuel,TWh,17.53
Tunisia,2012,Aggregate fuel,TWh,17.53
Tunisia,2012,Aggregate fuel,TWh,0.11
Tunisia,2012,Aggregate fuel,TWh,0.31
Tunisia,2012,Aggregate fuel,TWh,0.2
Tunisia,2012,Fuel,%,0.0
Tunisia,2012,Fuel,%,0.0
Tunisia,2012,Fuel,%,98.26
Tunisia,2012,Fuel,%,0.62
Tunisia,2012,Fuel,%,0.0
Tunisia,2012,Fuel,%,0.0
Tunisia,2012,Fuel,%,0.0
Tunisia,2012,Fuel,%,0.0
Tunisia,2012,Fuel,%,1.12
Tunisia,2012,Fuel,TWh,0.0
Tunisia,2012,Fuel,TWh,0.0
Tunisia,2012,Fuel,TWh,17.53
Tunisia,2012,Fuel,TWh,0.11
Tunisia,2012,Fuel,TWh,0.0
Tunisia,2012,Fuel,TWh,0.0
Tunisia,2012,Fuel,TWh,0.0
Tunisia,2012,Fuel,TWh,0.0
Tunisia,2012,Fuel,TWh,0.2
Tunisia,2012,Total,TWh,17.84
Tunisia,2012,Electricity imports,TWh,-0.04
Tunisia,2012,Aggregate fuel,mtCO2,0.0
Tunisia,2012,Aggregate fuel,mtCO2,10.19
Tunisia,2012,Aggregate fuel,mtCO2,10.19
Tunisia,2012,Aggregate fuel,mtCO2,0.0
Tunisia,2012,Aggregate fuel,mtCO2,0.0
Tunisia,2012,Aggregate fuel,mtCO2,0.0
Tunisia,2012,CO2 intensity,gCO2/kWh,571.19
Tunisia,2012,Fuel,mtCO2,0.0
Tunisia,2012,Fuel,mtCO2,0.0
Tunisia,2012,Fuel,mtCO2,10.19
Tunisia,2012,Fuel,mtCO2,0.0
Tunisia,2012,Fuel,mtCO2,0.0
Tunisia,2012,Fuel,mtCO2,0.0
Tunisia,2012,Fuel,mtCO2,0.0
Tunisia,2012,Fuel,mtCO2,0.0
Tunisia,2012,Fuel,mtCO2,0.0
Tunisia,2012,Total,mtCO2,10.19
Tunisia,2013,Aggregate fuel,GW,0.27
Tunisia,2013,Aggregate fuel,GW,3.6
Tunisia,2013,Aggregate fuel,GW,3.6
Tunisia,2013,Aggregate fuel,GW,0.06
Tunisia,2013,Aggregate fuel,GW,0.27
Tunisia,2013,Aggregate fuel,GW,0.21
Tunisia,2013,Fuel,GW,
Tunisia,2013,Fuel,GW,
Tunisia,2013,Fuel,GW,3.6
Tunisia,2013,Fuel,GW,0.06
Tunisia,2013,Fuel,GW,
Tunisia,2013,Fuel,GW,
Tunisia,2013,Fuel,GW,
Tunisia,2013,Fuel,GW,0.01
Tunisia,2013,Fuel,GW,0.2
Tunisia,2013,Demand,TWh,18.08
Tunisia,2013,Demand per capita,MWh,1.62
Tunisia,2013,Aggregate fuel,%,2.37
Tunisia,2013,Aggregate fuel,%,97.63
Tunisia,2013,Aggregate fuel,%,97.63
Tunisia,2013,Aggregate fuel,%,0.33
Tunisia,2013,Aggregate fuel,%,2.37
Tunisia,2013,Aggregate fuel,%,2.04
Tunisia,2013,Aggregate fuel,TWh,0.43
Tunisia,2013,Aggregate fuel,TWh,17.71
Tunisia,2013,Aggregate fuel,TWh,17.71
Tunisia,2013,Aggregate fuel,TWh,0.06
Tunisia,2013,Aggregate fuel,TWh,0.43
Tunisia,2013,Aggregate fuel,TWh,0.37
Tunisia,2013,Fuel,%,0.0
Tunisia,2013,Fuel,%,0.0
Tunisia,2013,Fuel,%,97.13
Tunisia,2013,Fuel,%,0.33
Tunisia,2013,Fuel,%,0.0
Tunisia,2013,Fuel,%,0.5
Tunisia,2013,Fuel,%,0.0
Tunisia,2013,Fuel,%,0.06
Tunisia,2013,Fuel,%,1.98
Tunisia,2013,Fuel,TWh,0.0
Tunisia,2013,Fuel,TWh,0.0
Tunisia,2013,Fuel,TWh,17.62
Tunisia,2013,Fuel,TWh,0.06
Tunisia,2013,Fuel,TWh,0.0
Tunisia,2013,Fuel,TWh,0.09
Tunisia,2013,Fuel,TWh,0.0
Tunisia,2013,Fuel,TWh,0.01
Tunisia,2013,Fuel,TWh,0.36
Tunisia,2013,Total,TWh,18.14
Tunisia,2013,Electricity imports,TWh,-0.06
Tunisia,2013,Aggregate fuel,mtCO2,0.0
Tunisia,2013,Aggregate fuel,mtCO2,10.31
Tunisia,2013,Aggregate fuel,mtCO2,10.31
Tunisia,2013,Aggregate fuel,mtCO2,0.0
Tunisia,2013,Aggregate fuel,mtCO2,0.0
Tunisia,2013,Aggregate fuel,mtCO2,0.0
Tunisia,2013,CO2 intensity,gCO2/kWh,568.36
Tunisia,2013,Fuel,mtCO2,0.0
Tunisia,2013,Fuel,mtCO2,0.0
Tunisia,2013,Fuel,mtCO2,10.25
Tunisia,2013,Fuel,mtCO2,0.0
Tunisia,2013,Fuel,mtCO2,0.0
Tunisia,2013,Fuel,mtCO2,0.06
Tunisia,2013,Fuel,mtCO2,0.0
Tunisia,2013,Fuel,mtCO2,0.0
Tunisia,2013,Fuel,mtCO2,0.0
Tunisia,2013,Total,mtCO2,10.31
Tunisia,2014,Aggregate fuel,GW,0.31
Tunisia,2014,Aggregate fuel,GW,4.02
Tunisia,2014,Aggregate fuel,GW,4.02
Tunisia,2014,Aggregate fuel,GW,0.06
Tunisia,2014,Aggregate fuel,GW,0.31
Tunisia,2014,Aggregate fuel,GW,0.25
Tunisia,2014,Fuel,GW,
Tunisia,2014,Fuel,GW,
Tunisia,2014,Fuel,GW,4.02
Tunisia,2014,Fuel,GW,0.06
Tunisia,2014,Fuel,GW,
Tunisia,2014,Fuel,GW,
Tunisia,2014,Fuel,GW,
Tunisia,2014,Fuel,GW,0.02
Tunisia,2014,Fuel,GW,0.23
Tunisia,2014,Demand,TWh,18.88
Tunisia,2014,Demand per capita,MWh,1.68
Tunisia,2014,Aggregate fuel,%,3.11
Tunisia,2014,Aggregate fuel,%,96.89
Tunisia,2014,Aggregate fuel,%,96.89
Tunisia,2014,Aggregate fuel,%,0.26
Tunisia,2014,Aggregate fuel,%,3.11
Tunisia,2014,Aggregate fuel,%,2.85
Tunisia,2014,Aggregate fuel,TWh,0.59
Tunisia,2014,Aggregate fuel,TWh,18.38
Tunisia,2014,Aggregate fuel,TWh,18.38
Tunisia,2014,Aggregate fuel,TWh,0.05
Tunisia,2014,Aggregate fuel,TWh,0.59
Tunisia,2014,Aggregate fuel,TWh,0.54
Tunisia,2014,Fuel,%,0.0
Tunisia,2014,Fuel,%,0.0
Tunisia,2014,Fuel,%,95.04
Tunisia,2014,Fuel,%,0.26
Tunisia,2014,Fuel,%,0.0
Tunisia,2014,Fuel,%,1.85
Tunisia,2014,Fuel,%,0.0
Tunisia,2014,Fuel,%,0.16
Tunisia,2014,Fuel,%,2.69
Tunisia,2014,Fuel,TWh,0.0
Tunisia,2014,Fuel,TWh,0.0
Tunisia,2014,Fuel,TWh,18.03
Tunisia,2014,Fuel,TWh,0.05
Tunisia,2014,Fuel,TWh,0.0
Tunisia,2014,Fuel,TWh,0.35
Tunisia,2014,Fuel,TWh,0.0
Tunisia,2014,Fuel,TWh,0.03
Tunisia,2014,Fuel,TWh,0.51
Tunisia,2014,Total,TWh,18.97
Tunisia,2014,Electricity imports,TWh,-0.09
Tunisia,2014,Aggregate fuel,mtCO2,0.0
Tunisia,2014,Aggregate fuel,mtCO2,10.71
Tunisia,2014,Aggregate fuel,mtCO2,10.71
Tunisia,2014,Aggregate fuel,mtCO2,0.0
Tunisia,2014,Aggregate fuel,mtCO2,0.0
Tunisia,2014,Aggregate fuel,mtCO2,0.0
Tunisia,2014,CO2 intensity,gCO2/kWh,564.58
Tunisia,2014,Fuel,mtCO2,0.0
Tunisia,2014,Fuel,mtCO2,0.0
Tunisia,2014,Fuel,mtCO2,10.48
Tunisia,2014,Fuel,mtCO2,0.0
Tunisia,2014,Fuel,mtCO2,0.0
Tunisia,2014,Fuel,mtCO2,0.23
Tunisia,2014,Fuel,mtCO2,0.0
Tunisia,2014,Fuel,mtCO2,0.0
Tunisia,2014,Fuel,mtCO2,0.0
Tunisia,2014,Total,mtCO2,10.71
Tunisia,2015,Aggregate fuel,GW,0.33
Tunisia,2015,Aggregate fuel,GW,4.45
Tunisia,2015,Aggregate fuel,GW,4.45
Tunisia,2015,Aggregate fuel,GW,0.06
Tunisia,2015,Aggregate fuel,GW,0.33
Tunisia,2015,Aggregate fuel,GW,0.27
Tunisia,2015,Fuel,GW,
Tunisia,2015,Fuel,GW,
Tunisia,2015,Fuel,GW,4.45
Tunisia,2015,Fuel,GW,0.06
Tunisia,2015,Fuel,GW,
Tunisia,2015,Fuel,GW,
Tunisia,2015,Fuel,GW,
Tunisia,2015,Fuel,GW,0.03
Tunisia,2015,Fuel,GW,0.24
Tunisia,2015,Demand,TWh,19.38
Tunisia,2015,Demand per capita,MWh,1.7
Tunisia,2015,Aggregate fuel,%,2.98
Tunisia,2015,Aggregate fuel,%,97.02
Tunisia,2015,Aggregate fuel,%,97.02
Tunisia,2015,Aggregate fuel,%,0.36
Tunisia,2015,Aggregate fuel,%,2.98
Tunisia,2015,Aggregate fuel,%,2.62
Tunisia,2015,Aggregate fuel,TWh,0.58
Tunisia,2015,Aggregate fuel,TWh,18.9
Tunisia,2015,Aggregate fuel,TWh,18.9
Tunisia,2015,Aggregate fuel,TWh,0.07
Tunisia,2015,Aggregate fuel,TWh,0.58
Tunisia,2015,Aggregate fuel,TWh,0.51
Tunisia,2015,Fuel,%,0.0
Tunisia,2015,Fuel,%,0.0
Tunisia,2015,Fuel,%,92.35
Tunisia,2015,Fuel,%,0.36
Tunisia,2015,Fuel,%,0.0
Tunisia,2015,Fuel,%,4.67
Tunisia,2015,Fuel,%,0.0
Tunisia,2015,Fuel,%,0.31
Tunisia,2015,Fuel,%,2.31
Tunisia,2015,Fuel,TWh,0.0
Tunisia,2015,Fuel,TWh,0.0
Tunisia,2015,Fuel,TWh,17.99
Tunisia,2015,Fuel,TWh,0.07
Tunisia,2015,Fuel,TWh,0.0
Tunisia,2015,Fuel,TWh,0.91
Tunisia,2015,Fuel,TWh,0.0
Tunisia,2015,Fuel,TWh,0.06
Tunisia,2015,Fuel,TWh,0.45
Tunisia,2015,Total,TWh,19.48
Tunisia,2015,Electricity imports,TWh,-0.1
Tunisia,2015,Aggregate fuel,mtCO2,0.0
Tunisia,2015,Aggregate fuel,mtCO2,11.06
Tunisia,2015,Aggregate fuel,mtCO2,11.06
Tunisia,2015,Aggregate fuel,mtCO2,0.0
Tunisia,2015,Aggregate fuel,mtCO2,0.0
Tunisia,2015,Aggregate fuel,mtCO2,0.0
Tunisia,2015,CO2 intensity,gCO2/kWh,567.76
Tunisia,2015,Fuel,mtCO2,0.0
Tunisia,2015,Fuel,mtCO2,0.0
Tunisia,2015,Fuel,mtCO2,10.46
Tunisia,2015,Fuel,mtCO2,0.0
Tunisia,2015,Fuel,mtCO2,0.0
Tunisia,2015,Fuel,mtCO2,0.6
Tunisia,2015,Fuel,mtCO2,0.0
Tunisia,2015,Fuel,mtCO2,0.0
Tunisia,2015,Fuel,mtCO2,0.0
Tunisia,2015,Total,mtCO2,11.06
Tunisia,2016,Aggregate fuel,GW,0.34
Tunisia,2016,Aggregate fuel,GW,4.7
Tunisia,2016,Aggregate fuel,GW,4.7
Tunisia,2016,Aggregate fuel,GW,0.06
Tunisia,2016,Aggregate fuel,GW,0.34
Tunisia,2016,Aggregate fuel,GW,0.28
Tunisia,2016,Fuel,GW,
Tunisia,2016,Fuel,GW,
Tunisia,2016,Fuel,GW,4.7
Tunisia,2016,Fuel,GW,0.06
Tunisia,2016,Fuel,GW,
Tunisia,2016,Fuel,GW,
Tunisia,2016,Fuel,GW,
Tunisia,2016,Fuel,GW,0.04
Tunisia,2016,Fuel,GW,0.24
Tunisia,2016,Demand,TWh,19.51
Tunisia,2016,Demand per capita,MWh,1.69
Tunisia,2016,Aggregate fuel,%,3.2
Tunisia,2016,Aggregate fuel,%,96.79
Tunisia,2016,Aggregate fuel,%,96.79
Tunisia,2016,Aggregate fuel,%,0.25
Tunisia,2016,Aggregate fuel,%,3.2
Tunisia,2016,Aggregate fuel,%,2.95
Tunisia,2016,Aggregate fuel,TWh,0.63
Tunisia,2016,Aggregate fuel,TWh,19.0
Tunisia,2016,Aggregate fuel,TWh,19.0
Tunisia,2016,Aggregate fuel,TWh,0.05
Tunisia,2016,Aggregate fuel,TWh,0.63
Tunisia,2016,Aggregate fuel,TWh,0.58
Tunisia,2016,Fuel,%,0.0
Tunisia,2016,Fuel,%,0.0
Tunisia,2016,Fuel,%,96.59
Tunisia,2016,Fuel,%,0.25
Tunisia,2016,Fuel,%,0.0
Tunisia,2016,Fuel,%,0.2
Tunisia,2016,Fuel,%,0.0
Tunisia,2016,Fuel,%,0.56
Tunisia,2016,Fuel,%,2.39
Tunisia,2016,Fuel,TWh,0.0
Tunisia,2016,Fuel,TWh,0.0
Tunisia,2016,Fuel,TWh,18.96
Tunisia,2016,Fuel,TWh,0.05
Tunisia,2016,Fuel,TWh,0.0
Tunisia,2016,Fuel,TWh,0.04
Tunisia,2016,Fuel,TWh,0.0
Tunisia,2016,Fuel,TWh,0.11
Tunisia,2016,Fuel,TWh,0.47
Tunisia,2016,Total,TWh,19.63
Tunisia,2016,Electricity imports,TWh,-0.12
Tunisia,2016,Aggregate fuel,mtCO2,0.01
Tunisia,2016,Aggregate fuel,mtCO2,11.05
Tunisia,2016,Aggregate fuel,mtCO2,11.05
Tunisia,2016,Aggregate fuel,mtCO2,0.0
Tunisia,2016,Aggregate fuel,mtCO2,0.01
Tunisia,2016,Aggregate fuel,mtCO2,0.01
Tunisia,2016,CO2 intensity,gCO2/kWh,563.42
Tunisia,2016,Fuel,mtCO2,0.0
Tunisia,2016,Fuel,mtCO2,0.0
Tunisia,2016,Fuel,mtCO2,11.02
Tunisia,2016,Fuel,mtCO2,0.0
Tunisia,2016,Fuel,mtCO2,0.0
Tunisia,2016,Fuel,mtCO2,0.03
Tunisia,2016,Fuel,mtCO2,0.0
Tunisia,2016,Fuel,mtCO2,0.01
Tunisia,2016,Fuel,mtCO2,0.0
Tunisia,2016,Total,mtCO2,11.06
Tunisia,2017,Aggregate fuel,GW,0.35
Tunisia,2017,Aggregate fuel,GW,4.7
Tunisia,2017,Aggregate fuel,GW,4.7
Tunisia,2017,Aggregate fuel,GW,0.06
Tunisia,2017,Aggregate fuel,GW,0.35
Tunisia,2017,Aggregate fuel,GW,0.29
Tunisia,2017,Fuel,GW,
Tunisia,2017,Fuel,GW,
Tunisia,2017,Fuel,GW,4.7
Tunisia,2017,Fuel,GW,0.06
Tunisia,2017,Fuel,GW,
Tunisia,2017,Fuel,GW,
Tunisia,2017,Fuel,GW,
Tunisia,2017,Fuel,GW,0.05
Tunisia,2017,Fuel,GW,0.24
Tunisia,2017,Demand,TWh,20.55
Tunisia,2017,Demand per capita,MWh,1.76
Tunisia,2017,Aggregate fuel,%,2.92
Tunisia,2017,Aggregate fuel,%,97.08
Tunisia,2017,Aggregate fuel,%,97.08
Tunisia,2017,Aggregate fuel,%,0.1
Tunisia,2017,Aggregate fuel,%,2.92
Tunisia,2017,Aggregate fuel,%,2.82
Tunisia,2017,Aggregate fuel,TWh,0.6
Tunisia,2017,Aggregate fuel,TWh,19.98
Tunisia,2017,Aggregate fuel,TWh,19.98
Tunisia,2017,Aggregate fuel,TWh,0.02
Tunisia,2017,Aggregate fuel,TWh,0.6
Tunisia,2017,Aggregate fuel,TWh,0.58
Tunisia,2017,Fuel,%,0.0
Tunisia,2017,Fuel,%,0.0
Tunisia,2017,Fuel,%,95.77
Tunisia,2017,Fuel,%,0.1
Tunisia,2017,Fuel,%,0.0
Tunisia,2017,Fuel,%,1.31
Tunisia,2017,Fuel,%,0.0
Tunisia,2017,Fuel,%,0.63
Tunisia,2017,Fuel,%,2.19
Tunisia,2017,Fuel,TWh,0.0
Tunisia,2017,Fuel,TWh,0.0
Tunisia,2017,Fuel,TWh,19.71
Tunisia,2017,Fuel,TWh,0.02
Tunisia,2017,Fuel,TWh,0.0
Tunisia,2017,Fuel,TWh,0.27
Tunisia,2017,Fuel,TWh,0.0
Tunisia,2017,Fuel,TWh,0.13
Tunisia,2017,Fuel,TWh,0.45
Tunisia,2017,Total,TWh,20.58
Tunisia,2017,Electricity imports,TWh,-0.03
Tunisia,2017,Aggregate fuel,mtCO2,0.01
Tunisia,2017,Aggregate fuel,mtCO2,11.64
Tunisia,2017,Aggregate fuel,mtCO2,11.64
Tunisia,2017,Aggregate fuel,mtCO2,0.0
Tunisia,2017,Aggregate fuel,mtCO2,0.01
Tunisia,2017,Aggregate fuel,mtCO2,0.01
Tunisia,2017,CO2 intensity,gCO2/kWh,566.08
Tunisia,2017,Fuel,mtCO2,0.0
Tunisia,2017,Fuel,mtCO2,0.0
Tunisia,2017,Fuel,mtCO2,11.46
Tunisia,2017,Fuel,mtCO2,0.0
Tunisia,2017,Fuel,mtCO2,0.0
Tunisia,2017,Fuel,mtCO2,0.18
Tunisia,2017,Fuel,mtCO2,0.0
Tunisia,2017,Fuel,mtCO2,0.01
Tunisia,2017,Fuel,mtCO2,0.0
Tunisia,2017,Total,mtCO2,11.65
Tunisia,2018,Aggregate fuel,GW,0.38
Tunisia,2018,Aggregate fuel,GW,4.7
Tunisia,2018,Aggregate fuel,GW,4.7
Tunisia,2018,Aggregate fuel,GW,0.07
Tunisia,2018,Aggregate fuel,GW,0.38
Tunisia,2018,Aggregate fuel,GW,0.31
Tunisia,2018,Fuel,GW,
Tunisia,2018,Fuel,GW,
Tunisia,2018,Fuel,GW,4.7
Tunisia,2018,Fuel,GW,0.07
Tunisia,2018,Fuel,GW,
Tunisia,2018,Fuel,GW,
Tunisia,2018,Fuel,GW,
Tunisia,2018,Fuel,GW,0.06
Tunisia,2018,Fuel,GW,0.25
Tunisia,2018,Demand,TWh,20.82
Tunisia,2018,Demand per capita,MWh,1.77
Tunisia,2018,Aggregate fuel,%,2.63
Tunisia,2018,Aggregate fuel,%,97.37
Tunisia,2018,Aggregate fuel,%,97.37
Tunisia,2018,Aggregate fuel,%,0.1
Tunisia,2018,Aggregate fuel,%,2.63
Tunisia,2018,Aggregate fuel,%,2.53
Tunisia,2018,Aggregate fuel,TWh,0.55
Tunisia,2018,Aggregate fuel,TWh,20.37
Tunisia,2018,Aggregate fuel,TWh,20.37
Tunisia,2018,Aggregate fuel,TWh,0.02
Tunisia,2018,Aggregate fuel,TWh,0.55
Tunisia,2018,Aggregate fuel,TWh,0.53
Tunisia,2018,Fuel,%,0.0
Tunisia,2018,Fuel,%,0.0
Tunisia,2018,Fuel,%,95.79
Tunisia,2018,Fuel,%,0.1
Tunisia,2018,Fuel,%,0.0
Tunisia,2018,Fuel,%,1.58
Tunisia,2018,Fuel,%,0.0
Tunisia,2018,Fuel,%,0.38
Tunisia,2018,Fuel,%,2.15
Tunisia,2018,Fuel,TWh,0.0
Tunisia,2018,Fuel,TWh,0.0
Tunisia,2018,Fuel,TWh,20.04
Tunisia,2018,Fuel,TWh,0.02
Tunisia,2018,Fuel,TWh,0.0
Tunisia,2018,Fuel,TWh,0.33
Tunisia,2018,Fuel,TWh,0.0
Tunisia,2018,Fuel,TWh,0.08
Tunisia,2018,Fuel,TWh,0.45
Tunisia,2018,Total,TWh,20.92
Tunisia,2018,Electricity imports,TWh,-0.1
Tunisia,2018,Aggregate fuel,mtCO2,0.0
Tunisia,2018,Aggregate fuel,mtCO2,11.87
Tunisia,2018,Aggregate fuel,mtCO2,11.87
Tunisia,2018,Aggregate fuel,mtCO2,0.0
Tunisia,2018,Aggregate fuel,mtCO2,0.0
Tunisia,2018,Aggregate fuel,mtCO2,0.0
Tunisia,2018,CO2 intensity,gCO2/kWh,567.4
Tunisia,2018,Fuel,mtCO2,0.0
Tunisia,2018,Fuel,mtCO2,0.0
Tunisia,2018,Fuel,mtCO2,11.65
Tunisia,2018,Fuel,mtCO2,0.0
Tunisia,2018,Fuel,mtCO2,0.0
Tunisia,2018,Fuel,mtCO2,0.22
Tunisia,2018,Fuel,mtCO2,0.0
Tunisia,2018,Fuel,mtCO2,0.0
Tunisia,2018,Fuel,mtCO2,0.0
Tunisia,2018,Total,mtCO2,11.87
Tunisia,2019,Aggregate fuel,GW,0.4
Tunisia,2019,Aggregate fuel,GW,4.7
Tunisia,2019,Aggregate fuel,GW,4.7
Tunisia,2019,Aggregate fuel,GW,0.07
Tunisia,2019,Aggregate fuel,GW,0.4
Tunisia,2019,Aggregate fuel,GW,0.33
Tunisia,2019,Fuel,GW,
Tunisia,2019,Fuel,GW,
Tunisia,2019,Fuel,GW,4.7
Tunisia,2019,Fuel,GW,0.07
Tunisia,2019,Fuel,GW,
Tunisia,2019,Fuel,GW,
Tunisia,2019,Fuel,GW,
Tunisia,2019,Fuel,GW,0.08
Tunisia,2019,Fuel,GW,0.25
Tunisia,2019,Demand,TWh,21.86
Tunisia,2019,Demand per capita,MWh,1.84
Tunisia,2019,Aggregate fuel,%,3.13
Tunisia,2019,Aggregate fuel,%,96.86
Tunisia,2019,Aggregate fuel,%,96.86
Tunisia,2019,Aggregate fuel,%,0.32
Tunisia,2019,Aggregate fuel,%,3.13
Tunisia,2019,Aggregate fuel,%,2.81
Tunisia,2019,Aggregate fuel,TWh,0.69
Tunisia,2019,Aggregate fuel,TWh,21.33
Tunisia,2019,Aggregate fuel,TWh,21.33
Tunisia,2019,Aggregate fuel,TWh,0.07
Tunisia,2019,Aggregate fuel,TWh,0.69
Tunisia,2019,Aggregate fuel,TWh,0.62
Tunisia,2019,Fuel,%,0.0
Tunisia,2019,Fuel,%,0.0
Tunisia,2019,Fuel,%,95.41
Tunisia,2019,Fuel,%,0.32
Tunisia,2019,Fuel,%,0.0
Tunisia,2019,Fuel,%,1.45
Tunisia,2019,Fuel,%,0.0
Tunisia,2019,Fuel,%,0.54
Tunisia,2019,Fuel,%,2.27
Tunisia,2019,Fuel,TWh,0.0
Tunisia,2019,Fuel,TWh,0.0
Tunisia,2019,Fuel,TWh,21.01
Tunisia,2019,Fuel,TWh,0.07
Tunisia,2019,Fuel,TWh,0.0
Tunisia,2019,Fuel,TWh,0.32
Tunisia,2019,Fuel,TWh,0.0
Tunisia,2019,Fuel,TWh,0.12
Tunisia,2019,Fuel,TWh,0.5
Tunisia,2019,Total,TWh,22.02
Tunisia,2019,Electricity imports,TWh,-0.16
Tunisia,2019,Aggregate fuel,mtCO2,0.01
Tunisia,2019,Aggregate fuel,mtCO2,12.43
Tunisia,2019,Aggregate fuel,mtCO2,12.43
Tunisia,2019,Aggregate fuel,mtCO2,0.0
Tunisia,2019,Aggregate fuel,mtCO2,0.01
Tunisia,2019,Aggregate fuel,mtCO2,0.01
Tunisia,2019,CO2 intensity,gCO2/kWh,564.94
Tunisia,2019,Fuel,mtCO2,0.0
Tunisia,2019,Fuel,mtCO2,0.0
Tunisia,2019,Fuel,mtCO2,12.22
Tunisia,2019,Fuel,mtCO2,0.0
Tunisia,2019,Fuel,mtCO2,0.0
Tunisia,2019,Fuel,mtCO2,0.21
Tunisia,2019,Fuel,mtCO2,0.0
Tunisia,2019,Fuel,mtCO2,0.01
Tunisia,2019,Fuel,mtCO2,0.0
Tunisia,2019,Total,mtCO2,12.44
Tunisia,2020,Aggregate fuel,GW,0.41
Tunisia,2020,Aggregate fuel,GW,4.7
Tunisia,2020,Aggregate fuel,GW,4.7
Tunisia,2020,Aggregate fuel,GW,0.07
Tunisia,2020,Aggregate fuel,GW,0.41
Tunisia,2020,Aggregate fuel,GW,0.34
Tunisia,2020,Fuel,GW,
Tunisia,2020,Fuel,GW,
Tunisia,2020,Fuel,GW,4.7
Tunisia,2020,Fuel,GW,0.07
Tunisia,2020,Fuel,GW,
Tunisia,2020,Fuel,GW,
Tunisia,2020,Fuel,GW,
Tunisia,2020,Fuel,GW,0.09
Tunisia,2020,Fuel,GW,0.25
Tunisia,2020,Demand,TWh,20.78
Tunisia,2020,Demand per capita,MWh,1.74
Tunisia,2020,Aggregate fuel,%,3.13
Tunisia,2020,Aggregate fuel,%,96.86
Tunisia,2020,Aggregate fuel,%,96.86
Tunisia,2020,Aggregate fuel,%,0.23
Tunisia,2020,Aggregate fuel,%,3.13
Tunisia,2020,Aggregate fuel,%,2.9
Tunisia,2020,Aggregate fuel,TWh,0.67
Tunisia,2020,Aggregate fuel,TWh,20.71
Tunisia,2020,Aggregate fuel,TWh,20.71
Tunisia,2020,Aggregate fuel,TWh,0.05
Tunisia,2020,Aggregate fuel,TWh,0.67
Tunisia,2020,Aggregate fuel,TWh,0.62
Tunisia,2020,Fuel,%,0.0
Tunisia,2020,Fuel,%,0.0
Tunisia,2020,Fuel,%,95.74
Tunisia,2020,Fuel,%,0.23
Tunisia,2020,Fuel,%,0.0
Tunisia,2020,Fuel,%,1.12
Tunisia,2020,Fuel,%,0.0
Tunisia,2020,Fuel,%,0.7
Tunisia,2020,Fuel,%,2.2
Tunisia,2020,Fuel,TWh,0.0
Tunisia,2020,Fuel,TWh,0.0
Tunisia,2020,Fuel,TWh,20.47
Tunisia,2020,Fuel,TWh,0.05
Tunisia,2020,Fuel,TWh,0.0
Tunisia,2020,Fuel,TWh,0.24
Tunisia,2020,Fuel,TWh,0.0
Tunisia,2020,Fuel,TWh,0.15
Tunisia,2020,Fuel,TWh,0.47
Tunisia,2020,Total,TWh,21.38
Tunisia,2020,Electricity imports,TWh,-0.6
Tunisia,2020,Aggregate fuel,mtCO2,0.01
Tunisia,2020,Aggregate fuel,mtCO2,12.06
Tunisia,2020,Aggregate fuel,mtCO2,12.06
Tunisia,2020,Aggregate fuel,mtCO2,0.0
Tunisia,2020,Aggregate fuel,mtCO2,0.01
Tunisia,2020,Aggregate fuel,mtCO2,0.01
Tunisia,2020,CO2 intensity,gCO2/kWh,564.55
Tunisia,2020,Fuel,mtCO2,0.0
Tunisia,2020,Fuel,mtCO2,0.0
Tunisia,2020,Fuel,mtCO2,11.9
Tunisia,2020,Fuel,mtCO2,0.0
Tunisia,2020,Fuel,mtCO2,0.0
Tunisia,2020,Fuel,mtCO2,0.16
Tunisia,2020,Fuel,mtCO2,0.0
Tunisia,2020,Fuel,mtCO2,0.01
Tunisia,2020,Fuel,mtCO2,0.0
Tunisia,2020,Total,mtCO2,12.07
Tunisia,2021,Aggregate fuel,GW,0.41
Tunisia,2021,Aggregate fuel,GW,5.32
Tunisia,2021,Aggregate fuel,GW,5.32
Tunisia,2021,Aggregate fuel,GW,0.07
Tunisia,2021,Aggregate fuel,GW,0.41
Tunisia,2021,Aggregate fuel,GW,0.34
Tunisia,2021,Fuel,GW,
Tunisia,2021,Fuel,GW,
Tunisia,2021,Fuel,GW,5.32
Tunisia,2021,Fuel,GW,0.07
Tunisia,2021,Fuel,GW,
Tunisia,2021,Fuel,GW,
Tunisia,2021,Fuel,GW,
Tunisia,2021,Fuel,GW,0.09
Tunisia,2021,Fuel,GW,0.25
Tunisia,2021,Demand,TWh,22.93
Tunisia,2021,Demand per capita,MWh,1.9
Tunisia,2021,Aggregate fuel,%,3.1
Tunisia,2021,Aggregate fuel,%,96.89
Tunisia,2021,Aggregate fuel,%,96.89
Tunisia,2021,Aggregate fuel,%,0.14
Tunisia,2021,Aggregate fuel,%,3.1
Tunisia,2021,Aggregate fuel,%,2.96
Tunisia,2021,Aggregate fuel,TWh,0.68
Tunisia,2021,Aggregate fuel,TWh,21.22
Tunisia,2021,Aggregate fuel,TWh,21.22
Tunisia,2021,Aggregate fuel,TWh,0.03
Tunisia,2021,Aggregate fuel,TWh,0.68
Tunisia,2021,Aggregate fuel,TWh,0.65
Tunisia,2021,Fuel,%,0.0
Tunisia,2021,Fuel,%,0.0
Tunisia,2021,Fuel,%,95.75
Tunisia,2021,Fuel,%,0.14
Tunisia,2021,Fuel,%,0.0
Tunisia,2021,Fuel,%,1.14
Tunisia,2021,Fuel,%,0.0
Tunisia,2021,Fuel,%,1.0
Tunisia,2021,Fuel,%,1.96
Tunisia,2021,Fuel,TWh,0.0
Tunisia,2021,Fuel,TWh,0.0
Tunisia,2021,Fuel,TWh,20.97
Tunisia,2021,Fuel,TWh,0.03
Tunisia,2021,Fuel,TWh,0.0
Tunisia,2021,Fuel,TWh,0.25
Tunisia,2021,Fuel,TWh,0.0
Tunisia,2021,Fuel,TWh,0.22
Tunisia,2021,Fuel,TWh,0.43
Tunisia,2021,Total,TWh,21.9
Tunisia,2021,Electricity imports,TWh,1.03
Tunisia,2021,Aggregate fuel,mtCO2,0.01
Tunisia,2021,Aggregate fuel,mtCO2,12.35
Tunisia,2021,Aggregate fuel,mtCO2,12.35
Tunisia,2021,Aggregate fuel,mtCO2,0.0
Tunisia,2021,Aggregate fuel,mtCO2,0.01
Tunisia,2021,Aggregate fuel,mtCO2,0.01
Tunisia,2021,CO2 intensity,gCO2/kWh,564.38
Tunisia,2021,Fuel,mtCO2,0.0
Tunisia,2021,Fuel,mtCO2,0.0
Tunisia,2021,Fuel,mtCO2,12.19
Tunisia,2021,Fuel,mtCO2,0.0
Tunisia,2021,Fuel,mtCO2,0.0
Tunisia,2021,Fuel,mtCO2,0.16
Tunisia,2021,Fuel,mtCO2,0.0
Tunisia,2021,Fuel,mtCO2,0.01
Tunisia,2021,Fuel,mtCO2,0.0
Tunisia,2021,Total,mtCO2,12.36
Tunisia,2022,Aggregate fuel,GW,0.52
Tunisia,2022,Aggregate fuel,GW,5.77
Tunisia,2022,Aggregate fuel,GW,5.77
Tunisia,2022,Aggregate fuel,GW,0.07
Tunisia,2022,Aggregate fuel,GW,0.52
Tunisia,2022,Aggregate fuel,GW,0.45
Tunisia,2022,Fuel,GW,
Tunisia,2022,Fuel,GW,
Tunisia,2022,Fuel,GW,5.77
Tunisia,2022,Fuel,GW,0.07
Tunisia,2022,Fuel,GW,
Tunisia,2022,Fuel,GW,
Tunisia,2022,Fuel,GW,
Tunisia,2022,Fuel,GW,0.2
Tunisia,2022,Fuel,GW,0.25
Tunisia,2022,Demand,TWh,23.98
Tunisia,2022,Demand per capita,MWh,1.98
Tunisia,2022,Aggregate fuel,%,3.03
Tunisia,2022,Aggregate fuel,%,96.96
Tunisia,2022,Aggregate fuel,%,96.96
Tunisia,2022,Aggregate fuel,%,0.05
Tunisia,2022,Aggregate fuel,%,3.03
Tunisia,2022,Aggregate fuel,%,2.98
Tunisia,2022,Aggregate fuel,TWh,0.65
Tunisia,2022,Aggregate fuel,TWh,20.76
Tunisia,2022,Aggregate fuel,TWh,20.76
Tunisia,2022,Aggregate fuel,TWh,0.01
Tunisia,2022,Aggregate fuel,TWh,0.65
Tunisia,2022,Aggregate fuel,TWh,0.64
Tunisia,2022,Fuel,%,0.0
Tunisia,2022,Fuel,%,0.0
Tunisia,2022,Fuel,%,95.84
Tunisia,2022,Fuel,%,0.05
Tunisia,2022,Fuel,%,0.0
Tunisia,2022,Fuel,%,1.12
Tunisia,2022,Fuel,%,0.0
Tunisia,2022,Fuel,%,1.49
Tunisia,2022,Fuel,%,1.49
Tunisia,2022,Fuel,TWh,0.0
Tunisia,2022,Fuel,TWh,0.0
Tunisia,2022,Fuel,TWh,20.52
Tunisia,2022,Fuel,TWh,0.01
Tunisia,2022,Fuel,TWh,0.0
Tunisia,2022,Fuel,TWh,0.24
Tunisia,2022,Fuel,TWh,0.0
Tunisia,2022,Fuel,TWh,0.32
Tunisia,2022,Fuel,TWh,0.32
Tunisia,2022,Total,TWh,21.41
Tunisia,2022,Electricity imports,TWh,2.57
Tunisia,2022,Aggregate fuel,mtCO2,0.02
Tunisia,2022,Aggregate fuel,mtCO2,12.09
Tunisia,2022,Aggregate fuel,mtCO2,12.09
Tunisia,2022,Aggregate fuel,mtCO2,0.0
Tunisia,2022,Aggregate fuel,mtCO2,0.02
Tunisia,2022,Aggregate fuel,mtCO2,0.02
Tunisia,2022,CO2 intensity,gCO2/kWh,565.62
Tunisia,2022,Fuel,mtCO2,0.0
Tunisia,2022,Fuel,mtCO2,0.0
Tunisia,2022,Fuel,mtCO2,11.93
Tunisia,2022,Fuel,mtCO2,0.0
Tunisia,2022,Fuel,mtCO2,0.0
Tunisia,2022,Fuel,mtCO2,0.16
Tunisia,2022,Fuel,mtCO2,0.0
Tunisia,2022,Fuel,mtCO2,0.02
Tunisia,2022,Fuel,mtCO2,0.0
Tunisia,2022,Total,mtCO2,12.11
Tunisia,2023,Aggregate fuel,GW,0.83
Tunisia,2023,Aggregate fuel,GW,5.77
Tunisia,2023,Aggregate fuel,GW,5.77
Tunisia,2023,Aggregate fuel,GW,0.07
Tunisia,2023,Aggregate fuel,GW,0.83
Tunisia,2023,Aggregate fuel,GW,0.76
Tunisia,2023,Fuel,GW,
Tunisia,2023,Fuel,GW,
Tunisia,2023,Fuel,GW,5.77
Tunisia,2023,Fuel,GW,0.07
Tunisia,2023,Fuel,GW,
Tunisia,2023,Fuel,GW,
Tunisia,2023,Fuel,GW,
Tunisia,2023,Fuel,GW,0.51
Tunisia,2023,Fuel,GW,0.25
Tunisia,2023,Demand,TWh,23.79
Tunisia,2023,Demand per capita,MWh,1.95
Tunisia,2023,Aggregate fuel,%,3.95
Tunisia,2023,Aggregate fuel,%,96.06
Tunisia,2023,Aggregate fuel,%,96.06
Tunisia,2023,Aggregate fuel,%,0.05
Tunisia,2023,Aggregate fuel,%,3.95
Tunisia,2023,Aggregate fuel,%,3.9
Tunisia,2023,Aggregate fuel,TWh,0.84
Tunisia,2023,Aggregate fuel,TWh,20.45
Tunisia,2023,Aggregate fuel,TWh,20.45
Tunisia,2023,Aggregate fuel,TWh,0.01
Tunisia,2023,Aggregate fuel,TWh,0.84
Tunisia,2023,Aggregate fuel,TWh,0.83
Tunisia,2023,Fuel,%,0.0
Tunisia,2023,Fuel,%,0.0
Tunisia,2023,Fuel,%,95.07
Tunisia,2023,Fuel,%,0.05
Tunisia,2023,Fuel,%,0.0
Tunisia,2023,Fuel,%,0.99
Tunisia,2023,Fuel,%,0.0
Tunisia,2023,Fuel,%,2.3
Tunisia,2023,Fuel,%,1.6
Tunisia,2023,Fuel,TWh,0.0
Tunisia,2023,Fuel,TWh,0.0
Tunisia,2023,Fuel,TWh,20.24
Tunisia,2023,Fuel,TWh,0.01
Tunisia,2023,Fuel,TWh,0.0
Tunisia,2023,Fuel,TWh,0.21
Tunisia,2023,Fuel,TWh,0.0
Tunisia,2023,Fuel,TWh,0.49
Tunisia,2023,Fuel,TWh,0.34
Tunisia,2023,Total,TWh,21.29
Tunisia,2023,Electricity imports,TWh,2.5
Tunisia,2023,Aggregate fuel,mtCO2,0.02
Tunisia,2023,Aggregate fuel,mtCO2,11.91
Tunisia,2023,Aggregate fuel,mtCO2,11.91
Tunisia,2023,Aggregate fuel,mtCO2,0.0
Tunisia,2023,Aggregate fuel,mtCO2,0.02
Tunisia,2023,Aggregate fuel,mtCO2,0.02
Tunisia,2023,CO2 intensity,gCO2/kWh,560.36
Tunisia,2023,Fuel,mtCO2,0.0
Tunisia,2023,Fuel,mtCO2,0.0
Tunisia,2023,Fuel,mtCO2,11.77
Tunisia,2023,Fuel,mtCO2,0.0
Tunisia,2023,Fuel,mtCO2,0.0
Tunisia,2023,Fuel,mtCO2,0.14
Tunisia,2023,Fuel,mtCO2,0.0
Tunisia,2023,Fuel,mtCO2,0.02
Tunisia,2023,Fuel,mtCO2,0.0
Tunisia,2023,Total,mtCO2,11.93
Tunisia,2024,Aggregate fuel,GW,1.09
Tunisia,2024,Aggregate fuel,GW,5.77
Tunisia,2024,Aggregate fuel,GW,5.77
Tunisia,2024,Aggregate fuel,GW,0.07
Tunisia,2024,Aggregate fuel,GW,1.09
Tunisia,2024,Aggregate fuel,GW,1.02
Tunisia,2024,Fuel,GW,
Tunisia,2024,Fuel,GW,
Tunisia,2024,Fuel,GW,5.77
Tunisia,2024,Fuel,GW,0.07
Tunisia,2024,Fuel,GW,
Tunisia,2024,Fuel,GW,
Tunisia,2024,Fuel,GW,
Tunisia,2024,Fuel,GW,0.77
Tunisia,2024,Fuel,GW,0.25
Tunisia,2024,Demand,TWh,23.33
Tunisia,2024,Demand per capita,MWh,1.9
Tunisia,2024,Aggregate fuel,%,3.98
Tunisia,2024,Aggregate fuel,%,96.02
Tunisia,2024,Aggregate fuel,%,96.02
Tunisia,2024,Aggregate fuel,%,0.05
Tunisia,2024,Aggregate fuel,%,3.98
Tunisia,2024,Aggregate fuel,%,3.93
Tunisia,2024,Aggregate fuel,TWh,0.83
Tunisia,2024,Aggregate fuel,TWh,20.0
Tunisia,2024,Aggregate fuel,TWh,20.0
Tunisia,2024,Aggregate fuel,TWh,0.01
Tunisia,2024,Aggregate fuel,TWh,0.83
Tunisia,2024,Aggregate fuel,TWh,0.82
Tunisia,2024,Fuel,%,0.0
Tunisia,2024,Fuel,%,0.0
Tunisia,2024,Fuel,%,95.01
Tunisia,2024,Fuel,%,0.05
Tunisia,2024,Fuel,%,0.0
Tunisia,2024,Fuel,%,1.01
Tunisia,2024,Fuel,%,0.0
Tunisia,2024,Fuel,%,2.35
Tunisia,2024,Fuel,%,1.58
Tunisia,2024,Fuel,TWh,0.0
Tunisia,2024,Fuel,TWh,0.0
Tunisia,2024,Fuel,TWh,19.79
Tunisia,2024,Fuel,TWh,0.01
Tunisia,2024,Fuel,TWh,0.0
Tunisia,2024,Fuel,TWh,0.21
Tunisia,2024,Fuel,TWh,0.0
Tunisia,2024,Fuel,TWh,0.49
Tunisia,2024,Fuel,TWh,0.33
Tunisia,2024,Total,TWh,20.83
Tunisia,2024,Electricity imports,TWh,2.5
Tunisia,2024,Aggregate fuel,mtCO2,0.02
Tunisia,2024,Aggregate fuel,mtCO2,11.65
Tunisia,2024,Aggregate fuel,mtCO2,11.65
Tunisia,2024,Aggregate fuel,mtCO2,0.0
Tunisia,2024,Aggregate fuel,mtCO2,0.02
Tunisia,2024,Aggregate fuel,mtCO2,0.02
Tunisia,2024,CO2 intensity,gCO2/kWh,560.25
Tunisia,2024,Fuel,mtCO2,0.0
Tunisia,2024,Fuel,mtCO2,0.0
Tunisia,2024,Fuel,mtCO2,11.51
Tunisia,2024,Fuel,mtCO2,0.0
Tunisia,2024,Fuel,mtCO2,0.0
Tunisia,2024,Fuel,mtCO2,0.14
Tunisia,2024,Fuel,mtCO2,0.0
Tunisia,2024,Fuel,mtCO2,0.02
Tunisia,2024,Fuel,mtCO2,0.0
Tunisia,2024,Total,mtCO2,11.67
